{
  "type": "FeatureCollection",
  "features": [
    {
      "type": "Feature",
      "properties": {
        "id": "1",
        "title": "Ar-Raheeq Al-Makhtum(THE SEALED NECTAR)",
        "year": 610,
        "category": "biography",
        "description": "Jamia Salafia - India Translated by Issam Diab Maktaba Dar-us-Salam Publishers and Distributors Saudi Arabia\u00a7 UK \u00a7 USA \u00a7 Pakistan Publisher Note Author\u2019s Note Certificate Location and nature of Arab Tribes ___________________________________ 8 Rulership and Princeship among the Arabs_____________________________14 The Reasons of this war have been illustrated in three versions Religions of the Arabs _____________________________________________22 Aspects of Pre-Islamic Arabian Society _______________________________28 The Lineage and Family of Muhammad [pbuh] _________________________32"
      },
      "geometry": {
        "type": "Point",
        "coordinates": [
          39.8256,
          21.4266
        ]
      }
    },
    {
      "type": "Feature",
      "properties": {
        "id": "2",
        "title": "The Lineage and Family of Muhammad",
        "year": 571,
        "category": "biography",
        "description": "The Lineage and Family of Muhammad [pbuh] With respect to the lineage of Prophet Muhammad [pbuh], there are three versions: The first was authenticated by biographers and genealogists and states that Muhammad\u2019s genealogy has been traced to \u2018Adnan. The second is subject to controversies and doubt, and traces his lineage beyond \u2018Adnan back to Abraham. The third version, with some parts definitely incorrect, traces his lineage beyond Abraham back to Adam [AWS]. After this rapid review, now ample details are believed to be necessary. The first part: Muhammad bin \u2018Abdullah bin \u2018Abdul-Muttalib (who was called Shaiba) bin Hashim, (named \u2018Amr) bin \u2018Abd Munaf (called Al-Mugheera) bin Qusai (also called Zaid) bin Kilab bin Murra bin Ka\u2018b bin Lo\u2019i bin Ghalib bin Fahr (who was called Quraish and whose tribe was called after him) bin Malik bin An-Nadr (so called Qais) bin Kinana bin Khuzaiman bin Mudrikah (who was called \u2018Amir) bin Elias bin Mudar bin Nizar bin Ma\u2018ad bin \u2018Adnan. [Ibn Hisham 1/1,2; Talqeeh Fuhoom Ahl Al-Athar, p. 5-6; Rahmat-ul-lil'alameen 2/11-14,52] The second part: \u2018Adnan bin Add bin Humaisi\u2018 bin Salaman bin Aws bin Buz bin Qamwal bin Obai bin \u2018Awwam bin Nashid bin Haza bin Bildas bin Yadlaf bin Tabikh bin Jahim bin Nahish bin Makhi bin Aid bin \u2018Abqar bin \u2018Ubaid bin Ad-Da\u2018a bin Hamdan bin Sanbir bin Yathrabi bin Yahzin bin Yalhan bin Ar\u2018awi bin Aid bin Deshan bin Aisar bin Afnad bin Aiham bin Muksar bin Nahith bin Zarih bin Sami bin Mazzi bin \u2018Awda bin Aram bin Qaidar bin Ishmael son of Abraham [AWS]. [Rahmat-ul-lil'alameen 2/14-17] The third part: beyond Abraham [AWS] , Ibn Tarih (Azar) bin Nahur bin Saru\u2018 bin Ra\u2018u bin Falikh bin Abir bin Shalikh bin Arfakhshad bin Sam bin Noah [AWS] , bin Lamik bin Mutwashlack bin Akhnukh [who was said to be Prophet Idris (Enoch) [AWS]] bin Yarid bin Mahla\u2019il bin Qainan bin Anusha bin Shith bin Adam [AWS]. [Ibn Hisham 1/2-4; Rahmat-ul-lil'alameen 2/18; Khulasat As-Siyar p.6] The family of Prophet Muhammad [pbuh] is called the Hashimite family after his grandfather Hashim bin \u2018Abd Munaf. Let us now speak a little about Hashim and his descendants: 1. Hashim: As we have previously mentioned, he was the one responsible for giving food and water to the pilgrims. This had been his charge when the sons of \u2018Abd Munaf and those of \u2018Abd Ad-Dar compromised on dividing the charges between them. Hashim was wealthy and honest. He was the first to offer the pilgrims sopped bread in broth. His first name was \u2018Amr but he was called Hashim because he had been in the practice of crumbling bread (for the pilgrims). He was also the first man who started Quraish\u2019s two journeys of summer and winter. It was reported that he went to Syria as a merchant. In Madinah, he married Salma \u2014 the daughter of \u2018Amr from Bani \u2018Adi bin AnNajjar. He spent some time with her in Madinah then he left for Syria again while she was pregnant. He died in Ghazza in Palestine in 497 A.D. Later, his wife gave birth to \u2018Abdul-Muttalib and named him Shaiba for the white hair in his head,[Ibn Hisham 1/137; Rahmat-ul-lil'alameen 1/26,2/24] and brought him up in her father\u2019s house in Madinah. None of his family in Makkah learned of his birth. Hashim had four sons; Asad, Abu Saifi, Nadla and \u2018AbdulMuttalib, and five daughters Ash-Shifa, Khalida, Da\u2018ifa, Ruqyah and Jannah.[Ibn Hisham 1/107] 2. \u2018Abdul-Muttalib: We have already known that after the death of Hashim, the charge of pilgrims\u2019 food and water went to his brother Al-Muttalib bin \u2018Abd Munaf (who was honest, generous and trustworthy). When \u2018Abdul-Muttalib reached the age of boyhood, his uncle Al-Muttalib heard of him and went to Madinah to fetch him. When he saw him, tears filled his eyes and rolled down his cheeks, he embraced him and took him on his camel. The boy, however abstained from going with him to Makkah until he took his mother\u2019s consent. Al-Muttalib asked her to send the boy with him to Makkah, but she refused. He managed to convince her saying: \"Your son is going to Makkah to restore his father\u2019s authority, and to live in the vicinity of the Sacred House.\" There in Makkah, people wondered at seeing Abdul-Muttalib, and they considered him the slave of Muttalib. Al-Muttalib said: \"He is my nephew, the son of my brother Hashim.\" The boy was brought up in Al-Muttalib\u2019s house, but later on Al-Muttalib died in Bardman in Yemen so \u2018Abdul-Muttalib took over and managed to maintain his people\u2019s prestige and outdo his grandfathers in his honourable behaviour which gained him Makkah\u2019s deep love and high esteem. [Ibn Hisham 1/137,138] When Al-Muttalib died, Nawfal usurped \u2018Abdul-Muttalib of his charges, so the latter asked for help from Quraish but they abstained from extending any sort of support to either of them. Consequently, he wrote to his uncles of Bani AnNajjar (his mother\u2019s brothers) to come to his aid. His uncle, Abu Sa\u2018d bin \u2018Adi (his mother\u2019s brother) marched to Makkah at the head of eighty horsemen and camped in Abtah in Makkah. \u2018Abdul-Muttalib received the men and invited them to go to his house but Abu Sa\u2018d said: \"Not before I meet Nawfal.\" He found Nawfal sitting with some old men of Quraish in the shade of Al-Ka\u2018bah. Abu Sa\u2018d drew his sword and said: \"I swear by Allah that if you don\u2019t restore to my nephew what you have taken, I will kill you with this sword.\" Nawfal was thus forced to give up what he had usurped, and the notables of Quraish were made to witness to his words. Abu Sa\u2018d then went to \u2018Abdul-Muttalib\u2019s house where he stayed for three nights, made \u2018Umra and left back for Madinah. Later on, Nawfal entered into alliance with Bani \u2018Abd Shams bin \u2018Abd Munaf against Bani Hashim. When Khuza\u2018a, a tribe, saw Bani An-Najjar\u2019s support to \u2018Abdul-Muttalib they said: \"He is our son as he is yours. We have more reasons to support him than you.\" \u2018Abd Munaf\u2019s mother was one of them. They went into An-Nadwa House and entered into alliance with Bani Hashim against Bani \u2018Abd Shams and Nawfal. It was an alliance that was later to constitute the main reason for the conquest of Makkah. \u2018Abdul-Muttalib witnessed two important events in his lifetime, namely digging Zamzam well and the Elephant raid. [Mukhtasar Seerat Ar-Rasool, p.41,42; Ibn Hisham 1/142-147] In brief, \u2018Abdul-Muttalib received an order in his dream to dig Zamzam well in a particular place. He did that and found the things that Jurhum men had buried therein when they were forced to evacuate Makkah. He found the swords, armours and the two deer of gold. The gate of Al-Ka\u2018bah was stamped from the gold swords and the two deer and then the tradition of providing Zamzam water to pilgrims was established. When the well of Zamzam gushed water forth, Quraish made a claim to partnership in the enterprise, but \u2018Abdul-Muttalib refused their demands on grounds that Allah had singled only him out for this honourable job. To settle the dispute, they agreed to consult Bani Sa\u2018d\u2019s diviner. On their way, Allah showed them His Signs that confirmed \u2018Abdul-Muttalib\u2019s prerogative as regards the sacred spring. Only then did \u2018Abdul-Muttalib make a solemn vow to sacrifice one of his adult children to Al-Ka\u2018bah if he had ten. The second event was that of Abraha As-Sabah Al-Habashi, the Abyssinian (Ethiopian) viceroy in Yemen. He had seen that the Arabs made their pilgrimage to Al-Ka\u2018bah so he built a large church in San\u2018a in order to attract the Arab pilgrims to it to the exclusion of Makkah. A man from Kinana tribe understood this move, therefore he entered the church stealthily at night and besmeared its front wall with excrement. When Abraha knew of that, he got very angry and led a great army \u2013 of sixty thousand warriors \u2013 to demolish Al-Ka\u2018bah. He chose the biggest elephant for himself. His army included nine or thirteen elephants. He continued marching until he reached a place called Al-Magmas. There, he mobilized his army, prepared his elephants and got ready to enter Makkah. When he reached Muhassar Valley, between Muzdalifah and Mina, the elephant knelt down and refused to go forward. Whenever they directed it northwards, southwards or eastwards, the elephant moved quickly but when directed westwards towards Al-Ka\u2018bah, it knelt down. Meanwhile, Allah loosed upon them birds in flights, hurling against them stones of baked clay and made them like green blades devoured. These birds were very much like swallows and sparrows, each carrying three stones; one in its peak and two in its claws. The stones hit Abraha\u2019s men and cut their limbs and killed them. A large number of Abraha\u2019s soldiers were killed in this way and the others fled at random and died everywhere. Abraha himself had an infection that had his fingertips amputated. When he reached San\u2018a he was in a miserable state and died soon after. The Quraishites on their part had fled for their lives to the hillocks and mountain tops. When the enemy had been thus routed, they returned home safely. [Ibn Hisham 1/43-56; Tafheemul-Qur'an 6/462-469] The Event of the Elephant took place in the month of Al-Muharram, fifty or fifty five days before the birth of Prophet Muhammad [pbuh] which corresponded to late February or early March 571 A.D. It was a gift from Allah to His Prophet and his family. It could actually be regarded as a Divine auspicious precursor of the light to come and accompany the advent of the Prophet and his family. By contrast, Jerusalem had suffered under the yoke of the atrocities of Allah \u2019s enemies. Here we can recall Bukhtanassar in B.C. 587 and the Romans in 70 A.D. Al-Ka\u2018bah, by Divine Grace, never came under the hold of the Christians \u2013 the Muslims of that time \u2013 although Makkah was populated by polytheists. News of the Elephant Event reached the most distant corners of the then civilized world. Abyssinia (Ethiopia) maintained strong ties with the Romans, while the Persians on the other hand, were on the vigil with respect to any strategic changes that were looming on the socio-political horizon, and soon came to occupy Yemen. Incidentally, the Roman and Persian Empires stood for the powerful civilized world at that time. The Elephant Raid Event riveted the world\u2019s attention to the sacredness of Allah \u2019s House, and showed that this House had been chosen by Allah for its holiness. It followed then if any of its people claimed Prophethood, it would be congruous with the outcome of the Elephant Event, and would provide a justifiable explanation for the ulterior Divine Wisdom that lay behind backing polytheists against Christians in a manner that transcended the cause-and-effect formula. \u2018Abdul-Muttalib had ten sons, Al-Harith, Az-Zubair, Abu Talib, \u2018Abdullah, Hamzah, Abu Lahab, Ghidaq, Maqwam, Safar and Al-\u2018Abbas. He also had six daughters, who were Umm Al-Hakim \u2013 the only white one, Barrah, \u2018Atikah, Safiya, Arwa and Omaima. [Rahmat-ul-lil'alameen 2/56,66; Talqeeh Fuhoom Ahl Al-Athar, p8,9] 3. \u2018Abdullah: The father of Prophet Muhammad [pbuh]. His mother was Fatimah, daughter of \u2018Amr bin \u2018A\u2019idh bin \u2018Imran bin Makhzum bin Yaqdha bin Murra. \u2018Abdullah was the smartest of \u2018Abdul-Muttalib\u2019s sons, the chastest and the most loved. He was also the son whom the divination arrows pointed at to be slaughtered as a sacrifice to Al-Ka\u2018bah. When \u2018Abdul-Muttalib had ten sons and they reached maturity, he divulged to them his secret vow in which they silently and obediently acquiesced. Their names were written on divination arrows and given to the guardian of their most beloved goddess, Hubal. The arrows were shuffled and drawn. An arrow showed that it was \u2018Abdullah to be sacrificed. \u2018Abdul-Muttalib then took the boy to Al-Ka\u2018bah with a razor to slaughter the boy. Quraish, his uncles from Makhzum tribe and his brother Abu Talib, however, tried to dissuade him from consummating his purpose. He then sought their advice as regards his vow. They suggested that he summon a she-diviner to judge whereabout. She ordered that the divination arrows should be drawn with respect to \u2018Abdullah as well as ten camels. She added that drawing the lots should be repeated with ten more camels every time the arrow showed \u2018Abdullah. The operation was thus repeated until the number of the camels amounted to one hundred. At this point the arrow showed the camels, consequently they were all slaughtered (to the satisfaction of Hubal) instead of his son. The slaughtered camels were left for anyone to eat from, human or animal. This incident produced a change in the amount of blood-money usually accepted in Arabia. It had been ten camels, but after this event it was increased to a hundred. Islam, later on, approved of this. Another thing closely relevant to the above issue goes to the effect that the Prophet [pbuh] once said: \"I am the offspring of the slaughtered two,\" meaning Ishmael and \u2018Abdullah. [Ibn Hisham 1/151-155; Rahmat-ul-lil'alameen 2/89,90] \u2018Abdul-Muttalib chose Amina, daughter of Wahab bin \u2018Abd Munaf bin Zahra bin Kilab, as a wife for his son, \u2018Abdullah. She thus, in the light of this ancestral lineage, stood eminent in respect of nobility of position and descent. Her father was the chief of Bani Zahra to whom great honour was attributed. They were married in Makkah, and soon after \u2018Abdullah was sent by his father to buy dates in Madinah where he died. In another version, \u2018Abdullah went to Syria on a trade journey and died in Madinah on his way back. He was buried"
      },
      "geometry": {
        "type": "Point",
        "coordinates": [
          39.8291,
          21.4266
        ]
      }
    },
    {
      "type": "Feature",
      "properties": {
        "id": "3",
        "title": "Muhammad\u2019s Birth and Forty Years prior to Prophethood",
        "year": 571,
        "category": "biography",
        "description": "Muhammad\u2019s Birth and Forty Years prior to Prophethood Muhammad [pbuh], the Master of Prophets, was born in Bani Hashim lane in Makkah on Monday morning, the ninth of Rabi\u2018 Al-Awwal, the same year of the Elephant Event, and forty years of the reign of Kisra (Khosru Nushirwan), i.e. the twentieth or twenty-second of April, 571 A.D., according to the scholar Muhammad Sulaim? AlMansourpuri, and the astrologer Mahm? Pasha. [Muhadarat Tareekh Al-Umam AlIslamiyah 1/62; Rahmat-ul-lil'alameen 1/38,39] Ibn Sa\u2018d reported that Muhammad\u2019s mother said: \"When he was born, there was a light that issued out of my pudendum and lit the palaces of Syria.\" Ahmad reported on the authority of \u2018Arbadh bin Sariya something similar to this. [Mukhtasar Seeratur-Rasool, p.12; Tabaqat Ibn Sa'd 1/63] It was but controversially reported that significant precursors accompanied his birth: fourteen galleries of Kisra\u2019s palace cracked and rolled down, the Magians\u2019 sacred fire died down and some churches on Lake Sawa sank down and collapsed. [Reported by Al-Baihaqi, but Al-Ghazali didn't approve it - see Fiqh-us-Seerah p.46] His mother immediately sent someone to inform his grandfather \u2018Abdul-Muttalib of the happy event. Happily he came to her, carried him to Al-Ka\u2018bah, prayed to Allah and thanked Him. \u2018Abdul-Muttalib called the baby Muhammad, a name not then common among the Arabs. He circumcised him on his seventh day as was the custom of the Arabs. [Ibn Hisham 1/159,160; Zad Al-Ma'ad 1/18; Muhadarat Tareekh Al-Umam Al-Islamiyah 1/62] The first woman who suckled him after his mother was Thuyebah, the concubine of Abu Lahab, with her son, Masrouh. She had suckled Hamzah bin \u2018Abdul-Muttalib before and later Abu Salamah bin \u2018Abd Al-Asad Al-Makhzumi. [Talqeeh Furoom Ahlal-Athar p.4; Mukhtasar Seerat-ur-Rasool p.13] It was the general custom of the Arabs living in towns to send their children away to bedouin wet nurses so that they might grow up in the free and healthy surroundings of the desert whereby they would develop a robust frame and acquire the pure speech and manners of the bedouins, who were noted both for chastity of their language and for being free from those vices which usually develop in sedentary societies. The Prophet [pbuh] was later entrusted to Haleemah bint Abi Dhuaib from Bani Sa\u2018d bin Bakr. Her husband was Al-Harith bin \u2018Abdul \u2018Uzza called Abi Kabshah, from the same tribe. Muhammad [pbuh] had several foster brothers and sisters, \u2018Abdullah bin Al-Harith, Aneesah bint Al-Harith, Hudhafah or Judhamah bint Al-Harith (known as AshShayma\u2019), and she used to nurse the Prophet [pbuh] and Abu Sufyan bin Al-Harith bin \u2018Abdul-Muttalib, the Prophet\u2019s cousin. Hamzah bin \u2018Abdul-Muttalib, the Prophet\u2019s uncle, was suckled by the same two wet nurses, Thuyeba and Haleemah AsSa\u2018diyah, who suckled the Prophet [pbuh]. [Za'd Al-Ma'ad 1/19] Traditions delightfully relate how Haleemah and the whole of her household were favoured by successive strokes of good fortune while the baby Muhammad [pbuh] lived under her care. Ibn Ishaq states that Haleemah narrated that she along with her husband and a suckling babe, set out from her village in the company of some women of her clan in quest of children to suckle. She said: It was a year of drought and famine and we had nothing to eat. I rode on a brown she-ass. We also had with us an old she-camel. By Allah we could not get even a drop of milk. We could not have a wink of sleep during the night for the child kept crying on account of hunger. There was not enough milk in my breast and even the she-camel had nothing to feed him. We used to constantly pray for rain and immediate relief. At length we reached Makkah looking for children to suckle. Not even a single woman amongst us accepted the Messenger of Allah [pbuh] offered to her. As soon as they were told that he was an orphan, they refused him. We had fixed our eyes on the reward that we would get from the child\u2019s father. An orphan! What are his grandfather and mother likely to do? So we spurned him because of that. Every woman who came with me got a suckling and when we were about to depart, I said to my husband: \"By Allah , I do not like to go back along with the other women without any baby. I should go to that orphan and I must take him.\" He said, \"There is no harm in doing so and perhaps Allah might bless us through him.\" So I went and took him because there was simply no other alternative left for me but to take him. When I lifted him in my arms and returned to my place I put him on my breast and to my great surprise, I found enough milk in it. He drank to his heart\u2019s content, and so did his foster brother and then both of them went to sleep although my baby had not been able to sleep the previous night. My husband then went to the she-camel to milk it and, to his astonishment, he found plenty of milk in it. He milked it and we drank to our fill, and enjoyed a sound sleep during the night. The next morning, my husband said: \"By Allah Haleemah, you must understand that you have been able to get a blessed child.\" And I replied: \"By the grace of Allah , I hope so.\" The tradition is explicit on the point that Haleemah\u2019s return journey and her subsequent life, as long as the Prophet [pbuh] stayed with her, was encircled with a halo of good fortune. The donkey that she rode when she came to Makkah was lean and almost foundered; it recovered speed much to the amazement of Haleemah\u2019s fellow travellers. By the time they reached the encampments in the country of the clan of Sa\u2018d, they found the scales of fortune turned in their favour. The barren land sprouted forth luxuriant grass and beasts came back to them satisfied and full of milk. Muhammad [pbuh] stayed with Haleemah for two years until he was weaned as Haleemah said: We then took him back to his mother requesting her earnestly to have him stay with us and benefit by the good fortune and blessings he had brought us. We persisted in our request which we substantiated by our anxiety over the child catching a certain infection peculiar to Makkah.[Ibn Hisham 1/162-164] At last, we were granted our wish and the Prophet [pbuh] stayed with us until he was four or five years of age. When, as related by Anas in Sahih Muslim, Gabriel came down and ripped his chest open and took out the heart. He then extracted a blood-clot out of it and said: \"That was the part of Satan in thee.\" And then he washed it with the water of Zamzam in a gold basin. After that the heart was joined together and restored to its place. The boys and playmates came running to his mother, i.e. his nurse, and said: \"Verily, Muhammad [pbuh] has been murdered.\" They all rushed towards him and found him all right only his face was white. [Muslim 1/92] After this event, Haleemah was worried about the boy and returned him to his mother with whom he stayed until he was six. [Talqeeh Furoom Ahl-al-Athar p.7; Ibn Hisham 1/168] In respect of the memory of her late husband, Amina decided to visit his grave in Yathrib (Madinah). She set out to cover a journey of 500 kilometers with her orphan boy, woman servant Umm Ayman and her father-in-law \u2018Abdul-Muttalib. She spent a month there and then took her way back to Makkah. On the way, she had a severe illness and died in Abwa on the road between Makkah and Madinah. [Ibn Hisham 1/168; Talqeeh Fuhroom Ahl-al-Athar p.7] \u2018Abdul-Muttalib brought the boy to Makkah. He had warm passions towards the boy, his orphan grandson, whose recent disaster (his mother\u2019s death) added more to the pains of the past. \u2018Abdul-Muttalib was more passionate with his grandson than with his own children. He never left the boy a prey to loneliness, but always preferred him to his own kids. Ibn Hisham reported: A mattress was put in the shade of Al-Ka\u2018bah for \u2018Abdul-Muttalib. His children used to sit around that mattress in honour to their father, but Muhammad [pbuh] used to sit on it. His uncles would take him back, but if \u2018Abdul-Muttalib was present, he would say: \"Leave my grandson. I swear by Allah that this boy will hold a significant position.\" He used to seat the boy on his mattress, pat his back and was always pleased with what the boy did. [Ibn Hisham 1/168] When Muhammad [pbuh] was eight years, two months and ten days old, his grandfather \u2018Abdul-Muttalib passed away in Makkah. The charge of the Prophet [pbuh] was now passed on to his uncle Abu Talib, who was the brother of the Prophet\u2019s father. Abu Talib took the charge of his nephew in the best way. He put him with his children and preferred him to them. He singled the boy out with great respect and high esteem. Abu Talib remained for forty years cherishing his nephew and extending all possible protection and support to him. His relations with the others were determined in the light of the treatment they showed to the Prophet [pbuh]. Ibn \u2018Asakir reported on the authority of Jalhamah bin \u2018Arfuta who said: \"I came to Makkah when it was a rainless year, so Quraish said \u2018O Abu Talib, the valley has become leafless and the children hungry, let us go and pray for rain-fall.\u2019 Abu Talib went to Al-Ka\u2018bah with a young boy who was as beautiful as the sun, and a black cloud was over his head. Abu Talib and the boy stood by the wall of Al-Ka\u2018bah and prayed for rain. Immediately clouds from all directions gathered and rain fell heavily and caused the flow of springs and growth of plants in the town and the country. [Mukhtasar Seerat-ur-Rasool p.15,16] When the Messenger of Allah [pbuh] was twelve years old, he went with his uncle Abu Talib on a business journey to Syria. When they reached Busra (which was a part of Syria, in the vicinity of Howran under the Roman domain) they met a monk called Bahira (his real name was Georges), who showed great kindness, and entertained them lavishly. He had never been in the habit of receiving or entertaining them before. He readily enough recognized the Prophet [pbuh] and said while taking his hand: \"This is the master of all humans. Allah will send him with a Message which will be a mercy to all beings.\" Abu Talib asked: \"How do you know that?\" He replied: \"When you appeared from the direction of \u2018Aqabah, all stones and trees prostrated themselves, which they never do except for a Prophet. I can recognize him also by the seal of Prophethood which is below his shoulder, like an apple. We have got to learn this from our books.\" He also asked Abu Talib to send the boy back to Makkah and not to take him to Syria for fear of the Jews. Abu Talib obeyed and sent him back to Makkah with some of his men servants. [Ibn Hisham 1/180-183; Za'd Al-Ma'ad 1/17] Muhammad [pbuh] was hardly fifteen when the \u2018sacrilegious\u2019 wars \u2014 which continued with varying fortunes and considerable loss of human life for a number of years \u2014 broke out between Quraish and Banu Kinana on the one side and Qais \u2018Ailan tribe on the other. It was thus called because the inviolables were made violable, the prohibited months being included. Harb bin Omaiyah, on account of his outstanding position and honourable descent, used to be the leader of Quraish and their allies. In one of those battles, the Prophet [pbuh] attended on his uncles but did not raise arms against their opponents. His efforts were confined to picking up the arrows of the enemy as they fell, and handing them over to his uncles. [Ibn Hisham 1/184-187; Qalb Jazeerat Al-Arab p.260] At the conclusion of these wars, when peace was restored, people felt the need for forming confederacy at Makkah for suppressing violence and injustice, and vindicating the rights of the weak and the destitute. Representatives of Banu Hashim, Banu Al-Muttalib, Asad bin \u2018Abd Al-\u2018Uzza, Zahrah bin Kilab and Taim bin Murra were called to meet in the habitation of an honourable elderly man called \u2018Abdullah bin Jada\u2018an At-Taimy to enter into a confederacy that would provide for the above-mentioned items. The Messenger of Allah [pbuh] shortly after he had been honoured with the ministry of Prophethood, witnessed this league and commented on it, with very positive words: \"I witnessed a confederacy in the house of \u2018Abdullah bin Jada\u2018an. It was more appealing to me than herds of cattle. Even now in the period of Islam I would respond positively to attending such a meeting if I were invited.\" [Ibn Hisham 1/113,135] In fact, the spirit of this confederacy and the course of deliberations therein marked a complete departure from the pre-Islamic tribal-pride. The story that led to its"
      },
      "geometry": {
        "type": "Point",
        "coordinates": [
          39.82807,
          21.42907
        ]
      }
    },
    {
      "type": "Feature",
      "properties": {
        "id": "4",
        "title": "In the Shade of the Message and Prophethood",
        "year": 610,
        "category": "biography",
        "description": "In the Shade of the Message and Prophethood When Prophet Muhammad [pbuh] was nearly forty, he had been wont to pass long hours in retirement meditating and speculating over all aspects of creation around him. This meditative temperament helped to widen the mental gap between him and his compatriots. He used to provide himself with Sawiq (barley porridge) and water and then directly head for the hills and ravines in the neighbourhood of Makkah. One of these in particular was his favourite resort \u2014 a cave named Hira\u2019, in the Mount An-Nour. It was only two miles from Makkah, a small cave 4 yards long and 1.75 yard wide. He would always go there and invite wayfarers to share him his modest provision. He used to devote most of his time, and Ramadan in particular, to worship and meditation on the universe around him. His heart was restless about the moral evils and idolatry that were rampant among his people; he was as yet helpless because no definite course, or specific approach had been available for him to follow and rectify the ill practices around him. This solitude attended with this sort of contemplative approach must be understood in its Divine perspective. It was a preliminary stage to the period of grave responsibilities that he was to shoulder very soon. [Rahmat Al-lil'alameen 1/47; Ibn Hisham 1/235,236; Fi Zilal Al-Qur'an 29/166] Privacy and detachment from the impurities of life were two indispensable prerequisites for the Prophet\u2019s soul to come into close communion with the Unseen Power that lies behind all aspects of existence in this infinite universe. It was a rich period of privacy which lasted for three years and ushered in a new era, of indissoluble contact with that Power. [Fi Zilal Al-Qur'an 29/166,167] Ibn Sa\u2018d reported on the authority of Ibn \u2018Abbas that the Revelation paused for a few days.[Fath Al-Bari 1/27,12/360] After careful study, this seems to be the most possible. To say that it lasted for three and a half years, as some scholars allege, is not correct, but here there is no room to go into more details. Meanwhile, the Prophet [pbuh], was caught in a sort of depression coupled with astonishment and perplexity. Al-Bukhari reported: The Divine inspiration paused for a while and the Prophet [pbuh] became so sad, as we have heard, that he intended several times to throw himself from the tops of high mountains, and every time he went up the top of a mountain in order to throw himself down, Gabriel would appear before him and say: \"O Muhammad! You are indeed Allah \u2019s Messenger in truth,\" whereupon his heart would become quiet and he would calm down and return home. Whenever the period of the coming of the Revelation used to become long, he would do as before, but Gabriel would appear again before him and say to him what he had said before. [Bukhari 2/340] Once more, Gabriel brings Allah \u2019s Revelation Ibn Hajar said: \u2018That (the pause of Allah \u2019s revelation for a few days) was to relieve the Messenger of Allah [pbuh] of the fear he experienced and to make him long for the Revelation. When the shades of puzzle receded, the flags of truth were raised, the Messenger of Allah [pbuh] knew for sure that he had become the Messenger of the Great Lord. He was also certain that what had come to him was no more than the ambassador of inspiration. His waiting and longing for the coming of the revelation constituted a good reason for his steadfastness and self-possession on the arrival of Allah \u2019s inspiration, Al-Bukhari reported on the authority of Jabir bin \u2018Abdullah that he had heard the Messenger of Allah [pbuh] speak about the period of pause as follows: \"While I was walking, I heard a voice from the sky. I looked up, and surely enough, it was the same angel who had visited me in the cave of Hira\u2019. He was sitting on a chair between the earth and the sky. I was very afraid of him and knelt on the ground. I went home saying: \u2018Cover me \u2026, Cover me \u2026\u2019. Allah revealed to me the verses: \u2018O you (Muhammad [pbuh]) enveloped (in garments)! Arise and warn! And your Lord (Allah ) magnify! And your garments purify! And keep away from Ar-Rujz (the idols)!\u2019\" [Al-Qur'an 74:1-5] After that the revelation started coming strongly, frequently and regularly. [Bukhari, The Book of Tafseer, 2/733] Some details pertinent to the successive stages of Revelation Before we go into the details of the period of communicating the Message and Prophethood, we would like to get acquainted with the stages of the Revelation which constituted the main source of the Message and the subject-matter of the Call. Ibn Al-Qayyim, mentioning the stages of the Revelation, said: The First: The period of true vision. It was the starting point of the Revelation to the Messenger of Allah [pbuh]. The Second: What the angel invisibly cast in the Prophet\u2019s mind and heart. The Messenger of Allah [pbuh] said: \"The Noble Spirit revealed to me \u2018No soul will perish until it exhausts its due course, so fear Allah and gently request Him. Never get so impatient to the verge of disobedience of Allah . What Allah has can never be acquired but through obedience to Him.\u2019\" The Third: The angel used to visit the Messenger of Allah [pbuh] in the form of a human being and would speak to him directly. This would enable him to fully understand what the angel said. The angel was sometimes seen in this form by the Prophet\u2019s Companions. The Fourth: The angel came to him like the toll of a bell and this was the most difficult form because the angel used to seize him tightly and sweat would stream from his forehead even on the coldest day. If the Prophet [pbuh] was on his camel, the camel would not withstand the weight, so it would immediately kneel down on the ground. Once the Messenger of Allah [pbuh] had such a revelation when he was sitting and his thigh was on Zaid\u2019s, Zaid felt the pressure had almost injured his thigh. The Fifth: The Prophet [pbuh] saw the angel in his actual form. The angel would reveal to him what Allah had ordered him to reveal. This, as mentioned in (Qur'an ), in Surah An-Najm (Chapter 53 - The Star), happened twice. The Sixth: What Allah Himself revealed to him in heaven i.e. when he ascended to heaven and received Allah \u2019s behest of Salah (prayer). The Seventh: Allah \u2019s Words to His Messenger [pbuh] at first hand without the mediation of an angel. It was a privilege granted to Moses [AS] and clearly attested in the Qur'an , as it is attested to our Prophet [pbuh] in the Surah AlIsra' (Chapter 17 - The Journey by Night) of the Noble Qur'an . Some religious scholars added a controversial eighth stage in which they state that Allah spoke to the Prophet [pbuh] directly without a curtain in between. This issue remains however unconfirmed. [Za'd Al-Ma'ad 1/18] Proclaiming Allah , the All-High; and the Immediate Constituents The first Revelation sent to the Prophet [pbuh] implied several injunctions, simple in form but highly effective and of serious far-reaching ramifications. The angel communicated to him a manifest Message saying: \"O you (Muhammad [pbuh]) enveloped (in garments)! Arise and warn! And your Lord (Allah ) magnify! And your garments purify! And keep away from Ar-Rujz (the idols). And give not a thing in order to have more (or consider not your deeds of Allah \u2019s obedience as a favour to Allah ). And be patient for the sake of your Lord (i.e. perform your duty to Allah )!\" [Al-Qur'an 74:1-7] For convenience and ease of understanding, we are going to segment the Message into its immediate constituents: 1. The ultimate objective of warning is to make sure that no one breaching the pleasures of Allah in the whole universe is ignorant of the serious consequences that his behaviour entails, and to create a sort of unprecedented shock within his mind and heart. 2. \u2018Magnifying the Lord\u2019 dictates explicitly that the only pride allowed to nourish on the earth is exclusively Allah \u2019s to the exclusion of all the others\u2019. 3. \u2018Cleansing the garments and shunning all aspects of abomination\u2019 point directly to the indispensable need to render both the exterior and interior exceptionally chaste and pure, in addition to the prerequisite of sanctifying the soul and establishing it highly immune against the different sorts of impurities and the various kinds of pollutants. Only through this avenue can the soul of the Prophet [pbuh] reach an ideal status and become eligible to enjoy the shady mercy of Allah and His protection, security, guidance and ever-shining light; and will consequently set the highest example to the human community, attract the sound hearts and inspire awe and reverence in the stray ones in such a manner that all the world, in agreement or disagreement, will head for it and take it as the rock-bed in all facets of their welfare. 4. The Prophet [pbuh] must not regard his strife in the way of Allah as a deed of grace that entitles him to a great reward. On the contrary, he has to exert himself to the utmost, dedicate his whole efforts and be ready to offer all sacrifices in a spirit of self-forgetfulness enveloped by an ever-present awareness of Allah , without the least sense of pride in his deeds or sacrifices. 5. The last verse of the Qur'an revealed to the Prophet [pbuh] alludes to the hostile attitude of the obdurate disbelievers, who will jeer at him and his followers. They are expected to disparage him and step up their malice to the point of scheming against his life and lives of all the believers around him. In this case he has got to be patient and is supposed to persevere and display the highest degree of stamina for the sole purpose of attaining the pleasure of Allah . These were the basic preliminaries that the Prophet [pbuh] had to observe, very simple injunctions in appearance, greatly fascinating in their calm rhythm, but highly effective in practice. They constituted the trigger that aroused a far-ranging tempest in all the corners of the world. The verses comprise the constituents of the new call and propagation of the new faith. A warning logically implies that there are malpractices with painful consequences to be sustained by the perpetrators, and since the present life is not necessarily the only room to bring people to account for their misdeeds or some of them, then the warning would necessarily imply calling people to account on another day, i.e. the Day of Resurrection, and this per se suggests the existence of a life other than this one we are living. All the verses of the Noble Qur'an call people to testify explicitly to the Oneness of Allah , to delegate all their affairs to Allah , the AllHigh, and to subordinate the desires of the self and the desires of Allah \u2019s servants to the attainment of His Pleasures. The constituents of the call to Islam could, briefly speaking, go as follows: A. Testimony to the Oneness of Allah . B. Belief in the Hereafter. C. Sanctifying one\u2019s soul and elevating it high above evils and abominations that conduce to terrible consequences, besides this, there is the dire need for virtues and perfect manners coupled with habituating oneself to righteous deeds. D. Committing one\u2019s all affairs to Allah , the All-High. E. All the foregoing should run as a natural corollary to unwavering belief in Muhammad\u2019s Message, and abidance by his noble leadership and righteous guidance. The verses have been prefaced, in the voice of the Most High, by a heavenly call mandating the Prophet [pbuh] to undertake this daunting responsibility (calling people unto Allah ). The verses meant to extract him forcibly out of his sleep, divest him of his mantle and detach him from the warmth and quiet of life, and then drive him down a new course attended with countless hardships, and requiring a great deal of strife in the way of Allah :"
      },
      "geometry": {
        "type": "Point",
        "coordinates": [
          39.8594,
          21.4578
        ]
      }
    },
    {
      "type": "Feature",
      "properties": {
        "id": "5",
        "title": "Phases and Stages of the Call",
        "year": 610,
        "category": "preaching",
        "description": "The Muhammadan Call could be divided into two phases distinctively demarcated: 1. The Makkan phase: nearly thirteen years. 2. The Madinese phase: fully ten years. Each of the two phases included distinctive features easily discernible through accurate scrutiny into the circumstances that characterized each of them. The Makkan phase can be divided into three stages: 1. The stage of the secret Call: three years. 2. The stage of the proclamation of the Call in Makkah: from the beginning of the fourth year of Prophethood to almost the end of the tenth year. 3. The stage of the call to Islam and propagating it beyond Makkah: it lasted from the end of tenth year of the Prophethood until Muhammad\u2019s [pbuh] emigration to Madinah. The Madinese phase will be considered later in its due course. The First Stage : Strife in the Way of the Call It is well-known that Makkah was the centre for the Arabs, and housed the custodians of Al-Ka\u2018bah. Protection and guardianship of the idols and stone graven images that received veneration on the part of all the Arabs lay in the hands of the Makkans. Hence the difficulty of hitting the target of reform and rectitude in a place considered the den of idolatry. Working in such an atmosphere no doubt requires unshakable will and determination, that is why the call unto Islam assumed a clandestine form so that the Makkans should not be enraged by the unexpected surprise. The Prophet [pbuh] naturally initiated his sacred mission right from home and then moved to the people closely associated with him. He called unto Islam whomsoever he thought would attest the truth which had come from his Lord. In fact, a host of people who nursed not the least seed of doubt as regards the Prophet [pbuh], immediately responded and quite readily embraced the true faith. They are known in the Islamic literature as the early converts. Khadijah, the Prophet\u2019s spouse, the mother of believers, was the first to enter the fold of Islam followed by his freed slave Zaid bin Harithah, his cousin, \u2018Ali bin Abi Talib, who had been living with him since his early childhood, and next came his intimate friend Abu Bakr As-Siddiq (Abu Bakr the truth verifier). All of those professed Islam on the very first day of the call. [Rahmat-ul-lil'alameen 1/50] Abu Bakr, and from the first day he embraced Islam, proved to be an energetic and most zealous activist. He was wealthy, obliging, mild and upright. People used to frequent his house and draw nigh to him for his knowledge, amity, pleasant company and business. He invited whomever he had confidence in to Islam and through his personal efforts a good number of people converted to Islam, such as \u2018Uthman bin \u2018Affan Al-Umawi, Az-Zubair bin \u2018Awwam Al-Asadi, \u2018Abdur Rahman bin \u2018Awf, Sa\u2018d bin Abi Waqqas, Az-Zuhri and Talhah bin \u2018Ubaidullah At-Tamimy. Those eight men constituted the forerunners and more specifically the vanguard of the new faith in Arabia. Among the early Muslim were Bilal bin Rabah (the Abyssinian), Abu \u2018Ubaidah bin Al-Jarrah from Bani Harith bin Fahr (the most trustworthy of the Muslim Nation), Abu Salamah bin \u2018Abd Al-Asad, Al-Arqam bin Abi Al-Arqam from the tribe of Makhzum, \u2018Uthman bin Maz\u2018oun and his two brothers Qudama and \u2018Abdullah, \u2018Ubaidah bin Al-Harith bin Al-Muttalib bin \u2018Abd Munaf, Sa\u2018id bin Zaid Al-\u2018Adawi and his wife Fatimah - daughter of Al-Khattab (the sister of \u2018Umar bin Al-Khattab), Khabbab bin Al-Aratt, \u2018Abdull? bin Mas\u2018ud Al-Hadhali and many others. These were the Muslim predecessors. They belonged to various septs of Quraish. Ibn Hisham, a biographer, counted them to be more than forty. [Ibn Hisham 1/245-262] Ibn Ishaq said: \"Then people entered the fold of Islam in hosts, men or women and the new faith could no longer be kept secret.\" [Ibn Hisham 1/262] The Prophet [pbuh] used to meet and teach, the new converts, the religion in privacy because the call to Islam was still running on an individual and secret basis. Revelation accelerated and continued after the first verses of \"O you wrapped in garments.\" The verses and pieces of Surah (chapters) revealed at this time were short ones with wonderful strong pauses and quite fascinating rhythms in full harmony with that delicate whispering setting. The central topic running through them focused on sanctifying the soul, and deterring the Muslims from falling prey to the deceptive glamour of life. The early verses used as well to give a highly accurate account of the Hell and the Garden (Paradise), leading the believers down a new course diametrically opposed to the ill practices rampant amongst their compatriots. Muqatil bin Sulaiman said: \"Salah (prayer) was established as an obligatory ritual at an early stage of the Islamic Call, a two rak\u2018 ah (unit of prayer) Salah in the morning and the same in the evening: \"And glorify the praises of your Lord in the \u2018Ashi (i.e. the time period after the mid-noon till sunset) and in the Ibkar (i.e. the time period from early morning or sunrise till before mid-noon).\" [Al-Qur'an 40:55] Ibn Hijr said: \"Definitely the Prophet [pbuh] used to pray before \u2018The Night Journey\u2019 but it still remains a matter of controversy whether or not the prayer was established as an obligatory ritual before imposing the rules of the usual five prayers a day. It is related that obligatory prayer was established twice a day, in the morning before sunrise and after sunset. It is reported through a chain of narrators that when the Prophet [pbuh] received the first Revelation, Gabriel - the angel, proceeded and taught him how to observe Wudu (ablution). When the Prophet [pbuh] had finished, he took a handful of water and sprinkled it on his loins. [Mukhtasar Seerat-ur-Rasool p.88] Ibn Hisham reported that when it was time for prayers, the Messenger of Allah [pbuh] and his Companions went into a mountain valley to pray secretly. Abu Talib once saw the Messenger of Allah [pbuh] and Ali praying, he asked them what they were up to. When he got to know that it was obligatory prayer, he told them to stay constant in their practice. [Ibn Hisham 1/247] This stage of the Call, even though conducted in a clandestine manner and on an individual basis, its news leaked out and assumed a public interest all over Makkah. In the beginning, the Makkan leaders did not care much about Muhammad [pbuh]and took no heed of his teachings. At first, they thought that Muhammad [pbuh] was merely a religious philosophist like Omaiyah bin Abi As-Salt, Quss bin Sa\u2018idah, \u2018Amr bin Nufail and their ilk who used to philosophize on godship and religious obligations. But this attitude of indifference soon changed into real apprehension. The polytheists of Quraish began to watch Muhammad\u2019s movements closely and anxiously for fear of spreading his Call and producing a change in the prevalent mentality. [Fiqh As-Seerah p.76] For three underground years of activism, a group of believers emerged stamped by a spirit of fraternity and cooperation with one definite objective in their mind: propagating and deeply establishing the call unto Islam. For full three years Muhammad [pbuh] had been content to teach within a rather narrow circle. The time had, however, come to preach the faith of the Lord openly. The angel Gabriel had brought him down a further Revelation of Allah \u2019s Will to confront his people, invalidate their falsehood and crush down their idolatrous practices."
      },
      "geometry": {
        "type": "Point",
        "coordinates": [
          39.82313,
          21.42907
        ]
      }
    },
    {
      "type": "Feature",
      "properties": {
        "id": "6",
        "title": "The Second Phase: Open Preaching",
        "year": 613,
        "category": "preaching",
        "description": "\"And warn your tribe (O Muhammad [pbuh]) of near kindred.\" [Al-Qur'an 26:214]. This was the first verse to be revealed in this concern. It is included in Surah AshShu\u2018ar?/i> (Chapter 26 \u2013 The Poets) which relates the story of Moses [AWS] from his early days of Prophethood going through his migration with the Children of Israel, their escape from the Pharaoh and his folk, and the drowning Pharaoh and his hosts. This Chapter in fact narrates the different stages that Moses [AWS] passed through in his struggle with Pharaoh and the mission of calling his people unto Allah . Moreover, it includes stories that speak about the terrible end in store for those who belied the Messengers such as the people of Noah, \u2018Ad, Thamud, Abraham, Lout and Ahlul-Aikah (Companions of the Wood). (A group of people who used to worship a tree called Aikah) Chronologically, this Chapter belongs to the middle Makkan period, when the contact of the light of Prophecy with the cultural milieu of pagan Makkah was testing the Makkans in their most arrogant mood. The Message that this Chapter communicates is in brief: \"The Truth is insurmountable. When the spirit of Prophecy came to Makkah, it was resisted by the votaries of evil; but Truth, unlike falsehood, is bound to stay, whereas falsehood is surely perishable.\" In obedience to Allah \u2019s Commands, Muhammad [pbuh] rallied his kinsmen of Bani Hashim with a group of Bani Al-Muttalib bin \u2018Abd Munaf. The audience counted fortyfive men. Abu Lahab immediately took the initiative and addressed the Prophet [pbuh]: \"These are your uncles and cousins, speak on to the point, but first of all you have got to know that your kinspeople are not in a position to withstand all the Arabs. Another point you have got to bear in mind is that your relatives are sufficient unto you. If you follow their tradition, it will be easier for them than to face the other clans of Quraish supported by the other Arabs. Verily, I have never heard of anyone who has incurred more harm on his kinspeople than you.\" The Messenger of Allah [pbuh] kept silent and said nothing in that meeting. He invited them to another meeting and managed to secure audience. He then stood up and delivered a short speech explaining quite cogently what was at stake. He said: \"I celebrate Allah \u2019s praise, I seek His help, I believe in Him, I put my trust in Him, I bear witness that there is no god to be worshipped but Allah with no associate. A guide can never lie to his people. I swear by Allah , there is no god but He, that I have been sent as a Messenger to you, in particular and to all the people, in general. I swear by Allah you will die just as you sleep, you will be resurrected just as you wake up. You will be called to account for your deeds. It is then either Hell forever or the Garden (Paradise) forever.\" Abu Talib replied: \"We love to help you, accept your advice and believe in your words. These are your kinspeople whom you have collected and I am one of them but I am the fastest to do what you like. Do what you have been ordered. I shall protect and defend you, but I can\u2019t quit the religion of \u2018Abdul-Muttalib.\" Abu Lahab then said to Abu Talib: \" I swear by Allah that this is a bad thing. You must stop him before the others do.\" Abu Talib, however, answered: \"I swear by Allah to protect him as long as I am alive.\" [Fiqh As-Seerah p.77,78] After the Messenger of Allah [pbuh] became sure of Abu Talib\u2019s commitment to his protection while he called the people unto Allah , he stood up on Mount As-Safa one day and called out loudly: \"O Sabahah! [This is an Arabic expression used when one appeals for help or draws the attention of others to some dangers] \" Septs of Quraish came to him. He called them to testify to the Oneness of Allah and believe in his Messengership and the Day of Resurrection. Al-Bukhari reported part of this story on the authority of Ibn \u2018Abbas [R]. He said: \"When the following verses were revealed: \"And warn your tribe (O Muhammad [pbuh]) of near kindred.\" [Al-Qur'an 26:214] The Messenger of Allah [pbuh] ascended Mount As-Safa and started to call: \"O Bani Fahr! O Bani \u2018Adi (two septs of Quraish).\" Many people gathered and those who couldn\u2019t, sent somebody to report to them. Abu Lahab was also present. The Prophet [pbuh] said: \"You see, if I were to tell you that there were some horsemen in the valley planning to raid you, will you believe me?\" They said: \"Yes, we have never experienced any lie from you.\" He said: \"I am a warner to you before a severe torment.\" Abu Lahab promptly replied: \"Perish you all the day! Have you summoned us for such a thing?\" The verses were immediately revealed on that occasion [Bukhari 2/702; Muslim 1/114]: \"Perish the two hands of Abi Lahab...\" [Al-Qur'an 111:1]. Muslim reported another part of this story on the authority of Abu Hurairah [R] \u2014 He said: \"When the following verses were revealed: \"And warn your tribe (O Muhammad [pbuh]) of near kindred.\" [26:214] The Messenger of Allah [pbuh] called all the people of Quraish; so they gathered and he gave them a general warning. Then he made a particular reference to certain tribes, and said: \"O Quraish, rescue yourselves from the Fire; O people of Bani Ka\u2018b, rescue yourselves from Fire; O Fatimah, daughter of Muhammad [pbuh] , rescue yourself from the Fire, for I have no power to protect you from Allah in anything except that I would sustain relationship with you.\" [Muslim 1/114; Bukhari 1/385,2/702] It was verily a loud suggestive Call stating unequivocally to the closest people that belief in his Message constituted the corner-stone of any future relation between him and them, and that the blood-relation on which the whole Arabian life was based, had ceased to exist in the light of that Divine ultimatum."
      },
      "geometry": {
        "type": "Point",
        "coordinates": [
          39.8267,
          21.4233
        ]
      }
    },
    {
      "type": "Feature",
      "properties": {
        "id": "7",
        "title": "Shouting the Truth and the Polytheists\u2019 Reaction",
        "year": 610,
        "category": "preaching",
        "description": "Shouting the Truth and the Polytheists\u2019 Reaction\n\nThe Prophet\u2019s voice kept reverberating in Makkah until the following verse was revealed:\n\n\"Therefore proclaim openly (All\u00e2h\u2019s Message \u2014 Islamic Monotheism), that which you are commanded, and turn away from Al-Mushrik\u00fbn (polytheists).\" [Al-Qur'an 15:94]\n\nHe then commenced discrediting the superstitious practices of idolatry, revealing its worthless reality and utter impotence, and giving concrete proofs that idolatry per se or taking it as the media through which an idolater could come in contact with All\u00e2h, is manifest falsehood.\n\nThe Makkans, on their part, burst into outrage and disapproval. Muhammad\u2019s [pbuh] words created a thunderbolt that turned the Makkan time-honoured ideological life upside down. They could ill afford to hear someone attaching to polytheists and idolaters, the description of straying people. They started to rally their resources to settle down the affair, quell the onward marching revolution and deal a pre-emptive strike to its votaries before it devours and crushes down their consecrated traditions and long standing heritage. The Makkans had the deep conviction that denying godship to anyone save All\u00e2h and that belief in the Divine Message and the Hereafter are interpreted in terms of complete compliance and absolute commitment, and this in turn leaves no area at all for them to claim authority over themselves and over their wealth, let alone their subordinates. In short, their arrogated religiously-based supremacy and highhandedness would no longer be in effect; their pleasures would be subordinated to the pleasures of All\u00e2h and His Messenger and lastly they would have to abstain from incurring injustices on those whom they falsely deemed to be weak, and perpetrating dreadful sins in their everyday life. They had already been fully aware of these meanings, that is why their souls would not condescend to accept this \u2018disgraceful\u2019 position not out of motives based on dignity and honour but rather because:\n\n\"Nay! (Man denies Resurrection and Reckoning. So) he desires to continue committing sins.\" [Al-Qur'an 75:5]\n\nThey had been aware of all these consequences but they could afford to do nothing before an honest truthful man who was the highest example of good manners and human values. They had never known such an example in the history of their folks or grandfathers. What would they do? They were baffled, and they had the right to be so.\n\nFollowing careful deliberations, they hit upon the only target available, i.e. to contact the Messenger\u2019s uncle, Abu Talib and request him to intervene and advise his nephew to stop his activities. In order to attach a serious and earnest stamp to their demand, they chose to touch the most sensitive area in Arabian life, viz., ancestral pride. They addressed Abu Talib in the following manner: \"O Abu Talib! Your nephew curses our gods; finds faults with our way of life, mocks at our religion and degrades our forefathers; either you must stop him, or you must let us get at him. For you are in the same opposition as we are in opposition to him; and we will rid you of him.\" Abu Talib tried to appease their wrath by giving them a polite reply. The Prophet [pbuh], however, continued on his way preaching All\u00e2h\u2019s religion and calling men hitherto, heedless of all their desperate attempts and malicious intentions. [Ibn Hisham 1/265]\n\nAn Advisory Council to debar Pilgrims from Muhammad\u2019s Call\n\nDuring those days, Quraish had another serious concern; the proclamation of the Call had only been a few months old when the season of pilgrimage was soon to come. Quraish knew that the Arab delegates were coming within a short time. They agreed that it was necessary to contemplate a device that was bound to alienate the Arab pilgrims from the new faith preached by Muhammad [pbuh]. They went to see Al-Waleed bin Al-Mugheerah to deliberate on this issue. Al-Waleed invited them to agree on a unanimous resolution that could enjoy the approbation of them all. However, they were at variance. Some suggested that they describe him as Kahin, i.e., soothsayer; but this suggestion was turned down on grounds that his words were not so rhymed. Others proposed Majnun, i.e., possessed by jinn; this was also rejected because no insinuations peculiar to that state of mind ware detected, they claimed. \"Why not say he is a poet?\" Some said. Here again they could not reach a common consent, alleging that his words were totally outside the lexicon of poetry. \"OK then; let us accuse him of practising witchcraft,\" was a fourth suggestion. Here also Al-Waleed showed some reluctance saying that the Prophet [pbuh] was known to have never involved himself in the practice of blowing on the knots, and admitted that his speech was sweet tasting root and branch. He, however, found that the most plausible charge to be levelled against Muhammad [pbuh] was witchcraft. The ungodly company adopted this opinion and agreed to propagate one uniform formula to the effect that he was a magician so powerful and commanding in his art that he would successfully alienate son from father, man from his brother, wife from her husband and man from his clan. [Ibn Hisham 1/271; Fi Zilal Al-Qur'an 29/188]\n\nIt is noteworthy in this regard to say that All\u00e2h revealed sixteen verses as regards Al-Waleed and the cunning method he contemplated to manipulate the people expected to arrive in Makkah for pilgrimage. All\u00e2h says:\n\n\"Verily, he thought and plotted; so let him be cursed! How he plotted! And once more let him be cursed, how he plotted! Then he thought; then he frowned and he looked in a bad tempered way; then he turned back and was proud; then he said: \u2018This is nothing but magic from that of old; this is nothing but the word of a human being!\u2019\" [Al-Qur'an 74:18-25]\n\nThe most wicked of them was the sworn enemy of Islam and Muhammad [pbuh], Abu Lahab, who would shadow the Prophet\u2019s steps crying aloud, \"O men, do not listen to him for he is a liar; he is an apostate.\" Nevertheless, Muhammad [pbuh] managed to create a stir in the whole area, and even to convince a few people to accept his Call. [At-Tirmidhi; Masud Ahmad, 3/492,4/341]\n\nAttempts made to check the Onward March of Islam\n\nHaving fully perceived that Muhammad [pbuh] could never be desisted from his Call, Quraish, in a desperate attempt to quell the tidal wave of the Call, resorted to other cheap means acting from base motives:\n\n1. Scoffing, degrading, ridiculing, belying and laughter-instigating cheap manners, all of which levelled at the new converts in general, and the person of Muhammad [pbuh] in particular, with the aim of dragging the spirit of despair into their morale, and slackening their ardent zealotry. They used to denounce the Prophet [pbuh] as a man possessed by a jinn, or an insane person:\n\n\"And they say: O you (Muhammad [pbuh]) to whom the Dhikr (the Qur'\u00e2n) has been sent down! Verily, you are a mad man.\" [Al-Qur'an 15:6]\n\n\"And they (Arab pagans) wonder that a warner (Prophet Muhammad [pbuh]) has come to them from among themselves! And the disbelievers say: \"This (Prophet Muhammad [pbuh]) is a sorcerer, a liar.\" [Al-Qur'an 38:4].\n\nTheir eyes would also look at the good man as if they would \u2018eat him up\u2019, or trip him up, or disturb him from the position of stability or firmness. They used all sorts of terms of abuse \u2018madman\u2019 or \u2018one possessed by an evil spirit\u2019, and so on:\n\n\"And verily, those who disbelieve would almost make you slip with their eyes through hatreds when they hear the Reminder (the Qur'\u00e2n), and they say: Verily, he (Muhammad [pbuh]) is a madman!\" [Al-Qur'an 68:51]\n\nAmongst the early converts, there was a group who had unfortunately no strong clan at their back to support them. These innocent souls were ridiculed and jeered in season and out of season. Referring to such people, the highbrow Quraish aristocrats used repeatedly to ask the Prophet [pbuh], with jest and scorn:\n\n\"All\u00e2h has favoured from amongst us?\" [Al-Qur'an 6:53]\n\n\"Does not All\u00e2h know best those who are grateful?\" [Al-Qur'an 6:53]\n\nThe wicked used to laugh at the righteous in many ways:\n\na. They would inwardly laugh at their Faith, because they felt themselves so superior.\nb. In public places, when the righteous passed, they used to insult and wink at them.\nc. In their own houses, they would run them down.\nd. Whenever and wherever they saw them, they reproached and called them fools who had lost their way. In the Hereafter, all these tricks and falsehoods will be shown for what they are, and the tables will be reversed. All\u00e2h had said:\n\n\"Verily! (During the worldly life) those who committed crimes used to laugh at those who believed; and whenever they passed by them, used to wink one to another (in mockery); and when they returned to their own people, they would return jesting; and when they saw them, they said: \u2018Verily! These have indeed gone astry!\u2019 But they (disbelievers, sinners) had not been sent as watchers over them (the believers).\" [Al-Qur'an 83:29-33]\n\n2. Distorting Muhammad\u2019s teachings, evoking ambiguities, circulating false propaganda; forging groundless allegations concerning his doctrines, person and character, and going to excess in such a manner in order to screen off any scope of sound contemplation from the public. With respect to the Qur'\u00e2n, they used to allege that it was:\n\n\"Tales of the ancients, which he (Muhammad [pbuh]) has written down, and they are dictated to him morning and afternoon.\" [Al-Qur'an 25:5]\n\nThe iniquitous went on ceaselessly inculcating in people\u2019s ears that the Qur'\u00e2n:\n\n\"This (the Qur'\u00e2n) is nothing but a lie that he (Muhammad [pbuh]) has invented, and others have helped him at it.\" [Al-Qur'an 25:4]\n\nThe wicked would also attribute to men of All\u00e2h just such motives and springs of action as they themselves would be guilty of in such circumstances. The pagans and those who were hostile to the revelation of All\u00e2h and Islam, could not understand how such wonderful verses could flow from the tongue of the Prophet [pbuh] without having someone to teach, and claimed:\n\n\"It is only a human being who teaches him.\" [Al-Qur'an 16:103]\n\nThey also raised another baseless and superficial objection:\n\n\"Why does this Messenger (Muhammad [pbuh]) eat food and walk about in the markets (like ourselves)?\" [Al-Qur'an 25:7]\n\nThey were sadly ignorant and painfully at fault for they could not perceive that a teacher for mankind is one who shares their nature, mingles in their life, is acquainted with their doings, and sympathises with their joys and sorrows.\n\nThe Noble Qur'\u00e2n has vehemently refuted their charges and allegations and has explained that the utterances of the Prophet [pbuh] are the Revelations of the Lord and their nature and contents provide a bold challenge to those who attribute his Prophetic expressions to some base origin, at times to the mental throes of a dreaming reformer, at others to the effusion of a frenzied poet or the incoherent drivelling of an insane man.\n\n3. Contrasting the Qur'\u00e2n with the mythology of the ancients in order to distract people\u2019s interests from All\u00e2h\u2019s Words."
      },
      "geometry": {
        "type": "Point",
        "coordinates": [
          39.82313,
          21.42413
        ]
      }
    },
    {
      "type": "Feature",
      "properties": {
        "id": "8",
        "title": "Once more Quraish approaches Abu Talib",
        "year": 615,
        "category": "preaching",
        "description": "Quraish, seeing that the Messenger of All\u00e2h [pbuh] was still intent on his Call, realized that Abu Talib would never forsake his nephew even if this incurred their enmity. Some of them then went to see him once more taking with them a youth called \u2018Amarah bin Al-Waleed bin Al-Mugheerah, and said, \"O Abu Talib! we have brought you a smart boy still in the bloom of his youth, to make use of his mind and strength and take him as your son in exchange for your nephew, who has run counter to your religion, brought about social discord, found fault with your way of life, so that we kill him and rid you of his endless troubles; just man for man.\" Abu Talib\u2019s reply was, \"It is really an unfair bargain. You give me your son to bring him up and I give you my son to kill him! By All\u00e2h, it is something incredible!!\" Al-Mut\u2018im bin \u2018Adi, a member of the delegation, interrupted saying that Quraish had been fair in that bargain because \"they meant only to rid you of that source of hateful trouble, but as I see you are determined to refuse their favours.\" Abu Talib, of course, turned down all their offers and challenged them to do whatever they pleased. [Ibn Hisham 1/266] Historical resources do not give the exact date of these two meetings with Abu Talib. They, however, seem more likely to have taken place in the sixth year of Prophethood with a brief lapse of time in between.\n\nThe Tyrants\u2019 Decision to kill the Prophet [pbuh]\n\nNow that all the schemes and conspiracies of Quraish had failed, they resorted to their old practices of persecution and inflicting tortures on the Muslims in a more serious and brutal manner than ever before. They also began to nurse the idea of killing the Prophet [pbuh]. In fact, contrary to their expectations, this new method and this very idea served indirectly to consolidate the Call to Islam and support it with the conversion of two staunch and mighty heroes of Makkah, i.e. Hamzah bin \u2018Abdul-Muttalib and \u2018Umar bin Al-Khattab [R].\n\n\u2018Utaibah bin Abi Lahab once approached the Prophet [pbuh] and most defiantly and brazenly shouted at him, \"I disbelieve in: 'By the star when it goes down.' [53:1] and in 'Then he (Gabriel) approached and came closer.' [53:8] In other words: 'I do not believe in any of the Qur'\u00e2n.'\" He then started to deal highhandedly with Muhammad [pbuh] and laid violent hand on him, tore his shirt and spat into his face but his saliva missed the Holy face of the Prophet [pbuh]. Thereupon, the Prophet [pbuh] invoked All\u00e2h\u2019s wrath on \u2018Utaibah and supplicated:\n\nAll\u00e2h responded positively to Muhammad\u2019s supplication, and it happened in the following manner: Once \u2018Utaibah with some of his compatriots from Quraish set out for Syria and took accommodation in Az-Zarqa\u2019. There a lion approached the group to the great fear of \u2018Utbah, who at once recalled Muhammad\u2019s words in supplication, and said: \"Woe to my brother! This lion will surely devour me just as Muhammad [pbuh] supplicated. He has really killed me in Syria while he is in Makkah.\" The lion did really rush like lightning, snatched \u2018Utbah from amongst his people and crushed his head. [Tafheem-ul-Qur'an 6/522; Quoted from Al-Isti'ab, Al-Isaba, Dala'il AnNubuwwah, etc]\n\nIt is also reported that a wretched idolater from Quraish, named \u2018Uqbah bin \u2018Abi Mu\u2018ait once trod on the Prophet\u2019s neck while he was prostrating himself in prayer until his eyes protruded. [Mukhtasar Seerat Ar-Rasool p.113]\n\nMore details reported by Ibn Ishaq testify to the tyrants\u2019 deeply-established intentions of killing the Prophet [pbuh]. Abu Jahl, the archenemy of Islam, once addressed some of his accomplices: \"O people of Quraish! It seems that Muhammad [pbuh] is determined to go on finding fault with our religion, degrading our forefathers, discrediting our way of life and abusing our gods. I bear witness to our god that I will carry a too heavy rock and drop it on Muhammad\u2019s head while he is in prostration to rid you of him, once and for all. I am not afraid of whatever his sept, Banu \u2018Abd Munaf, might do.\" The terrible unfortunate audience endorsed his plan and encouraged him to translate it into a decisive deed.\n\nIn the morning of the following day, Abu Jahl lay waiting for the arrival of the Messenger of All\u00e2h [pbuh] to offer prayer. The people of Quraish were in their assembly rooms waiting for news. When the Prophet [pbuh] prostrated himself, Abu Jahl proceeded carrying the big rock to fulfill his wicked intention. No sooner had he approached closer to the Prophet [pbuh] than he withdraw pale-faced, shuddering with his hands strained the rock falling off. Thereupon, the people watching hurried forward asking him what the matter was. He replied: \"When I approached, a male-camel unusual in figure with fearful canines intercepted and almost devoured me.\" Ibn Ishaq reported that the Prophet [pbuh], in the context of his comment on the incident, said \"It was Gabriel [AWS], if Abu Jahl had approached closer, he would have killed him. [Ibn Hisham 1/298]\" Even so the tyrants of Quraish would not be admonished, contrariwise, the idea of killing the Prophet [pbuh] was still being nourished in their iniquitous hearts. On the authority of \u2018Abdullah bin \u2018Amr bin Al-\u2018As, some people of Quraish were in a place called Al-Hijr complaining that they had been too patient with the Prophet [pbuh], who suddenly appeared and began his usual circumambulation. They started to wink at him and utter sarcastic remarks but he remained silent for two times, then on the third, he stopped and addressed the infidels saying:\n\n\"O people of Quraish! Hearken, I swear by All\u00e2h in Whose Hand is my soul, that you will one day be slaughtered to pieces.\" As soon as the Prophet [pbuh] uttered his word of slaughter, they all stood aghast and switched off to a new style of language smacking of fear and even horror trying to soothe his anger and comfort him saying: \"You can leave Abul Qasim, for you have never been foolish.\" [Ibn Hisham 1/289]\n\n\u2018Urwa bin Az-Zubair narrated: I asked Abdullah bin \u2018Amr bin Al-\u2018As to tell me of the worst thing that the pagans did to the Prophet [pbuh]. He said: \"While the Prophet [pbuh] was praying in Al-Hijr of Al-Ka\u2018bah, \u2018Uqbah bin Al-Mu\u2018ait came and put his garment around the Prophet\u2019s neck and throttled him violently. Abu Bakr came and caught him by his shoulder and pushed him away from the Prophet [pbuh] and said: \"Do you want to kill a man just because he says, My Lord is All\u00e2h?\" [Bukhari 1/544]\n\nThe Conversion of Hamzah bin \u2018Abdul-Muttalib\n\nIn a gloomy atmosphere infested with dark clouds of iniquity and tyranny, there shone on the horizon a promising light for the oppressed, i.e. the conversion of Hamzah bin \u2018Abdul-Muttalib in Dhul Hijjah, the sixth year of Prophethood. It is recorded that the Prophet [pbuh] was one day seated on the hillock of Safa when Abu Jahl happened to pass by and accused the religion preached by him. Muhammad [pbuh], however, kept silent and did not utter a single word. Abu Jahl went on unchecked, took a stone and cracked the Prophet\u2019s head which began to bleed. The aggressor then went to join the Quraishites in their assembly place. It so happened that shortly after that, Hamzah, while returning from a hunting expedition, passed by the same way, his bow hanging by his shoulder. A slave-girl belonging to \u2018Abdullah bin Jada\u2018an, who had noted the impertinence of Abu Jahl, told him the whole story of the attack on the Prophet [pbuh]. On hearing that, Hamzah was deeply offended and hurried to Al-Ka\u2018bah and there, in the courtyard of the Holy Sanctuary, found Abu Jahl sitting with a company of Quraishites. Hamzah rushed upon him and struck his bow upon his head violently and said: \"Ah! You have been abusing Muhammad [pbuh]; I too follow his religion and profess what he preaches.\" The men of Bani Makhzum came to his help, and men of Bani Hashim wanted to render help, but Abu Jahl sent them away saying: \"Let Abu \u2018Ummarah alone, by All\u00e2h I did revile his nephew shamelessly. [Ibn Hisham 1/291; Rahmat-ul-lil'alameen 1/68; Mukhtasar Seerat Ar-Rasool p.66]\" In fact, Hamzah\u2019s conversion derived initially from the pride of a man who would not accept the notion of others humiliating his relative. Later on, however, All\u00e2h purified his nature and he managed to grasp the most trustworthy hand-hold (Faith in All\u00e2h). He proved to be a source of great strength to the Islamic Faith and its followers. [Mushtasar Seerat Ar-Rasool p.101]\n\nAnother significant addition to the strength of Islam was the conversion of \u2018Umar bin Al-Khattab in Dhul-Hijjah, the sixth year of Prophethood, three days following the conversion of Hamzah. [Tareekh 'Umar bin Al-Kattab, p.11] He was a man of dauntless courage and resolution, feared and respected in Makkah, and hitherto a bitter opponent of the new religion. The traditional account reveals that the Prophet [pbuh] once raised his hands in prayer and said:\n\n\"O All\u00e2h! Give strength to Islam especially through either of two men you love more: \u2018Umar bin Al-Khattab or Abu Jahl bin Hisham.\"\n\n\u2018Umar, obviously, was the one who merited that privilege. [At-Tirmidhi 2/209]\n\nWhen we scrutinize the several versions that speak of \u2018Umar\u2019s conversion, we can safely conclude that various contradictory emotions used to conflict with one another within his soul. On the one hand, he used to highly regard the traditions of his people, and was habituated to the practice of indulgence in wine orgies; on the other hand, he greatly admired the stamina of the Muslims and their relentless dedication to their faith. These two extreme views created a sort of skepticism in his mind and made him at times tend to believe that the doctrines of Islam could bear better and more sacred seeds of life, that is why he would always experience fits of outrage directly followed by unexpected enervation. [Fiqh As-Seerah, p92,93] On the whole, the account of his conversion is very interesting and requires us to go into some details.\n\nOne day, \u2018Umar bin Al-Khattab set out from his house, and headed for the Holy Sanctuary where he saw the Prophet [pbuh] offering prayer and overheard him reciting the S\u00fbrah Al-H\u00e2qqah (Chapter 69 \u2014 The Reality) of the Noble Qur'\u00e2n. The Words of All\u00e2h appealed to him and touched the innermost cells of his heart. He felt that they derived from unusual composition, and he began to question his people\u2019s allegations as regards the man-composed poetry or words of a soothsayer that they used to attach to the Noble Qur'\u00e2n. The Prophet [pbuh] went on to recite:\n\n\"That this is verily the word of an honoured Messenger (i.e. Gabriel or Muhammad [pbuh] which he has brought from All\u00e2h). It is not the word of a poet, little is that you believe! Nor is it the word of a soothsayer (or a foreteller), little is that you remember! This is the Revelation sent down from the Lord of the \u2018Alamin (mankind, jinns and all that exists).\" [Al-Qur'an 69:40-43]\n\nAt that very moment, Islam permeated his heart. [Tareekh 'Umar bin Al-Khattab p.6] However, the dark layer of pre-Islamic tendencies, the deep-seated traditional bigotry as well as the blind pride in his forefathers overshadowed the essence of the great Truth that began to feel its way reluctantly into his heart. He, therefore, persisted in his atrocities against Islam and its adherents unmindful of the pure and true-to-man\u2019s nature feeling that lay behind that fragile cover of pre-Islamic ignorance and mentality. His sharp temper and excessive enmity towards the Prophet [pbuh] led him one day to leave his house, sword in hand, with the intention of killing the Prophet [pbuh]. He was in a fit of anger and was fretting and fuming. Nu\u2018aim bin \u2018Abdullah, a friend of \u2018Umar\u2019s, met him accidentally half way. What had caused so much excitement in him and on whom was the fury to burst, he inquired casually. \u2018Umar said furiously: \"To destroy the man Muhammad ([pbuh]) this apostate, who has shattered the unity of Quraish, picked holes in their religion, found folly with their wise men and blasphemed their gods.\" \"\u2018Umar, I am sure, your soul has deceived you, do you think that Banu \u2018Abd Munaf would let you walk on earth if you slain Muhammad [pbuh]? Why don\u2019t you take care of your own family first and set them right?\"\n\n\"Which of the folk of my house?\" asked \u2018Umar angrily. \"Your brother-in-law and your sister have apostatized (meaning to say: They have become followers of Muhammad [pbuh]) and abandoned your religion.\"\n\n\u2018Umar directed his footsteps to his sister\u2019s house. As he drew near, he heard the voice of Khabbab bin Aratt, who was reading the Qur'\u00e2nic Chapter T\u00e2-H\u00e2 (mystic letters, T. H.) to both of them. Khabbab, perceiving the noise of his footsteps retired to a closet. Fatimah, \u2018Umar\u2019s sister, took hold of the leaf and hid it. But \u2018Umar had already heard the voice. \"What sound was that I have heard just now?\" shouted the son of Khattab, entering angrily. Both his sister and her husband replied, \"You heard nothing.\" \"Nay,\" said he swearing fiercely, \"I have heard that you have apostatized.\" He plunged forward towards his brother-in-law and beat him severely, but Fatimah rushed to the rescue of her husband. Thereupon, \u2018Umar fell upon his sister and struck upon her head. The husband and wife could not contain themselves and cried aloud: \"Yes, we are Muslims, we believe in All\u00e2h and His Messenger Muhammad [pbuh] so do what you will.\" When \u2018Umar saw the face of his dear sister besmeared with blood, he was softened and said: \"Let me see what you were reading, so that I may see what Muhammad [pbuh] has brought.\" Fatimah was satisfied with the assurance, but said: \"O brother, you are unclean on account of your idolatry, none but the pure may touch it. So go and wash first.\" He did so, and took the page and read the opening verses of the Chapter T\u00e2-H\u00e2 until he reached:"
      },
      "geometry": {
        "type": "Point",
        "coordinates": [
          39.8256,
          21.4231
        ]
      }
    },
    {
      "type": "Feature",
      "properties": {
        "id": "9",
        "title": "General Social Boycott",
        "year": 616,
        "category": "preaching",
        "description": "Four events of special significance occurred within less than four weeks \u2014 the conversion of Hamzah, the conversion of \u2018Umar, Muhammad\u2019s [pbuh] refusal to negotiate any sort of compromise and then the pact drawn up between Banu Muttalib and Banu Hashim to immunize Muhammad [pbuh] and shield him against any treacherous attempt to kill him. The polytheists were baffled and at a loss as to what course they would follow to rid themselves of this obstinate and relentless obstacle that had appeared to shatter to pieces their whole tradition of life. They had already been aware that if they killed Muhammad [pbuh] their blood would surely flow profusely in the valleys of Makkah and they would certainly be exterminated. Taking this dreadful prospect into consideration, they grudgingly resorted to a different iniquitous course that would not imply murder.\n\nThe pagans of Makkah held a meeting in a place called Wadi Al-Muhassab, and formed a confederation hostile to both Bani Hashim and Bani Al-Muttalib. They decided not to have any business dealings with them nor any sort of inter-marriage. Social relations, visits and even verbal contacts with Muhammad [pbuh] and his supporters would discontinue until the Prophet [pbuh] was given up to them to be killed. The articles of their proclamation, which had provided for merciless measures against Bani Hashim, were committed to writing by an idolater, Bagheed bin \u2018Amir bin Hashim and then suspended in Al-Ka\u2018bah. The Prophet [pbuh] invoked All\u00e2h\u2019s imprecations upon Bagheed, whose hand was later paralysed. [Za'd Al-Ma'ad 2/46]\n\nAbu Talib wisely and quietly took stock of the situation and decided to withdraw to a valley on the eastern outskirts of Makkah. Banu Hashim and Banu Al-Muttalib, who followed suit, were thus confined within a narrow pass (Shi\u2018b of Abu Talib), from the beginning of Muharram, the seventh year of Muhammad\u2019s mission till the tenth year, viz., a period of three years. It was a stifling siege. The supply of food was almost stopped and the people in confinement faced great hardships. The idolaters used to buy whatever food commodities entered Makkah lest they should leak to the people in Ash-Shi\u2018b, who were so overstrained that they had to eat leaves of trees and skins of animals. Cries of little children suffering from hunger used to be heard clearly. Nothing to eat reached them except, on few occasions, some meagre quantities of food were smuggled by some compassionate Makkans. During \u2018the prohibited months\u2019 \u2014 when hostilities traditionally ceased, they would leave their confinement and buy food coming from outside Makkah. Even then, the food stuff was unjustly overpriced so that their financial situation would fall short of finding access to it.\n\nHakeem bin Hizam was once on his way to smuggle some wheat to his aunt Khadijah [R] when Abu Jahl intercepted and wanted to debar him. Only when Al-Bukhtari intervened, did Hakeem manage to reach his destination. Abu Talib was so much concerned about the personal safety of his nephew. Whenever people retired to sleep, he would ask the Prophet [pbuh] to lie in his place, but when all the others fell asleep, he would order him to change his place and take another, all of which in an attempt to trick a potential assassin.\n\nDespite all odds, Muhammad [pbuh] persisted in his line and his determination and courage never weakened. He continued to go to Al-Ka\u2018bah and to pray publicly. He used every opportunity to preach to outsiders who visited Makkah for business or on pilgrimage during the sacred months and special seasons of assemblies.\n\nThis situation ultimately created dissension amongst the various Makkan factions, who were tied with the besieged people by blood relations. After three years of blockade and in Muharram, the tenth year of Muhammad\u2019s mission, the pact was broken. Hisham bin \u2018Amr, who used to smuggle some food to Bani Hashim secretly at night, went to see Zuhair bin Abi Omaiyah Al-Makhzoumy and reproached him for resigning to that intolerable treatment meted out to his uncles in exile. The latter pleaded impotence, but agreed to work with Hisham and form a pressure group that would secure the extrication of the exiles. On the ground of motivation by uterine relations, there emerged a group of five people who set out to abrogate the pact and declare all relevant clauses null and void. They were Hisham bin \u2018Amr, Zuhair bin Abi Omaiya, Al-Mut\u2018im bin \u2018Adi, Abu Al-Bukhtari and Zam\u2018a bin Al-Aswad. They decided to meet in their assembly place and start their self-charged mission from the very precinct of the Sacred House. Zuhair, after circumambulating seven times, along with his colleagues approached the hosts of people there and rebuked them for indulging in the amenities of life whereas their kith and kin of Bani Hashim were perishing on account of starvation and economic boycott. They swore they would never relent until the parchment of boycott was torn to piece and the pact broken at once. Abu Jahl, standing nearby, retorted that it would never be torn. Zam\u2018a was infuriated and accused Abu Jahl of telling lies, adding that the pact was established and the parchment was written without seeking their approval. Al-Bukhtari intervened and backed Zam\u2018a. Al-Mut\u2018im bin \u2018Adi and Hisham bin \u2018Amr attested to the truthfulness of their two companions. Abu Jahl, with a cunning attempt to liquidate the hot argument that was running counter to his malicious goals, answered that the issue had already been resolved sometime and somewhere before.\n\nAbu Talib meanwhile was sitting in a corner of the Mosque. He came to communicate to them that a Revelation had been sent to his nephew, the Prophet [pbuh] to the effect that ants had eaten away all their proclamation that smacked of injustice and aggression except those parts that bore the Name of All\u00e2h. He contended that he would be ready to give Muhammad [pbuh] up to them if his words proved untrue, otherwise, they would have to recant and repeal their boycott. The Makkans agreed to the soundness of his proposition. Al-Mut\u2018im went to see the parchment and there he did discover that it was eaten away by ants and nothing was left save the part bearing (in the Name of All\u00e2h).\n\nThe proclamation was thus abrogated, and Muhammad [pbuh] and the other people were permitted to leave Ash-Sh\u2018ib and return home. In the context of this trial to which the Muslims were subjected, the polytheists had a golden opportunity to experience a striking sign of Muhammad\u2019s Prophethood (the white ants eating away the parchment) but to their miserable lot they desisted and augmented in disbelief:\n\n\"But if they see a Sign, they turn away, and say \u2018This is continuous magic.\" [Al-Qur'an 54:2] [Bukhari (in several chapters); Za'd Al-Ma'ad 2/46; Ibn Hisham 1/350]"
      },
      "geometry": {
        "type": "Point",
        "coordinates": [
          39.82807,
          21.42413
        ]
      }
    },
    {
      "type": "Feature",
      "properties": {
        "id": "10",
        "title": "The Final Phase of the Diplomacy of Negotiation",
        "year": 619,
        "category": "preaching",
        "description": "The Final Phase of the Diplomacy of Negotiation\n\nThe Messenger of All\u00e2h [pbuh] left his confinement and went on preaching his Faith as usual. Quraish, likewise, repealed the boycott but went on in their atrocities and oppression on the Muslims. Abu Talib, the octogenarian notable, was still keen on shielding his nephew but by that time, and on account of the series of tremendous events and continual pains, he began to develop certain fits of weakness. No sooner had he emerged victorious from the inhuman boycott, than he was caught in a persistent illness and physical enervation. The polytheists of Makkah, seeing this serious situation and fearing that the stain of infamy that the other Arabs could attribute to them in case they took any aggressive action against the Prophet [pbuh] after he had lost his main support, Abu Talib, took a decision to negotiate with the Prophet [pbuh] once more and submit some concessions withheld previously. They then delegated some representatives to see Abu Talib and discuss the issue with him. Ibn Ishaq and others related: \"When a serious illness caught Abu Talib, the people of Quraish began to deliberate on the situation and reviewed the main features that characterized that period and which included the conversion of \u2018Umar and Hamzah to Islam, coupled with the tremendous stir that Muhammad [pbuh] had created amongst all the tribes of Quraish. They then deemed it imperative to see Abu Talib before he died to pressure his nephew to negotiate a compromise on the various disputed points. They were afraid that the other Arabs might attribute to them the charge of opportunism.\"\n\nThe delegation of Quraish comprised 25 men including notables like \u2018Utbah bin Rabi\u2018a, Shaibah bin Rabi\u2018a, Abu Jahl bin Hisham, Omaiyah bin Khalaf, Abu Sufyan bin Harb. They first paid tribute to him and confirmed their high esteem of his person and position among them. They then shifted to the new give-and-take policy that they claimed they wanted to follow. To substantiate their argument they alleged that they would refrain from intervening in his religion if he did the same.\n\nAbu Talib summoned his nephew and apprised him of the minutes of his meeting with them, and said: \"Well, my nephew, here are the celebrities of your people. They have proposed this meeting to submit a policy of mutual concessions and peaceful coexistence.\" The Messenger of All\u00e2h [pbuh] turned to them saying:\n\n\"I will guide you to the means by which you will gain sovereignty over both the Arabs and non-Arabs.\"\n\nIn another version, the Prophet [pbuh] addressed Abu Talib in the following words: \"O uncle! Why don\u2019t you call them unto something better?\" Abu Talib asked him, \"What is it that you invite them to?\" The Prophet [pbuh] replied, \"I invite them to hold fast to a Message that is bound to give them access to kingship over the Arabs and non-Arabs.\" According to Ibn Ishaq\u2019s version, \"It is just one word that will give you supremacy over the Arabs and non-Arabs.\" The Makkan deputies were taken by incredible surprise and began to wonder what sort of word was that which would benefit them to that extent. Abu Jahl asked, \"What is that word? I swear by your father that we will surely grant you your wish followed by ten times as much.\" He said, \"I want you to testify that there is no god worthy to be worshipped but All\u00e2h, and then divest yourselves of any sort of worship you harbour for any deities other than All\u00e2h.\" They immediately clapped their hands in ridicule, and said \"How can you expect us to combine all the deities in one God. It is really something incredible.\" On their way out leaving, they said to one another, \"By god this man (Muhammad [pbuh]) will never relent, nor will he offer any concessions. Let us hold fast to the religion of our forefathers, and All\u00e2h will in due course adjudicate and settle the dispute between us and him.\" As regards this incident, All\u00e2h revealed the following verses:\n\n\"S\u00e2d: [These letters (S\u00e2d, etc.) are one of the miracles of the Qur'\u00e2n and none but All\u00e2h (Alone) knows their meanings]. By the Qur'\u00e2n full of reminding. Nay, those who disbelieve are in false pride and Apposition. How many a generation We have destroyed before them, and they cried out when there was no longer time for escape! And they (Arab pagans) wonder that a warner (Prophet Muhammad [pbuh]) has come to them from among themselves! And the disbelievers say, \u2018This (Prophet Muhammad [pbuh]) is a sorcerer, a liar. Has he made the gods (all) into One God (All\u00e2h). Verily, this is a curious thing!\u2019 And the leaders among them went about (saying): \u2018Go on, and remain constant to your gods! Verily, this is a thing designed (against you)! We have not heard (the like) of this among the people of these later days. This is nothing but an invention.\u2019\" [Al-Qur'an 38:1-7] [Ibn Hisham 1/417-419; Tafheem-ul-Qur'an 4/316; Mukhtasar Seerat Ar-Rasool p.9]"
      },
      "geometry": {
        "type": "Point",
        "coordinates": [
          39.83113,
          21.42894
        ]
      }
    },
    {
      "type": "Feature",
      "properties": {
        "id": "11",
        "title": "The Year of Grief",
        "year": 619,
        "category": "biography",
        "description": "In Rajab[Tareekh Al-Islam 1/120], the tenth year of the Prophethood, Abu Talib fell ill and passed away, six months after leaving the confinement at Ash-Sh\u2018ib. In another version, Abu Talib breathed his last in Ramadan, three days prior to the death of Khadijah [R]. On the authority of Al-Musaiyab, when Abu Talib was on the death bed, the Prophet [pbuh] entered the room where he saw Abu Jahl and \u2018Abdullah bin Abi Omaiyah. He requested his uncle:\n\n\"My uncle, you just make a profession that there is no true god but All\u00e2h, and I will bear testimony before All\u00e2h (of your being a believer)\".\n\nAbu Jahl and \u2018Abdullah bin Abi Omaiyah addressing him said: \"Abu Talib, would you abandon the religion of \u2018Abdul-Muttalib?\" The Messenger of All\u00e2h [pbuh] constantly requested him (to accept his offer), and (on the other hand) was repeated the same statement (of Abu Jahl and \u2018Abdullah bin Abi Omaiyah) \u2014 till Abu Talib gave his final decision and he stuck to the religion of \u2018Abdul-Muttalib and refused to profess that there is no true god but All\u00e2h. Upon this the Messenger of All\u00e2h [pbuh] remarked:\n\n\"By All\u00e2h, I will persistently beg pardon for you till I am forbidden to do so (by All\u00e2h)\".\n\nIt was then that All\u00e2h, the Magnificent and Glorious revealed this verse:\n\n\"It is not (proper) for the Prophet and those who believe to ask All\u00e2h\u2019s forgiveness for the Mushrik\u00fbn (polytheists, idolaters, pagans, disbelievers in the Oneness of All\u00e2h) even though they be of kin, after it has become clear to them that they are the dwellers of the Fire (because they died in a state of disbelief).\" [Al-Qur'an 9:113]\n\nAnd it was said to the Messenger of All\u00e2h [pbuh]:\n\n\"Verily! You (O Muhammad [pbuh]) guide not whom you like.\" [Al-Qur'an 28:56] [Bukhari 1/548]\n\nIt goes without saying that Abu Talib was very much attached to Muhammad [pbuh]. For forty years, Abu Talib had been the faithful friend \u2014 the prop of his childhood, the guardian of his youth and in later life a very tower of defence. The sacrifices to which Abu Talib exposed himself and his family for the sake of his nephew, while yet incredulous of his mission, stamp his character as singularly noble and unselfish. The Prophet [pbuh] did his best to persuade his octogenarian uncle to make profession of the true faith, but he remained obdurate and stuck to the paganism of his forefathers, and thus could not achieve complete success. Al-\u2018Abbas bin \u2018AbdulMuttalib narrated that he said to the Prophet [pbuh] \"You have not been of any avail to your uncle (Abu Talib) (though) by All\u00e2h, he used to protect you and get angry on your behalf.\" The Prophet [pbuh] said: \"He is in a shallow fire, and had it not been for me, he would have been at the bottom of the (Hell) Fire.\" [Bukhari 1/548]\n\nAbu Sa\u2018id Al-Khudri narrated that he heard the Prophet [pbuh] say, when the mention of his uncle was made, \"I hope that my intercession may avail him, and he be placed in a shallow fire that rises up only to his heels.\" [Bukhari 1/548]\n\nKhadijah passes away to the Mercy of All\u00e2h\n\nOnly two months after the death of his uncle, did the Messenger of All\u00e2h [pbuh] experience another great personal loss viz., the Mother of believers, his wife Khadijah passed away in Ramadan of the tenth year of his Prophethood, when she was sixty-five years old, and he was fifty [Talqeeh Fuhoom Ahl-al-Athar p.7; Rahmat-ul-lil'alameen 2/164]. Khadijah was in fact a blessing of All\u00e2h for the Prophet [pbuh]. She, for twenty-five years, shared with him the toils and trials of life, especially in the first ten years of his ministry of Prophethood. He deeply mourned over her death, and once he replied in an honest burst of tender emotions:\n\n\"She believed in me when none else did. She embraced Islam when people disbelieved me. And she helped and comforted me in her person and wealth when there was none else to lend me a helping hand. I had children from her only.\" [Musnad Imam Ahmad 6/118]\n\nAbu Hurairah reported that Gabriel came to All\u00e2h\u2019s Messenger [pbuh] and said: \"All\u00e2h\u2019s Messenger, lo, Khadijah is coming to you with a vessel of seasoned food or drink. When she comes to you, offer her greetings from her Lord, and give her glad tidings of a palace of jewels in Paradise where there is no noise and no toil.\" [Bukhari 1/539]\n\nThese two painful events took place within a short lapse of time and added a lot to his grief and suffering. The Makkans now openly declared their campaign of torture and oppression. The Prophet [pbuh] lost all hope of bringing them back to the right path, so he set out for Al-Ta\u2019if seeking a supportive atmosphere. But there too, he was disappointed and he sustained unbearable tortures and maltreatment that far outweighed his miserable situation in his native town.\n\nHis Companions were on equal footing subjected to unspeakable torture and unbearable oppression to such an extent that his closest friend, Abu Bakr, to escape pressure, fled out of Makkah and wanted to leave for Abyssinia (Ethiopia) if it were not for Ibn Ad-Daghanah who met him at Bark Al-Ghamad and managed to dissuade him from completing his journey of escape and brought him back under his protection. [Bukhari 1/552; Ibn Hisham 1/372]\n\nThe death of Abu Talib rendered the Prophet [pbuh] vulnerable, and the polytheists availed them of that opportunity to give free rein to their hatred and highhandedness and to translate them in terms of oppression and physical tortures. Once an insolent Quraishite intercepted him and sprinkled sand on his head. When he arrived home, a daughter of his washed the sand away and wept. \"Do not weep, my daughter. All\u00e2h will verily protect your father.\" The Prophet [pbuh] said. [Ibn Hisham 1/416]\n\nRapid succession of misfortunes, led the Prophet [pbuh] to call that period, \u2018the year of grief and mourning\u2019. Thenceforth, that year bore that appellation.\n\nHis Marriage to Sawdah [R] in Shawwal, the tenth year of Prophethood\n\nThe death of Khadijah left the Prophet [pbuh] lonely. The name of Sawdah was suggested to him for marriage which he accepted. This lady had suffered many hardships for the sake of Islam. She was an early convert to the Islamic Faith and it was by her persuasion that her husband had embraced Islam. On the second emigration to Abyssinia (Ethiopia), Sawdah had accompanied her husband As-Sakran bin \u2018Amr. He died on their way back to Makkah leaving her in a terrible state of destitution. She was the first woman for the Prophet [pbuh] to marry after the death of Khadijah. Some years later she granted her turn with the Prophet [pbuh] to her co-wife, \u2018Aishah. [Talqeeh Fuhoom Ahl-al-Athar p.10; Rahmat-ul-lil'alameen 2/165]"
      },
      "geometry": {
        "type": "Point",
        "coordinates": [
          39.82786,
          21.43216
        ]
      }
    },
    {
      "type": "Feature",
      "properties": {
        "id": "12",
        "title": "The Third Phase: Calling unto Islam beyond Makkah",
        "year": 619,
        "category": "preaching",
        "description": "The Third Phase: Calling unto Islam beyond Makkah\n\nIn Shawwal [Tareekh-e-Islam 1/122] (in the last of May or in the beginning of June 619 A.D.), ten years after receiving his mission from his Lord, the Prophet [pbuh] set out towards At-Ta\u2019if, about 60 kilometres from Makkah, in the company of his freed slave Zaid bin Haritha inviting people to Islam. But contrary to his expectations, the general atmosphere was terribly hostile. He approached the family of \u2018Umair, who were reckoned amongst the nobility of the town. But, to his disappointment, all of them turned deaf ear to his message and used abusive language as regards the noble cause he had been striving for. Three brothers from the chieftains of Thaqeef \u2014\u2018Abd Yaleel, Mas\u2018ud and Habeeb \u2014 sons of \u2018Amr bin \u2018Umair Ath-Thaqafy met the Prophet [pbuh], who invited them to embrace Islam and worship All\u00e2h, but they impudently jeered at him and refused his invitation. \"He is tearing the cloths of AlKa\u2018bah; is it true that All\u00e2h has sent you as a Messenger?\" said one of them. \"Has not All\u00e2h found someone else to entrust him with His Message?\" said the second. \"I swear by All\u00e2h that I will never have any contact with you. If you are really the Messenger of All\u00e2h, then you are too serious to retort back; and if you are belying All\u00e2h, then I feel it is imperative not to speak to.\" said the third. The Messenger of All\u00e2h [pbuh], finding that they were hopeless cases, stood up and left them saying: \"Should you indulge in these practices of yours, never divulge them to me.\"\n\nFor ten days he stayed there delivering his message to several people, one after another, but all to no purpose. Stirred up to hasten the departure of the unwelcome visitor, the people hooted him through the alley-ways, pelted him with stones and obliged him to flee from the city pursued by a relentless rabble. Blood flowed down both his legs; and Zaid, endeavouring to shield him, was wounded in the head. The mob did not desist until they had chased him two or three miles across the sandy plains to the foot of the surrounding hills. There, wearied and exhausted, he took refuge in one of the numerous orchards, and rested against the wall of a vineyard. At a time when the whole world seemed to have turned against him, Muhammad [pbuh] turned to his Lord and betook himself to prayer and the following touching words are still preserved as those through which his oppressed soul gave vent to its distress. He was weary and wounded but confident of the help of his Lord:\n\n\"O All\u00e2h! To You alone I make complaint of my helplessness, the paucity of my resources and my insignificance before mankind. You are the most Merciful of the mercifuls. You are the Lord of the helpless and the weak, O Lord of mine! Into whose hands would You abandon me: into the hands of an unsympathetic distant relative who would sullenly frown at me, or to the enemy who has been given control over my affairs? But if Your wrath does not fall on me, there is nothing for me to worry about.\"\n\n\"I seek protection in the light of Your Countenance, which illuminates the heavens and dispels darkness, and which controls all affairs in this world as well as in the Hereafter. May it never be that I should incur Your wrath, or that You should be wrathful to me. And there is no power nor resource, but Yours alone.\"\n\nSeeing him in this helpless situation, Rabi\u2018a\u2019s two sons, wealthy Makkans, were moved on grounds of kinship and compassion, and sent to him one of their Christian servants with a tray of grapes. The Prophet [pbuh] accepted the fruit with pious invocation: \"In the Name of the All\u00e2h.\" The Christian servant \u2018Addas was greatly impressed by these words and said: \"These are words which people in this land do not generally use.\" The Prophet [pbuh] inquired of him whence he came and what religion he professed. \u2018Addas replied: \"I am a Christian by faith and come from Nineveh.\" The Prophet [pbuh] then said: \"You belong to the city of the righteous Jonah, son of Matta.\" \u2018Addas asked him anxiously if he knew anything about Jonah. The Prophet [pbuh] significantly remarked: \"He is my brother. He was a Prophet and so am I.\" Thereupon \u2018Addas paid homage to Muhammad [pbuh] and kissed his hands. His masters admonished him at this act but he replied: \"None on the earth is better than he is. He has revealed to me a truth which only a Prophet can do.\" They again reprimanded him and said: \"We forewarn you against the consequences of abandoning the faith of your forefathers. The religion which you profess is far better than the one you feel inclined to.\"\n\nHeart-broken and depressed, Muhammad [pbuh] set out on the way back to Makkah. When he reached Qarn Al-Manazil, All\u00e2h, the Almighty sent him Gabriel together with the angel of mountains. The latter asked the Prophet [pbuh] for permission to bury Makkah between Al\u2013Akhshabain \u2014Abu Qubais and Qu\u2018ayqa\u2018an mountains. Full narration of this event was given by \u2018Aishah [R] (the Prophet\u2019s spouse). She said: \"I asked the Prophet [pbuh] if he had ever experienced a worse day than Uhud. He answered that he had suffered a lot from those people (the idolaters) but the most painful was on the day of \u2018Aqabah. I went seeking support from Ibn \u2018Abd Yalil bin \u2018Abd Kalal, but he spurned me. I set out wearied and grieved heedless of anything around me until I suddenly realized I was in Qarn Ath-Tha\u2018alib, called Qarn AlManazil. There, I looked up and saw a cloud casting its shade on me, and Gabriel addressing me: All\u00e2h has heard your people\u2019s words and sent you the angel of mountains to your aid. The latter called and gave me his greetings and asked for my permission to bury Makkah between Al-Akhshabain, the two mountains flanking Makkah. I said in reply that I would rather have someone from their loins who will worship All\u00e2h, the All\u2013Mighty with no associate.\" A concise meaningful answer fully indicative of the Prophet\u2019s matchless character and the fathomless magnanimous manners. [Bukhari 1/458; Muslim 2/109]\n\nThe Messenger of All\u00e2h [pbuh] then came back to wakefulness and his heart was set at rest in the light of that invisible Divinely provided aid. He proceeded to Wadi Nakhlah where he stayed for a few days.\n\nDuring his stay there, All\u00e2h sent him a company of jinns who listened to him reciting the Noble Qur'\u00e2n:\n\n\"And (remember) when We sent towards you (Muhammad [pbuh]) Nafran (three to ten persons) of the jinns, (quietly) listening to the Qur'\u00e2n, when they stood in the presence thereof, they said: \u2018Listen in silence!\u2019 And when it was finished, they returned to their people, as warners. They said: \u2018O our people! Verily! We have heard a Book (this Qur'\u00e2n) sent down after Moses, confirming what came before it, it guides to the Truth and to a Straight Path (i.e. Islam). O our people! Respond (with obedience) to All\u00e2h\u2019s Caller (i.e. All\u00e2h\u2019s Messenger Muhammad [pbuh]), and believe in him (i.e. believe in that which Muhammad [pbuh] has brought from All\u00e2h and follow him). He (All\u00e2h) will forgive you of your sins, and will save you from a painful torment (i.e. Hell-fire).\u2019\" [Al-Qur'an 46:29-31]\n\nThe same incident is referred to in S\u00fbrah Al-Jinn:\n\n\"Say (O Muhammad [pbuh]): \"It has been revealed to me that a group (from three to ten in number) of jinns listened (to this Qur'\u00e2n). They said: \u2018Verily! We have heard a wonderful Recital (this Qur'\u00e2n)! It guides to the Right Path, and we have believed therein, and we shall never join (in worship) anything with our Lord (All\u00e2h).\u2019\" [Al-Qur'an 72:1,2] \u2026 Till the end of the 15th verse.\n\nFrom the context of these verses and their relevant interpretation, we can safely establish it that the Prophet [pbuh] was not aware of the presence of that group of jinns. It was only when All\u00e2h revealed those verses that he came to know of it. The verses also confirm that it was the first time they came. However, the context of the different versions suggests that the jinns repeated their visits later on. The presence of that company of jinns comes in the context of the Divine support given to His Messenger, and constitutes a propitious sign of ultimate victory and success for the Call of Islam. It provides an unshakable proof that no power however mighty could alter what is wrought by All\u00e2h:\n\n\"And whosoever does not respond to All\u00e2h\u2019s Caller, he cannot escape on earth, and there will be no Auliy\u00e2 (protectors) from him besides All\u00e2h (from All\u00e2h\u2019s punishment). Those are in manifest error.\" [Al-Qur'an 46:32]\n\n\"And we think that we cannot escape (from the punishment of) All\u00e2h in the earth, nor can we escape (from the punishment) by flight.\" [Al-Qur'an 72:12]\n\nGiven this support and auspicious start, depression, dismay and sadness that used to beset him since he was driven out of At-Ta\u2019if, he turned his face towards Makkah with fresh determination to resume his earlier plan to expose people to Islam and communicate his Message in a great spirit of zeal and matchless enthusiasm.\n\nZaid bin Harithah, his companion, addressing the Prophet [pbuh] said, \"How dare you step into Makkah after they (Quraish) have expatriated you?\" The Prophet [pbuh] answered: \"Hearken Zaid, All\u00e2h will surely provide relief and He will verily support His religion and Prophet.\"\n\nWhen he was a short distance from Makkah, he retired to Hira\u2019 Cave. Whence he despatched a man from Khuza\u2018ah tribe to Al-Akhnas bin Shuraiq seeking his protection. The latter answered that he was Quraish\u2019s ally and in no position to offer protection. He despatched the messenger to Suhail bin \u2018Amr, but to no avail, either. Al-Mut\u2018im bin \u2018Adi, a notable in Makkah, however, volunteered to respond to the Prophet\u2019s appeal for shelter. He asked his people to prepare themselves fully armed and then asked Muhammad [pbuh] to enter into the town and directly into the Holy Sanctuary. The Prophet [pbuh] observed a two-Rak\u2018a prayer and left for his house guarded by the heavily-armed vigilant \u2018Adi\u2019s.\n\nIt has been reported that later Abu Jahl, the archenemy of Islam, asked Mut\u2018im if his behaviour suggested protection or conversion, the latter replied it was merely protection. Abu Jahl was relieved and said that he would give Muhammad protection for his sake.\n\nThe Messenger of All\u00e2h [pbuh] never forgot Mut\u2018im\u2019s favour. At the conclusion of the battle of Badr, he declared publicly that if Mut\u2018im had been still alive and asked for the release of the Quraishite captives, he would not deny him his request. [Ibn Hisham 1/419-422; Za'd Al-Ma'ad 2/46; Mukhtasar Seerat Ar-Rasool p.14; Rahmat-al-lil'alameen 1/71-74; Tareekh-e-Islam 1/123]\n\nIslam being introduced to Arabian Tribes and Individuals\n\nIn Dhul Qa\u2018dah, the tenth year of Prophethood, i.e. July 619, the Prophet [pbuh], returned to Makkah to resume his activities. The time for pilgrimage to Makkah was approaching so he hastened to introduce people both tribes and individuals to Islam and call upon them to embrace it, just as it was his practice since the fourth year of his Prophethood.\n\nOn the authority of Az-Zuhri, of the tribes that Islam was introduced to, we could speak of Banu \u2018Amir bin Sa\u2018sa\u2018ah, Muharib bin Khasfa, Fazarah, Ghassan, Murrah, Haneefah, Saleem, \u2018Abs, Banu Nasr, Banu Al-Buka\u2019, Kindah, Kalb, Al-Harith bin Ka\u2018b, Udhrah and people of Hadrmout. Islam was not introduced to them in one single year but rather repeatedly from the fourth year till the last pre-migration season of pilgrimage. They however, remained obdurate and none of them responded positively. [At-Tirmidhi; Mukhtasar Seerat Ar-Rasool p.149; Tareekh-e-Islam 1/125]\n\nThe following is a resume of aspects relating to the Prophet\u2019s appeals as regards the new faith he was preaching:\n\n1. He visited a sept of Banu Kalb known as Banu \u2018Abdullah. He called them to All\u00e2h\u2019s Message and entreated them to accept it for the sake of All\u00e2h Who had chosen a beautiful name for their father, but without avail.\n2. He called on Bani Haneefah in their habitation, but received very repugnant treatment.\n3. He addressed Bani \u2018Amir bin Sa\u2018sa\u2018ah in their encampment, calling them to abandon idolatry and join him. One of them called Buhairah bin Firras, answered him back: \"Should we give you allegiance and All\u00e2h give you power over your opponents, will you give us right to inheritance and succeed you in power?\" The Prophet replied: \"The whole affair lies in All\u00e2h\u2019s Hands. He gives the power to whomever He desires.\" The man commented: \"Do you expect us to incur the wrath and vengeance of the Arabs without the least hope of leadership? We can in fact readily dispense with your offers.\"\n\nWhen Banu \u2018Amir returned to their habitations, they narrated the story to an elderly man who had lingered behind because he was too old. They told him, \"A young man of Quraish of Bani \u2018Abdul Muttalib, claiming that he is a Prophet, contacted us, asked for support and invited us to embrace his religion.\" The old sheikh was struck by the news, and wondered if there was no way of making amends for the loss of that opportunity and swore, \"He is really Ishmaelite (he descends from Ishmael). He is the Truth (he is a real Prophet). How did it happen that you misjudged his words?\"\n\nThe Prophet [pbuh] was not dismayed at all. He persisted in his mission for the fulfillment of which he had been commissioned to strive despite all odds. He did not confine his efforts to the tribes but also conducted contacts with individuals from some of whom he was able to receive a favourable response. Moreover, later in the same season, some of them did believe in his Prophethood and entered the fold of Islam. The following list included some of those early converts:"
      },
      "geometry": {
        "type": "Point",
        "coordinates": [
          40.4062,
          21.2703
        ]
      }
    },
    {
      "type": "Feature",
      "properties": {
        "id": "13",
        "title": "Al-Isra\u2019 and Al-Mi\u2018raj",
        "year": 621,
        "category": "biography",
        "description": "(The Miraculous Night Journey from Makkah to the Farthest Mosque in Jerusalem, and the Ascent through the Spheres of Heavens)\n\nThe last days of the Makkan phase of the Prophet\u2019s life are noted for alternate fortunes ranging between two extremes: gradual success and continual persecution. However, glimpses of propitious lights were looming on the distant horizon, to ultimately materialize in the event of the Prophet\u2019s Night Journey to Jerusalem and then Ascension through the spheres of the heavens.\n\nAs for its exact date, it is still controversial and no common consent has been reached. However, the majority of jurists is in favour of a date between 16-12 months prior to migration to Madinah. The following is a epitome of the details of that miraculous event narrated on the authority of Ibn Al-Qayyim.[Za'd Al-Ma'ad 2/49; Tareekh-e-Islam 1/124; Rahmat-al-lil'alameen 1/76]\n\nThe Messenger of All\u00e2h [pbuh] was carried in body from the Sacred Mosque in Makkah to the Distant Mosque in Jerusalem on a horse called Al-Buraq in the company of Gabriel, the archangel. There he alighted, tethered the horse to a ring in the gate of the Mosque and led the Prophets in prayer. After that Gabriel took him to the heavens on the same horse. When they reached the first heaven Gabriel asked the guardian angel to open the door of heaven. It was opened and he saw Adam, the progenitor of mankind. The Prophet [pbuh] saluted him and the other welcomed him and expressed his faith in Muhammad\u2019s Prophethood. He saw the souls of martyrs on his right and those of the wretched on his left.\n\nGabriel then ascended with the Prophet to the second heaven, asked for opening the gate and there he saw and saluted John, son of Zachariya (Yahya bin Zakariya) and Jesus, son of Mary. They returned the salutation, welcomed him and expressed their faith in his Prophethood. Then they reached the third heaven where they saw Joseph (Yusuf) and saluted him. The latter welcomed the Prophet and expressed faith in his Prophethood. The Prophet, in the company of Gabriel, then reached the fourth heaven where he met the Prophet Enoch (Idris) and saluted him. Prophet Enoch returned the salutation and expressed faith in his Prophethood. Then he was carried to the fifth heaven where he met the Prophet Aaron (Harun) and saluted him. The latter returned the salutation and expressed faith in his Prophethood. In the sixth heaven he met Moses (Musa) and saluted him. The latter returned the salutation and expressed faith in his Prophethood. Muhammad [pbuh] on leaving, saw that Moses began to weep. He asked about the reason. Moses answered that he was weeping because he witnessed a man sent after him as a Messenger (Muhammad) who was able to lead more of his people to the Paradise than he himself did. Then Prophet Muhammad [pbuh] reached the seventh heaven and met Abraham (Ibrahim)[AWS] and saluted him. The latter returned the salutation and expressed faith in his Prophethood. Then he was carried to Sidrat-al-Muntaha (the remotest lote tree) and was shown Al-Bait-al-Ma\u2018m\u00fbr [(the much frequented house) which is like the Ka\u2018bah (Sacred House) encompassed daily by seventy thousand angels, so that the angels who once encompassed it would not have their turn again till the Resurrection]. He was then presented to the Divine Presence and experienced the thrill of witnessing the Divine Glory and Manifestation at the closest possible propinquity. There the Lord revealed unto His servant that which He revealed, and ordained fifty daily prayers for him. On his return, he spoke to Moses that his followers had been enjoined to pray fifty times a day. Moses addressing the Prophet [pbuh] said: \"Your followers cannot perform so many prayers. Go back to your Lord and ask for a remission in number.\" The Prophet [pbuh] turned to Gabriel as if holding counsel with him. Gabriel nodded, \"Yes, if you desire,\" and ascended with him to the Presence of All\u00e2h. The All-Mighty All\u00e2h, Glory is to Him, made a reduction of ten prayers. He then descended and reported that to Moses, who again urged him to request for a further reduction. Muhammad [pbuh] once more begged his Lord to reduce the number still further. He went again and again in the Presence of All\u00e2h at the suggestion of Moses for reduction in the number of prayers till these were reduced to five only. Moses again asked him to implore for more reduction, but he said: \"I feel ashamed now of repeatedly asking my Lord for reduction. I accept and resign to His Will.\" When Muhammad [pbuh] went farther, a Caller was heard saying: \"I have imposed My Ordinance and alleviated the burden of My servants.\"\n\nThere is however some difference as regards the issue whether the Prophet saw All\u00e2h with his physical eye or not. Some interpreters say that seeing All\u00e2h with his naked eyes was not confirmed. Ibn \u2018Abbas, on the other hand, says that the word Ru\u2019ya as used in the Noble Qur\u2019\u00e2n signifies the observation with the help of the eye.\n\nIn S\u00fbrah An\u2013Najm (Chapter \u2014The Star) we read:\n\n\"Then he approached and came closer.\" [Al-Qur'an 53:8]\n\nHere (he) refers to archangel Gabriel, and this context is completely different from that in the Prophetic tradition of Isra\u2019 and Mi\u2018raj, where \u2018the approach\u2019 relates to that of the Lord, Glory is to Him.\n\nSome significant suggestive incidents featured the \u2018Night Journey\u2019 of the Prophet, of which we could mention:\n\n1. The Prophet\u2019s breast was cleft by Gabriel, his heart extracted and washed with the water of Zamzam \u2014a sacred spring in Makkah. 2. In the same context, there were brought to him two gold vessels. There was milk in one, while the other was full of wine. He was asked to choose either of them, so he selected the vessel containing milk and drank it. He (the angel) said: \"You have been guided on Al-Fitrah or you have attained Al-Fitrah. Had you selected wine, your nation would have been misled.\" [It is a symbolic way of saying that good and evil in the form of milk and wine were brought before the Prophet and he instinctively made a choice for the good. It is very difficult to render the Arabic term \u2018Fitrah\u2019 into English. It denotes the original constitution or disposition, with which a child comes into this world, as contrasted with qualities or inclinations acquired during life; besides it refers to the spiritual inclination inherent in man in his unspoilt state]. 3. The Prophet [pbuh] told that he saw two manifest rivers, \u2014 the Nile and the Euphrates \u2014 and two hidden ones. It appears that the two manifest rivers, the Nile and the Euphrates, symbolically describe the area in whose fertile valleys, Muhammad\u2019s Message will settle, and the people whereof will always remain the adherent bearers of Islam that will be passed on from generation to another. They can by no means suggest that they well up from the Garden. 4. He had the opportunity to see Malik, the guardian of Hell, with a cheerless frowning face. Therein, he saw the Hell dwellers, of whom were those who unjustly eat up the property of the orphans. They have flews similar to those of camels, swallowing red-hot stones and then issuing out of their backs. There were also the people who take usury with bellies too big to be able to move around; they are trodden by the people of Pharaoh when these are admitted into Hell. In the same abode, he saw the adulterers offered tasty fatty meat and rotten smelly one but they make option for the latter. The licentious women were also there hanging from their breasts. 5. The \u2018Night Journey\u2019 raised a good deal of stir among the people and the sceptical audience plied Muhammad with all sorts of questions. He told them that he saw the camels of Makkan merchants to and fro. He also guided them to some of their animals that went astray. He informed them that he had drunk some of their water while they were fast asleep and left the container covered.\n\nThe disbelievers, however, found it a suitable opportunity to jeer at the Muslims and their creed. They pestered the Prophet [pbuh] with questions as to the description of the Mosque at Jerusalem, where he had never gone before and, to the astonishment of many, the Prophet\u2019s replies furnished the most accurate information about that city. He supplied them with all the news about their caravans and the routes of their camels. However, all this increased in them nothing but flight from the Truth, and they accepted nothing but disbelief.\n\nFor the true Muslims, however there was nothing unusual about the Night Journey. The All-Mighty All\u00e2h, Who is Powerful enough to have created the heavens and the earth by an act of His Will, is surely Powerful enough to take His Messenger beyond the heavens and show him those signs of His at firsthand which are inaccessible to man otherwise. The disbelievers on their part went to see Abu Bakr on account of this event, and he readily said: \"Yes, I do verify it.\" It was on this occasion that he earned the title of As-Siddiq (the verifier of the truth). [Ibn Hisham 1/399]\n\nThe most eloquent and most concise justification of this \u2018Journey\u2019 is expressed in All\u00e2h\u2019s Words:\n\n\"... in order that We might show him (Muhammad) of Our Ay\u00e2t (proofs, evidences, signs, etc.)\" [Al-Qur'an 17:1].\n\nThe Divine rules as regards the Prophets goes as follows:\n\n\"Thus did We show Abraham the kingdom of the heavens and the earth that he be one of those who have Faith with certainty.\" [Al-Qur'an 6:75]\n\n\"That We may show you (some) of Our Greater Signs.\" [Al-Qur'an 20:23]\n\n\"He be of those who have Faith with certainty.\"\n\nThe Prophets, after seeing All\u00e2h\u2019s Signs, will establish their Faith on solid certainty too immune to be parted with. They are in fact eligible for this Divine privilege because they are the ones who will bear burdens too heavy for other ordinary people to carry, and in the process of their mission, they will regard all worldly ordeals and agonies too small to care about.\n\nThere are simple facts that emanate from this blessed Journey, and flow along into the flowery garden of the Prophetic biography; peace and blessings of All\u00e2h be upon its author, Muhammad. The story of \u2018the Night Journey\u2019 as we see in the Noble Qur\u2019\u00e2n is epitomised in the first verse of the S\u00fbrah Isra\u2019(Chapter 17 \u2014 The Journey by Night) then there is a quick shift to uncover the shameful deeds and crimes of the Jews, followed by an admonition saying that the Qur\u2019\u00e2n guides to that which is most just and right. This arrangement is not in fact a mere coincidence. Jerusalem was the first scene of the Night Journey, and here lies the message directed to the Jews and which explicitly suggested that they would be discharged of the office of leadership of mankind due to the crimes they had perpetrated and which no longer justified their occupation of that office. The message suggested explicitly that the office of leadership would be reinstituted by the Messenger of All\u00e2h [pbuh] to hold in his hand both headquarters of the Abrahamic Faith, the Holy Sanctuary in Makkah and the Farthest Mosque in Jerusalem. It was high time for the spiritual authority to be transferred from a nation whose history got pregnant with treachery, covenantbreaching and aggression to another nation blessed with piety, and dutifulness to All\u00e2h, with a Messenger who enjoys the privilege of the Qur\u2019\u00e2nic Revelation, which leads to that which is best and right.\n\nThere, however, remains a crucial question waiting to be answered: How could this foreseen transition of authority be effected while the champion himself (Muhammad) was left deserted and forsaken stumbling in the hillocks of Makkah? This question per se uncovered the secrets of another issue which referred to a phase of the Islamic Call and the appearance of another role it was about to take up, different in its course and noble in its approaches. The forerunners of that new task took the shape of Qur\u2019\u00e2nic verses smacking of direct and unequivocal warning accompanied by a severe ultimatum directed to the polytheists and their agents:\n\n\"And when We decide to destroy a town (population), We (first) send a definite order (to obey All\u00e2h and be righteous) to those among them [ or We (first) increase in number those of its population] who are given the good things of this life. Then, they transgress therein, and thus the word (of torment) is justified against it (them). Then We destroy it with complete destruction. And how many generations (past nations) have We destroyed after Noah! And Sufficient is your Lord as an All-Knower and All-Beholder of the sins of His slaves.\" [Al-Qur'an 17:16, 17]\n\nTogether with these verses, there were others revealed to show the Muslims the rules and items of the civilization upon which they could erect their Muslim community, and foreshadowing their ownership of a piece of land, exercising full freedom over it and establishing a coherent society around whose axis the whole humanity would rotate. Those verses in reality implied better prospects for the Prophet [pbuh] comprising a secure shelter to settle in, and headquarters safe enough to empower and embolden him to communicate his Message to all the world at large; that was in fact the inner secret of that blessed journey. For this very wisdom and the like we deem it appropriate to suggest that \u2018the Night Journey\u2019 took place either before the First Pledge of \u2018Aqabah or between the two; after all, All\u00e2h knows best."
      },
      "geometry": {
        "type": "Point",
        "coordinates": [
          39.82004,
          21.42886
        ]
      }
    },
    {
      "type": "Feature",
      "properties": {
        "id": "14",
        "title": "The First \u2018Aqabah Pledge",
        "year": 621,
        "category": "treaties",
        "description": "We have already spoken about six Madinese who embraced Islam in the pilgrimage season in the eleventh year of Prophethood. They promised to communicate the Message of Islam to their townsfolk.\n\nThe following year, on the occasion of the pilgrimage, there came a group of twelve disciples ready to acknowledge Muhammad as their Prophet. The group of men comprised five of the six who had met the Prophet [pbuh] the year before, the sixth who stayed away was Jabir bin \u2018Abdullah bin Reyab, the other seven were:\n\n1. Mu\u2018adh bin Al-Harith, Ibn \u2018Afra, from Khazraj. 2. Dhakwan bin \u2018Abd Al-Qais, from Khazraj. 3. \u2018Ubadah bin As-Samit, from Khazraj. 4. Yazeed bin Tha\u2018labah, from Khazraj. 5. \u2018Al-\u2018Abbas bin \u2018Ubadah bin Nadalah, from Khazraj. 6. Abul Haitham bin At-Taihan, from Aws. 7. \u2018Uwaim bin Sa\u2018idah, from Aws.\n\nThey avowed their faith in Muhammad [pbuh] as a Prophet and swore: \"We will not worship any one but one Allah; we will not steal; neither will we commit adultery, nor kill our children; we will not utter slander, intentionally forging falsehood and we will not disobey you in any just matter.\" When they had taken the pledge, Muhammad [pbuh] said: \"He who carries it out, All\u00e2h will reward him; and who neglects anything and is afflicted in this world, it may prove redemption for him in the Hereafter; and if the sin remains hidden from the eyes of the men and no grief comes to him, then his affair is with All\u00e2h. He may forgive him or He may not.\" [Bukhari 1/550; 2/727; 2/1003]\n\nAfter the Pledge (in the form of an oath had been taken) the Prophet [pbuh] sent to Yathrib (Madinah) Mus\u2018ab bin \u2018Umair Al-\u2018Abdari [R], the first Muslim \u2018ambassador\u2019 to teach the people there the doctrines of Islam, give them practical guidance and make attempts at propagating the Islam among those who still professed polytheism. As\u2018ad bin Zurarah hosted him in Madinah. So prepared was the ground, and so zealous the propagation that the Islam spread rapidly from house to house and from tribe to tribe. There were various cheerful and promising aspects of success that characterized Mus\u2018ab\u2019s task. One day Mus\u2018ab and As\u2018ad were on their way to the habitations of Bani \u2018Abd Al-Ashhal and Bani Zafar, when they went into the premises of the latter clan. There they sat near a well conversing with some new converts. Sa\u2018d bin Mu\u2018adh and Usaid bin Hudair, chiefs of the two clans heard of this meeting, so Usaid approached the Muslims armed with his lance while the other Sa\u2018d excused himself on grounds that As\u2018ad was his maternal cousin. Usaid came closer cursing and swearing and accused the two men of befooling people weak of heart, and ordered that they stop it altogether. Mus\u2018ab calmly invited him to sit saying, \"If you are pleased with our talk, you can accept it; should you hold it in abhorrence, you could freely immunize yourself against what you hate.\" \"That\u2019s fair,\" said Usaid, pierced his lance in the sand, listened to Mus\u2018ab and then heard some verses of the Noble Qur\u2019\u00e2n. His face bespoke satisfaction and pleasure before uttering any words of approval. He asked the two men about the procedures pertinent to embracing Islam. They asked him to observe washing, purge his garment, bear witness to the Truth and then perform two Rak\u2018a. He responded and did exactly what he was asked to do, and then said there was a man (Sa\u2018d bin Mu\u2018adh) whose people would never hang back if he followed the Islam. He then left to see Sa\u2018d and his people. Sa\u2018d could immediately understand that Usaid had changed. To a question posed by Sa\u2018d, Usaid said that two men were ready to comply with whatever orders they received. He then managed a certain situation that provided the two men with a chance to talk with Sa\u2018d privately. The previous scene with Usaid recurred and Sa\u2018d embraced Islam, and directly turned to his people swearing that he would never talk with them until they had believed in All\u00e2h, and in His Messenger. Hardly did the evening of that day arrive when all the men and women of that sept of Arabians embraced Islam with the exception of one, Al-Usairim, who hung back until the Day of Uhud. On that day he embraced Islam and fought the polytheists but was eventually killed before observing any prostration in the way of prayer. The Prophet [pbuh] commented saying: \"He has done a little but his reward is great.\"\n\nMus\u2018ab stayed in Madinah carrying out his mission diligently and successfully until all the houses of Al-Ansar (the future Helpers) had Muslims elements, men and women. One family only stood obdurate to the Islamic Da\u2018wah (Call). They were under the influence of the poet Qais bin Al-Aslat, who managed to hold them at bay and screen off the Call of Islam from their ears until the year 5 A.H.\n\nShortly before the approach of the following pilgrimage season, i.e. the thirteenth year of Prophethood, Mus\u2018ab bin \u2018Umair returned to Makkah carrying to the Prophet [pbuh] glad tidings about the new fertile soil of Islam in Madinah, and its environment rich in the prospects of good, and the power and immunity that that city was bound to provide to the cause of Islam. [Ibn Hisham 1/435; Za'd Al-Ma'ad 2/51]"
      },
      "geometry": {
        "type": "Point",
        "coordinates": [
          39.82007,
          21.42426
        ]
      }
    },
    {
      "type": "Feature",
      "properties": {
        "id": "15",
        "title": "The Second \u2018Aqabah Pledge",
        "year": 622,
        "category": "treaties",
        "description": "The next year, thirteenth of Prophethood, June 622 A.D., during the pilgrimage season, over seventy converts from Madinah came in the trail of their polytheist people to perform the rituals of pilgrimage in Makkah. The oft-repeated question amongst them was \"Isn\u2019t it high time we protect Muhammad instead of leaving him forsaken, deserted and stumbling in the hillocks of Makkah?\"\n\nShortly after arrival, they conducted clandestine contacts with the Prophet [pbuh] and agreed to meet him secretly at night in mid Tashreeq Days (the 11th, 12th and 13th days of Dhul Hijja) in a hillock at Al-\u2018Aqabah, the last year\u2019s meeting place.\n\nOne of the leaders of the Ans\u00e2r (Helpers), Ka\u2018b bin Malik Al-Ansari, gave an account of the historic meeting which changed the whole course of the struggle between Islam and paganism, he said:\n\nWe set out for pilgrimage and struck a rendezvous in mid Tashreeq Days. We were accompanied by a celebrity and a notable of ours called \u2018Abdullah bin \u2018Amr bin Haram, who was still a polytheist. We disclosed to him our intention of meeting Muhammad [pbuh] and exhorted him to join our ranks and give up polytheism lest he should serve as wood for Hell in the Hereafter. He promptly embraced Islam and witnessed the serious meeting at Al-\u2018Aqabah.\n\nThat very night we slept with our people in our camps. After a third of the night had elapsed, we began to leave stealthily and met in a hillock nearby. We were seventy three men and two women Nusaibah bint Ka\u2018b from the Najjars and Asma\u2019 bint \u2018Amr from Bani Salamah. We waited for the Messenger of All\u00e2h [pbuh] until he came in the company of his uncle Al-\u2018Abbas bin \u2018Abdul Muttalib who (though himself not a Muslim), adjured us not to draw his nephew away from the protection of his own kindred unless we were fully prepared to defend him even at the risk of our lives. He was the first to speak:\n\n\"O you people of the Khazraj \u2014 the Arabs used to call the Ans\u00e2r (Helpers) Khazraj, whether from Khazraj or Aws \u2014 you all know the position that Muhammad holds among us. We have protected him from our people as much as we could. He is honoured and respected among his people. He refuses to join any party except you. So if you think you can carry out what you promise while inviting him to your town, and if you can defend him against the enemies, then assume the burden that you have taken. But if you are going to surrender him and betray him after having taken him away with you, you had better leave him now because he is respected and well defended in his own place.\" [Ibn Hisham 1/440-442]\n\nKa\u2018b replied: \"We have heard your words, and now O Messenger of All\u00e2h, it is for you to speak and take from us any pledge that you want regarding your Lord and yourself.\"\n\nIt was a definite stance showing full determination, courage and deep faith to shoulder the daunting responsibility and bear its serious consequences.\n\nThe Messenger of All\u00e2h then preached the Faith, and the pledge was taken. Al-Imam Ahmad, on the authority of Jabir, gave the following details:\n\nThe Ans\u00e2r (Helpers) asked the Messenger of All\u00e2h about the principles over which they would take a pledge. The Prophet answered:\n\n1. To listen and obey in all sets of circumstances. 2. To spend in plenty as well as in scarcity. 3. To enjoin good and forbid evil. 4. In All\u00e2h\u2019s service, you will fear the censure of none. 5. To defend me in case I seek your help, and debar me from anything you debar yourself, your spouses and children from. And if you observe those precepts, Paradise is in store for you. [Mukhtasar Seerat Ar-Rasool p.155; Ibn Hisham 1/454]\n\nIn another version narrated by Ka\u2018b, he said:\n\nThe Prophet [pbuh] began to speak, recited some Qur\u2019\u00e2nic verses, called people unto All\u00e2h, exhorted them to enter the fold of Islam and concluded saying: \"I give you my pledge that you debar me from whatever you debar your women and children from.\" Here Al-Bara\u2019 bin Ma\u2018rur, caught him by hand, and said: \"Oh yes, we swear by All\u00e2h, Who sent you as a Prophet in Truth, that we will debar you from whatever we debar our women from. Have confidence in us, O Messenger of All\u00e2h. By All\u00e2h, we are genuine fighters and quite reliable in war, it is a trait passed down to us from our ancestors.\"\n\nThen \u2018Abul Haitham At-Taihan interrupted and said: \"O Prophet of All\u00e2h! Between us and the Jews, there are agreements which we would then sever. If All\u00e2h grants you power and victory, should we expect that you would not leave us, and join the ranks of your people (meaning Quraish)?\" The Prophet [pbuh] smiled and replied:\n\n\"Nay, it would never be; your blood will be my blood. In life and death I will be with you and you with me. I will fight whom you fight and I will make peace with those with whom you make peace.\" [Ibn Hisham 1/442]\n\nAfter the negotiations concerning the conditions of allegiance had ended, and all of the audience were unanimously agreed to ratify it, two men of the early generation of converts who had embraced Islam in the eleventh and twelfth years rose to their feet to apprise the others of the serious step they were about to take so that they could give their pledge fully aware of the whole affair and consequently be ready for the sacrifice they were expected to make. Al \u2018Abbas bin Ubada bin Nadlah, in this context, remarked: \"O you people of Khazraj! Do you know the significance of the pact that you are entering into with this man? You are in fact avowing that you will fight against all and sundry. If you fear that your property will be at stake or the lives of your nobles will be endangered, then leave him now, because if you do this after the pledge, it will be degrading for you both in this world and the world to come. But if you think that you can carry out what you are called upon to do in spite of the loss of precious lives and property, then undertake this heavy responsibility, and I swear by All\u00e2h, that herein lies the good of this world and that of the next.\"\n\nThey replied, \"We have already considered the loss of property and the murder of our notables, yet we pay him allegiance. But what is our reward if we observe all the items of this pact?\" The Prophet replied: \"Paradise is in store for you.\" Then they asked him to stretch out his hand, and they all stretched out their hands and took the pledge. Only at that time did As\u2018ad bin Zurarah come to realize the people\u2019s readiness for sacrifice in the cause of All\u00e2h. [Ibn Hisham 1/446]\n\nOn the authority of Jabir, who said: \"When we started to pay allegiance to the Prophet [pbuh], As\u2018ad bin Zurarah stood up and gave the following short address: \"Take it easy people of Yathrib! We have not covered that long distance except because we have had deep belief that he (Muhammad [pbuh]) is the Messenger of All\u00e2h. We are already convinced that following him entails departure from the pagan Arabs even if it were at the risk of our life. Should you preserve in this course, holdfast to it, and your great reward is placed in the Hand of All\u00e2h, but if you are caught in fear, I admonish you to give it up just now, and then you would be more excusable by All\u00e2h.\" [Musnad Ahmad]\n\nWith respect to the two women, the pledge was taken orally for the Prophet [pbuh] had never shaken hands with a strange lady. [Muslim 2/131]\n\nThe Prophet [pbuh] then asked the group to appoint twelve deputies to preach Islam to their people in Madinah, to shoulder the responsibility of implementing the articles of this pledge and to guide the respective men of their own tribes in matters relating to the propagation of Islam. The deputies elected were nine from Al-Khazraj: As\u2018ad bin Zurarah bin \u2018Ads, Sa\u2018d bin Ar-Rabi\u2018 bin \u2018Amr, \u2018Abdullah bin Rawahah bin Tha\u2018labah, Rafi\u2018 bin Malik bin Al-\u2018Ajlan, Al-Bara\u2019 bin Ma\u2018rur bin Sakhr, \u2018Abdullah bin \u2018Amr bin Haram, \u2018Ubadah bin As-Samit bin Qais, Sa\u2018d bin \u2018Ubadah bin Dulaim and AlMundhir bin \u2018Amr bin Khunais. Three others were from Al-Aws: Usaid bin Hudair bin Sammak, Sa\u2018d bin Khaithamah bin Al-Harith and Rifa\u2018a bin \u2018Abdul Mundhir bin Zubair. Once again, those twelve men were sworn to act as surety over the affairs of their people just as the Christ\u2019s disciples did, and the Prophet would act as surety over his people, meaning all the Muslims.\n\nSomehow or other, the news of these secret desert meetings with the Madinese leaked out. The Prophet immediately knew that it was a certain pudgy ugly devil, inhabited in Al-\u2018Aqabah, who discovered their meeting, and he threatened to settle his account with him as soon as possible.\n\nOn hearing this, Al-\u2018Abbas bin Nadlah said \"By All\u00e2h, Who has sent you in Truth, we are powerful enough to put the people of Mina (the Quraishites) to our swords tomorrow, if you desire.\" The Prophet [pbuh] said \"We have not been commanded to follow that course. Now, back to your camps.\" They went back to sleep till morning. [Ibn Hisham 1/448]\n\nNo sooner did Quraish hear of this treaty than a kind of trouble-provoking tumult began to mushroom in all directions. They realized quite fully that an allegiance of this sort is bound to produce far-reaching ramifications of direct impact on their lives and wealth. The following day, a large delegation comprising the leaders and archcriminals of Makkah set out for the camp of the Madinese to protest severely against the treaty. They addressed the Madinese: \"O people of Khazraj, it transpired to us that you have come here to conclude a treaty with this man (Muhammad) and evacuate him out of Makkah. By All\u00e2h, we do really hold in abhorrence any sort of fight between you and us.\" [Ibn Hisham 1/448]\n\nThe Madinese polytheists having known nothing about the secretly taken pledge, began to swear by All\u00e2h and answered in good faith that there was no truth in the report. \u2018Abdullah bin Ubai bin Salul, a Madinese polytheist, refuted their allegations denouncing them as null and void, claiming that his people would never initiate anything unless he gave them clear orders.\n\nThe Madinese Muslims, however, remained silent neither negating nor confirming. The Quraishite leaders seemed to be almost convinced by the arguments presented by the polytheists, and went back home frustrated. However, they did not fully acquiesce in the words they heard. They began to scrutinize the smallest details, and trace the minutest news till it was established beyond a shadow of doubt that the pact did take place, but that was after the Madinese pilgrims had left Makkah. In a fit of rage, they pursued the pilgrims but did not succeed in catching hold of anyone except Sa\u2018d bin \u2018Ubadah. They subjected him to unspeakable tortures, but he was later rescued by Al-Mut\u2018im bin \u2018Adi and Harith bin Harb bin Omaiya with whom he had trade relations. [Za'd Al-Ma'ad 2/51,52; Ibn Hisham 1/448-450]\n\nThat is the story of the Second \u2018Aqabah Pledge, later known as the Great \u2018Aqabah Pledge, effected in an atmosphere of love, allegiance and mutual support between Madinese believers and weak Makkan Muslims. This new spirit of affection, rapport and cooperation could never be attributable to a fleeing whim, on the contrary, it totally derived from an already deeply-established approach, viz. Belief in All\u00e2h, His Messenger and His Book. It was a Belief so rooted in the selves that it managed to stand immune to all powers of injustice and aggression, and could be translated into miracles in the practical aspects of action and ideology pursuit. That sort of Belief was the real instrument for the Muslims to record in the annals of history unprecedented breakthroughs. We are also sure that the future will always remain wanting as regards those great achievements carried out by those great men."
      },
      "geometry": {
        "type": "Point",
        "coordinates": [
          39.82334,
          21.42104
        ]
      }
    },
    {
      "type": "Feature",
      "properties": {
        "id": "16",
        "title": "The Vanguard of Migration",
        "year": 622,
        "category": "migrations",
        "description": "After the endorsement of the Second \u2018Aqabah Pledge and the establishment of a petite Muslim state in a vast desert surging with disbelief and ignorance \u2014 the most serious gain in terms of Islam \u2014, the Prophet [pbuh] gave his leave for the Muslims to migrate to Madinah, the nascent Muslim state.\n\nMigration to Madinah, in terms of personal interests, was no more than material waste and sacrifice of wealth, all in return for personal safety only. Even here, the migrant could not expect full security; he was liable to be robbed or even killed either at the beginning or end of his departure. The future was foggy, pregnant with various unpredictable sorts of sorrows and crises.\n\nBearing all this in mind, the Muslims began to migrate, while the polytheists spared no effort in hindering and debarring them, knowing beforehand that such a move implied unimaginable threats and unthinkable destructive dangers to their whole society:\n\n1. The first one to migrate was Abu Salamah, a year before the Great \u2018Aqabah Pledge. When he had made up his mind to leave Makkah, his in-laws, in a desperate attempt to raise obstacles, detained his wife and snatched his son and dislocated his hand. Umm Salamah, after the departure of her husband and the loss of her son spent a year by herself weeping and lamenting. A relative of hers eventually had pity on her and exhorted the others to release her son and let her join her husband. She then set out on a journey of 500 kilometres with no help whatsoever. At a spot called At-Tan\u2018im, \u2018Uthman bin Talhah came across her and offered to give her a ride to Madinah. She, along with her son, joined Abu Salamah in the village of Quba\u2019, a suburb of Madinah. [Ibn Hisham 1/468] 2. Another instance of the atrocities of the polytheist Makkans, as regards migration, is Suhaib. This man expressed his wish to migrate and of course this was a source of indignation to the disbelievers. They began to insult him claiming that he had come into Makkah as a worthless tramp, but their town was gracious enough and thanks to them he managed to make a lot of money and become wealthy. They gave orders that he would not leave. Seeing this, he offered to give away all his wealth to them. They eventually agreed to release him on that condition. The Prophet heard this story and commented on it saying:\n\n\"Suhaib is the winner, after all.\" [Ibn Hisham 1/477]\n\n3. Then, there was the story of \u2018Umar bin Al-Khattab, \u2018Ayyash bin Abi Rabi\u2018a and Hisham bin Al-\u2018Asi, who agreed to meet at a certain place one morning in order to leave for Madinah; \u2018Umar and \u2018Ayyash came but Hisham was detained by the Makkans.\n\nShortly afterwards Abu Jahl, and his brother Al-Harith came to Madinah to see their third brother \u2018Ayyash. They cunningly tried to touch the most sensitive area in man, i.e. his relation with his mother. They addressed him claiming that his mother had sworn she would never comb her hair, nor shade herself off the sun unless she had seen him. \u2018Ayyash took pity on his mother, but \u2018Umar was intelligent enough to understand that they wanted to entice \u2018Ayyash away from Islam so he cautioned him against their tricks, and added \"your mother would comb her hair if lice pestered her, and would shade herself off if the sun of Makkah got too hot for her.\" These words notwithstanding, \u2018Ayyash was determined to go and see his mother, so \u2018Umar gave him his manageable docile camel advising him to stick to its back because it would provide rescue for him if he perceived anything suspicious on their part. The party of three then set forth towards Makkah. As soon as they covered part of the distance, Abu Jahl complained about his camel and requested \u2018Ayyash to allow him to ride behind him on his camel. When they knelt down to the level of the ground, the two polytheists fell upon \u2018Ayyash and tied him. They rode on into Makkah shouting at people to follow their example with respect to \u2018fools\u2019. [Ibn Hisham 1/474; Bukhari 1/558]\n\nThese are just three self-explanatory models of the Makkans\u2019 reaction towards anyone intending to migrate. Nevertheless, the believers still managed to escape in successive groups and so rapidly that within two months of the Second \u2018Aqabah Pledge, entire quarters of Makkah were deserted. Almost all the followers of Muhammad had migrated to their new abode, except Abu Bakr, \u2018Ali, the Prophet [pbuh] himself, and those helpless noble souls who had been detained in confinement or were unable to escape. The Prophet [pbuh], together with Abu Bakr and \u2018Ali, had made all the necessary preparations for migration but was waiting for leave from his Lord. [Za'd Al-Ma'ad 2/52]\n\nIt is noteworthy that most of the Muslims who had migrated to Abyssinia (Ethiopia), came back to Madinah to join the rest of the Muslims there.\n\nThe situation was no doubt critical in Makkah but Muhammad [pbuh] was not at all perturbed. Abu Bakr was, however, urging the Prophet to depart from that town. He was also eagerly waiting for an opportunity to accompany Muhammad [pbuh] on this eventful journey. But the Prophet told him that the time had not yet come; the Lord had not given him the command to migrate. In anticipation of the Command of All\u00e2h, Abu Bakr had made preparations for the journey. He had purchased two swift camels and had fed them properly for four months so that they could successively stand the ordeals of the long desert journey. [Bukhari 1/553]"
      },
      "geometry": {
        "type": "Point",
        "coordinates": [
          39.82794,
          21.42107
        ]
      }
    },
    {
      "type": "Feature",
      "properties": {
        "id": "17",
        "title": "In An-Nadwah (Council) House",
        "year": 622,
        "category": "migrations",
        "description": "The polytheists were paralysed by the carefully planned and speedy movement of Muhammad\u2019s followers towards their new abode in Madinah. They were caught in unprecedented anxiety and got deeply worried over their whole pagan and economic entity. They already experienced Muhammad [pbuh] as an influential leader; and his followers as determined, decent and always ready to sacrifice all they had for the sake of the Messenger of All\u00e2h [pbuh]. Al-Aws and Al-Khazraj tribes, the would-behosts of the Makkan Muslims, were also known in Arabia for their might and power in war, and judicious and sensible approach in peace. They were also averse to rancour and prejudice for they themselves had had bitter days of inter-tribal warfare. Madinah , itself, the prospective headquarters of the ever-growing Islamic Call, enjoyed the most serious strategic position. It commanded the commercial routes leading to Makkah whose people used to deal in about a quarter of a million gold dinar-worth commodities every year. Security of the caravan routes was crucial for the perpetuity of prosperous economic life. All those factors borne in mind, the polytheists felt they were in the grip of a serious threat. They, therefore, began to seek the most effective method that could avert this imminent danger. They convened a meeting on Thursday, 26th Safar, the year fourteen of Prophethood / 12th September 622 A.D[For details see Rahmat-al-lil'alameen 1/95-102] ., i.e. two and a half months after the Great \u2018Aqabah Pledge. On that day, \"the Parliament of Makkah\" held the most serious meeting ever, with one item on the agenda: How to take effective measures with a view to stopping that tidal wave. Delegates representing all the Quraishite tribes attended the meeting, the most significant of whom were:\n\n1. Abu Jahl bin Hisham, from Bani Makhzum; 2. Jubair bin Mut\u2018im, Tuaima bin \u2018Adi, and Al-Harith bin \u2018Amir representing Bani Naufal bin \u2018Abd Munaf; 3. Rabi\u2018a\u2019s two sons Shaibah and \u2018Utbah besides Abu Sufyan bin Harb from Bani \u2018Abd Shams bin \u2018Abd Munaf; 4. An-Nadr bin Al-Harith (who had besmeared the Prophet [pbuh] with animal entrails) to speak for Bani \u2018Abd Ad-Dar; 5. Abul Bukhtary bin Hisham, Zama\u2018a bin Al-Aswad and Hakeem bin Hizam to represent Bani Asad bin \u2018Abd Al-\u2018Uzza; 6. Al-Hajjaj\u2019s two sons Nabih and Munbih from Bani Sahm; 7. Omaiyah bin Khalaf from Bani Jumah.\n\nOn their way to An-Nadwah House, Iblis (Satan) in the guise of a venerable elderly man standing at the door interrupted their talk and introduced himself as a man from Najd curious enough to attend the meeting, listen to the debate and wish them success to reach a sound opinion. He was readily admitted in.\n\nThere was a lengthy debate and several proposals were put forward. Expulsion from Makkah was proposed and debated in turn but finally turned down on grounds that his sweet and heart-touching words could entice the other Arabs to attack them in their own city. Imprisonment for life was also debated but also refused for fear that his followers might increase in number, overpower them and release him by force. At this point, the arch-criminal of Makkah, Abu Jahl bin Hisham suggested that they assassinate him. But assassination by one man would have exposed him and his family to the vengeance of blood. The difficulty was at last solved by Abu Jahl himself, who suggested that a band of young men, one from each tribe, should strike Muhammad simultaneously with their swords so that the blood-money would be spread over them all and therefore could not be exacted, and his people would seek a mind-based recourse for settlement. The sinful proposal was unanimously accepted, and the representatives broke up the meeting and went back home with full determination for immediate implementation. [Ibn Hisham 1/480-482]"
      },
      "geometry": {
        "type": "Point",
        "coordinates": [
          39.83116,
          21.42434
        ]
      }
    },
    {
      "type": "Feature",
      "properties": {
        "id": "18",
        "title": "Migration of the Prophet",
        "year": 622,
        "category": "migrations",
        "description": "When the iniquitous decision had been made, Gabriel was sent down to Muhammad [pbuh] to reveal to him Quraish\u2019s plot and give him his Lord\u2019s Permission to leave Makkah. He fixed to him the time of migration and asked him not to sleep that night in his usual bed. At noon, the Prophet [pbuh] went to see his Companion Abu Bakr and arranged with him everything for the intended migration. Abu Bakr was surprised to see the Prophet [pbuh] masked coming to visit him at that unusual time, but he soon learned that All\u00e2h\u2019s Command had arrived, and he proposed that they should migrate together, to which the Prophet [pbuh] gave his consent.[Bukhari 1/553]\n\nTo make the necessary preparations for the implementation of their devilish plan, the chiefs of Makkah had chosen eleven men: Abu Jahl, Hakam bin Abil Al-\u2018As, \u2018Uqbah bin Abi Mu\u2018ait, An-Nadr bin Harith, Omaiyah bin Khalaf, Zama\u2018a bin Al-Aswad, Tu\u2018aima bin \u2018Adi, Abu Lahab, Ubai bin Khalaf, Nabih bin Al-Hajjaj and his brother Munbih bin Al-Hajjaj. All were on the alert. As night advanced, they posted assassins around the Prophet\u2019s house. Thus they kept vigil all night long, waiting to kill him the moment he left his house early in the morning, peeping now and then through a hole in the door to make sure that he was still lying in his bed. Abu Jahl, the great enemy of Islam, used to walk about haughtily and arrogantly jeering at Muhammad\u2019s words, saying to the people around him: \"Muhammad claims that if you follow him, he will appoint you rulers over the Arabs and non-Arabs and in the Hereafter your reward will be Gardens similar to those in Jordan, otherwise, he will slaughter you and after death you will be burnt in fire.\"[Ibn Hisham 1/483] He was too confident of the success of his devilish plan. All\u00e2h, the All-Mighty, however, in Whose Hands lie the sovereignty of the heavens and earth, does what He desires; He renders succour and can never be overpowered. He did exactly what He later said to His Prophet:\n\n\"And (remember) when the disbelievers plotted against you (O Muhammad [pbuh]) to imprison you, or to kill you, or to get you out (from your home, i.e. Makkah); they were plotting and All\u00e2h too was planning, and All\u00e2h is the Best of the planners.\" [Al-Qur'an 8:30]\n\nAt that critical time the plans of Quraish utterly failed despite the tight siege they laid to the Prophet\u2019s house, the Prophet [pbuh] and \u2018Ali were inside the house. The Prophet [pbuh] told \u2018Ali to sleep in his bed and cover himself with his green mantle and assured him full security under All\u00e2h\u2019s protection and told him that no harm would come to him. The Prophet [pbuh] then came out of the room and cast a handful of dust at the assassins and managed to work his way through them reciting verses of the Noble Qur\u2019\u00e2n:\n\n\"And We have put a barrier before them, and a barrier behind them, and We have covered them up, so that they cannot see.\" [Al-Qur'an 36:9]\n\nHe proceeded direct to the house of Abu Bakr who, immediately accompanied him and both set out southwards, clambered up the lofty peak of Mountain Thawr, and decided to take refuge in a cave.[Ibn Hisham 1/483; Za'd Al-Ma'ad 2/52]\n\nThe assassins who laid siege to the house were waiting for the zero hour when someone came and informed them that the Prophet [pbuh] had already left. They rushed in and to their utter surprise, found that the person lying in the Prophet\u2019s bed was \u2018Ali not Muhammad [pbuh]. This created a stir in the whole town. The Prophet [pbuh] had thus left his house on Safar 27th, the fourteenth year of Prophethood, i.e. 12/13 September 622 A.D.[Rahmat-al-lil'alameen 1/95]\n\nKnowing already that Quraish would mobilize all its potentials to find him, he played a clever trick on them and instead of taking the road to Madinah in north side of Makkah as the polythiest would expect, he walked along a road least expected lying south of Makkah and leading to Yemen. He walked for 5 miles until he reached a rough rocky mountain called Thawr. There his shoes were worn out, some said he used to walk tiptoe in order not to leave a trail behind him. Abu Bakr [R] carried him up the mountain to a cave called after the name of the mountain, Cave Thawr. Abu Bakr first entered to explore the cave and be sure that it was safe, closed all holes with pieces torn off from his clothes, cleaned it and then asked the Prophet [pbuh] to step in. The Prophet [pbuh] went in and immediately laid his head in Abu Bakr\u2019s lap and fell asleep. Suddenly Abu Bakr\u2019s foot was stung by a poisonous insect. It hurt so much that his tears fell on the Prophet\u2019s face. The Prophet [pbuh] immediately applied his saliva on Abu Bakr\u2019s foot and the pain went off on the spot. They confined themselves to this cave for three nights, Friday, Saturday and Sunday. \u2018Abdullah, the son of Abu Bakr would go to see them after dusk, stay the night there, apprise them of the latest situation in Makkah, and then leave in the early morning to mix with the Makkans as usual and not to draw the least attention to his clandestine activities. \u2018Amir bin Fuhairah, while in the company of other shepherds of Makkah tending his master Abu Bakr\u2019s flock, used to stole away unobserved every evening with a few goats to the cave and furnished its inmates with a plentiful supply of milk.[Bukhari 1/553; Ibn Hisham 1/486]\n\nQuraish, on the other hand, were quite baffled and exasperated when the news of the escape of the two companions was confirmed. They brought \u2018Ali to Al-Ka\u2018bah, beat him brutally and confined him there for an hour attempting desperately to make him divulge the secret of the disappearance of the two \u2018fugitives\u2019, but to no avail. They then went to see Asma\u2019, Abu Bakr\u2019s daughter, but here also their attempts went in vain. While at her door Abu Jahl slapped the girl so severely that her earring broke up.[Rahmat-al-lil'alameen 1/96; Ibn Hisham 1/487]\n\nThe notables of Makkah convened an emergency session to determine the future course of action and explore all areas that could help arrest the two men. They decided to block all avenues leading out of Makkah and imposed heavy armed surveillance over all potential exits. A price of 100 camels was set upon the head of each one.[Bukhari 1/554] Horsemen, infantry and tracers of tracks scoured the country. Once they even reached the mouth of the cave where the Prophet [pbuh] and Abu Bakr were hiding. When he saw the enemy at a very close distance, Abu Bakr whispered to the Prophet [pbuh]: \"What, if they were to look through the crevice and detect us?\" The Prophet [pbuh] in his God-inspired calm replied:\n\n\"Silence Abu Bakr! What do you think of those two with whom the Third is All\u00e2h.\"[Bukhari 1/516; Mukhtasar Seerat Ar-Rasool p.168]\n\nIt was really a Divine miracle, the chasers were only a few steps from the cave.\n\nFor three days Muhammad [pbuh] and Abu Bakr lived in the cave and Quraish continued their frantic efforts to get hold of them.\n\nSomeone called \u2018Abdullah bin Uraiquit, who had as yet not embraced Islam, but was trusted by Abu Bakr, and had been hired by him as a guide, reached the cave after three nights according to a plan bringing with him Abu Bakr\u2019s two camels. His report satisfied the noble \u2018fugitives\u2019 that the search had slackened. The opportunity to depart was come. Here Abu Bakr offered the Prophet [pbuh] the swift animal to ride on. The latter agreed provided that he would pay its price. They took with them the food provisions that Asma\u2019, daughter of Abu Bakr, brought and tied in a bundle of her waistband, after tearing it into two parts, hence the appellation attached to her: \"Asma\u2019 of the two waistbands.\" The Prophet [pbuh], Abu Bakr and \u2018Amir bin Fuhairah departed, and their guide \u2018Abdullah bin Uraiquit led them on hardly ever trodden ways along the coastal route. That was in Rabi\u2018 Al-Awwal, 1st year A.H., i.e. September 622 A.D. The little caravan travelled through many villages on their way to Quba\u2019. In this context, it is relevant to introduce some interesting incidents that featured their wearying journey:\n\n1. One day they could find no shelter from the scorching heat so Abu Bakr [R] cast a glance and found a little shade beside a rock. He cleaned the ground, spread his mantle for the Prophet [pbuh] to lie on and himself went off in search of food. He came across a shepherd, a bedouin boy, who was also seeking a shelter. Abu Bakr asked him for some milk and took it to the Prophet [pbuh], cooled it with some water and waited till the Prophet [pbuh] woke up and quenched his thirst.[Bukhari 1/510] 2. Whoever asked Abu Bakr [R] about the identity of his honourable companion, he would reply that he was a man who guided him on his way. The questioner would think that Muhammad [pbuh] was a guide, in terms of roads, whereas Abu Bakr used to mean guide to the way of righteousness.[Bukhari 1/556] 3. Quraish, as we have already mentioned, had declared that whoever would seize Muhammad [pbuh] would receive a hundred camels as reward. This had spurred many persons to try their luck. Among those who were on the lookout for the Prophet [pbuh] and his companion in order to win the reward was Suraqah, the son of Malik. He, on receiving information that a party of four, had been spotted on a certain route, decided to pursue it secretly so that he alone should be the winner of the reward. He mounted a swift horse and went in hot pursuit of them. On the way the horse stumbled and he fell on the ground. On drawing a lot so as to divine whether he should continue the chase or not, as the Arabs used to do in such circumstances, he found the omens unpropitious. But the lust for material wealth blinded him altogether and he resumed the chase. Once more he met with the same fate but paid no heed to it. Again he jumped onto the saddle and galloped at a break-neck speed till he came quite close to the Prophet [pbuh]. Abu Bakr\u2019s heart agitated and he kept looking back while the Prophet [pbuh] remained steadfast and continued reciting verses of the Qur\u2019\u00e2n.\n\nThe repeated stumbling of Suraqah\u2019s horse and his falling off awakened him to the situation, and he realized that it was a constant warning of All\u00e2h for his evil design which he contemplated against the Prophet [pbuh]. He approached the travelling group with a penitent heart and begged of the Prophet [pbuh] forgiveness in all humility. He addressed the Prophet [pbuh] and his companion, saying: \"Your people (the Quraishites) have promised a generous reward to anyone who captures you.\" He added that he offered them provision but they declined his offer. They only asked him to screen off their departure and blind the polytheists to their hiding place. Then the Prophet [pbuh] forgave him and confirmed it with a token written by \u2018Amir bin Fuhairah on a piece of parchment. Suraqah hurried back to Makkah and tried to foil the attempts of those who were in pursuit of Muhammad [pbuh] and his noble companions. The sworn enemy was converted into an honest believer.[Bukhari 1/516, 1/554; Za'd Al-Ma'ad 2/53]\n\nIn a version by Abu Bakr [R], he said: \"We emigrated while the Makkans were in pursuit of us. None caught up with us except Suraqah bin Malik bin Ju\u2018sham on a horse. I said: \u2018O Messenger of All\u00e2h, this one has caught up with us.\u2019 The Prophet [pbuh] replied:\n\n\u2018Don\u2019t be cast down, verily, All\u00e2h is with us.\u2019\"\n\n4. The party continued its journey until it reached to solitary tents belonging to a woman called Umm Ma\u2018bad Al-Khuza\u2018iyah. She was a gracious lady who sat at her tent-door with a mat spread out for any chance traveller that might pass by the way. Fatigued and thirsty, the Prophet [pbuh] and his companions wanted to refresh themselves with food and some milk. The lady told them that the flock was out in the pasture and the goat standing nearby was almost dry. It was a rainless year. The Prophet [pbuh], with her permission, touched its udders, reciting over them the Name of All\u00e2h, and to their great joy, there flowed plenty of milk out of them. The Prophet [pbuh] first offered that to the lady of the house, and he shared what was left with the members of the party. Before he left, he milked the goat, filled the container and gave it to Umm Ma\u2018bad. Later on, her husband arrived with slender goats hardly having any milk in their udders. He was astonished to see milk in the house. His wife told him that a blessed man passed by the way, and then she gave details about his physical appearance and manner of talk. Here Abu Ma\u2018bad realized on the spot that the man was the one whom Quraish were searching for and asked her to give full description of him. She gave a wonderful account of his physique and manners, to which we will go in detail later in the process of talking about his attributes and merits.\n\nAbu Ma\u2018bad, after listening to his wife\u2019s account, expressed a sincere wish to accompany the Prophet [pbuh] whenever that was possible, and reiterated his admiration in verses of poetry that echoed all over Makkah to such an extent that the people therein thought it was a jinn inculcating words in their ears. Asma\u2019, daughter of Abu Bakr, on hearing those lines, got to know that the two companions were heading for Madinah .[Za'd Al-Ma'ad 2/54] The short poem opened with thanks giving to All\u00e2h having given them (the Ma\u2018bads) the chance to host the Prophet [pbuh] for a while. It then gave an account of the bliss that would settle in the heart of the Prophet\u2019s companion whosoever he was; it closed with an invitation to all mankind to come and see by themselves Umm Ma\u2018bad, her goat and the container of milk that would all testify to the truthfulness of the Prophet [pbuh] .\n\n5. On his way to Madinah , the Prophet [pbuh] met Abu Buraidah, one of those driven by their lust for the reward of Quraish. No sooner did he face the Prophet [pbuh] and talk with him, than he embraced Islam along with"
      },
      "geometry": {
        "type": "Point",
        "coordinates": [
          39.83152,
          21.4327
        ]
      }
    },
    {
      "type": "Feature",
      "properties": {
        "id": "19",
        "title": "Life in Madinah",
        "year": 622,
        "category": "biography",
        "description": "The Madinese era could be divided into three phases:\n\n1. The first phase was characterized by too much trouble and discord, and too many obstacles from within coupled by a hostile wave from without aiming at total extermination of the rising faith. It ended with Al-Hudaibiyah Peace Treaty in Dhul Qa\u2018da 6 A.H. 2. The second phase featured a truce with the pagan leadership and ended in the conquest of Makkah in Ramadan 8 A.H. It also witnessed the Prophet [pbuh] inviting kings beyond Arabia to enter the fold of Islam. 3. In the third phase, people came to embrace Islam in hosts. Tribes and other folks arrived in Madinah to pay homage to the Prophet [pbuh]. It ended at the death of the Prophet [pbuh] in Rabi\u2018 Al-Awwal 11 A.H.\n\nThe First Phase: The Status Quo in Madinah at the Time of Emigration\n\nEmigration to Madinah could never be attributable to attempts to escape from jeers and oppression only, but it also constituted a sort of cooperation with the aim of erecting the pillars of a new society in a secure place. Hence it was incumbent upon every capable Muslim to contribute to building this new homeland, immunizing it and holding up its prop. As a leader and spiritual guide, there was no doubt the Noble Messenger [pbuh], in whose hands exclusively all affairs would be resolved.\n\nIn Madinah, the Prophet [pbuh] had to deal with three distinctively different categories of people with different respective problems:\n\n1. His Companions, the noble and All\u00e2h fearing elite [R] 2. Polytheists still detached from the Islam and were purely Madinese tribes. 3. The Jews.\n\n1. As for his Companions, the conditions of life in Madinah were totally different from those they experienced in Makkah. There, in Makkah, they used to strive for one corporate target, but physically, they were scattered, overpowered and forsaken. They were helpless in terms of pursuing their new course of orientation. Their means, socially and materially, fell short of establishing a new Muslim community. In parallel lines, the Makkan Chapters of the Noble Qur\u2019\u00e2n were confined to delineating the Islamic precepts, enacting legislations pertaining to the believers individually and enjoining good and piety and forbidding evils and vices.\n\nIn Madinah , things were otherwise; here all the affairs of their life rested in their hands. Now, they were at ease and could quite confidently handle the challenges of civilization, construction, means of living, economics, politics, government administration, war and peace, codification of the questions of the allowed and prohibited, worship, ethics and all the relevant issues. In a nutshell, they were in Madinah at full liberty to erect the pillars of a new Muslim community not only utterly different from that pre-Islamic code of life, but also distinctive in its features in the world at large. It was a society that\n\ncould stand for the Islamic Call for whose sake the Muslims had been put to unspeakable tortures for 10 years. No doubt, the construction of a society that runs in line with this type of ethics cannot be accomplished overnight, within a month or a year. It requires a long time to build during which legislation and legalization will run gradually in a complementary process with mind cultivation, training and education. All\u00e2h, the All-Knowing, of course undertook legislation and His Prophet Muhammad [pbuh], implementation and orientation:\n\n\"He it is Who sent among the unlettered ones a Messenger (Muhammad [pbuh]) from among themselves, reciting to them His Verses, purifying them (from the filth of disbelief and polytheism), and teaching them the Book (this Qur\u2019\u00e2n, Islamic laws and Islamic Jurisprudence) and Al-Hikmah (As-Sunna: legal ways, orders, acts of worship, etc. of the Prophet Muhammad [pbuh].).\" [Al-Qur'an 62:2]\n\nThe Prophet\u2019s Companions [R] , rushed enthusiastically to assimilate these Qur\u2019\u00e2nic rules and fill their hearts joyfully with them:\n\n\"And when His Verses (this Qur\u2019\u00e2n) are recited unto them, they (i.e. the Verses) increase their Faith.\" [Al-Qur'an 8:2]\n\nWith respect to the Muslims, this task constituted the greatest challenge for the Messenger of All\u00e2h [pbuh]. In fact, this very purpose lay at the heart of the Islamic Call and the Muhammadan mission; it was never an incidental issue though there were the matters that required urgent addressing.\n\nThe Muslims in Madinah consisted virtually of two parties: The first one already settled down in their abode, land and wealth, fully at ease, but seeds of discord amongst them were deeply seated and chronic enmity continually evoked; they were Al-Ansar (the Helpers). The second party were AlMuhajirun (the Emigrants), homeless, jobless and penniless. Their number was not small, on the contrary, it was increasing day by day after the Prophet [pbuh] had given them the green light to leave for Madinah whose economic structure, originally not that prosperous one, began to show signs of imbalance aggravated by the economic boycott that the anti-Islamic groups imposed and consequently imports diminished and living conditions worsened.\n\n2. The purely Madinese polytheists constituted the second sector with whom the Prophet [pbuh] had to deal. Those people had no control at all over the Muslim. Some of them nursed no grudge against the Muslims, but were rather skeptical of their ancestors\u2019 religious practices, and developed tentative inclination towards Islam and before long they embraced the new faith and were truly devoted to All\u00e2h. However, some others harboured evil intentions against the Prophet [pbuh] and his followers but were too cowardly to resist them publicly, they were rather, under those Islamically favourable conditions, obliged to fake amicability and friendliness. \u2018Abdullah bin Ubai, who had almost been given presidency over Al-Khazraj and Al-Aws tribes in the wake of Bu\u2018ath War between the two tribes, came at the head of that group of hypocrites. The Prophet\u2019s advent and the vigorous rise of the new spirit of Islam foiled that orientation and the idea soon went into oblivion. He, seeing another one, Muhammad [pbuh], coming to deprive him and his\n\nagents of the prospective temporal privileges, could not be pleased, and for overriding reasons he showed pretension to Islam but with horrible disbelief deeply-rooted in his heart. He also used to exploit some events and weakhearted new converts in scheming malevolently against the true believers. 3. The Jews (the Hebrews), who had migrated to Al-Hijaz from Syria following the Byzantine and Assyrian persecution campaigns, were the third category existent on the demographic scene in Madinah. In their new abode they assumed the Arabian stamp in dress, language and manner of life and there were instances of intermarriage with the local Arabs, however they retained their ethnic particularism and detached themselves from amalgamation with the immediate environment. They even used to pride in their Jewish-Israeli origin, and spurn the Arabs around designating them as illiterate meaning brutal, na\u00efve and backward. They desired the wealth of their neighbours to be made lawful to them and they could thus appropriate it the way they liked.\n\n\"\u2026 because they say: \"There is no blame on us to betray and take the properties of the illiterates (Arabs)\" [Al-Qur'an 3:75]\n\nReligiously, they showed no zeal; their most obvious religious commodity was fortunetelling, witchcraft and the secret arts (blowing on knots), for which they used to attach to themselves advantages of science and spiritual precedence.\n\nThey excelled at the arts of earning money and trading. They in fact monopolized trading in cereals, dates, wine, clothes, export and import. For the services they offered to the Arabs, the latter paid heavily. Usury was a common practice amongst them, lending the Arab notables great sums to be squandered on mercenary poets, and in vanity avenues, and in return seizing their fertile land given as surety.\n\nThey were very good at corrupting and scheming. They used to sow seeds of discord between adjacent tribes and entice each one to hatch plots against the other with the natural corollary of continual exhaustive bloody fighting. Whenever they felt that fire of hatred was about to subside, they would nourish it with new means of perpetuity so that they could always have the upper hand, and at the same time gain heavy interest rates on loans spent on inter-tribal warfare.\n\nThree famous tribes of Jews constituted the demographic presence in Yathrib (now Madinah): Banu Qainuqua\u2018, allies of Al-Khazraj tribe, Banu An-Nadir and Banu Quraizah who allied Al-Aws and inhabited the suburbs of Madinah.\n\nNaturally they held the new changes with abhorrence and were terribly hateful to them, simply because the Messenger of All\u00e2h was of a different race, and this point was in itself too repugnant for them to reconcile with. Second, Islam came to bring about a spirit of rapport, to terminate the state of enmity and hatred, and to establish a social regime based on denunciation of the prohibited and promotion of the allowed. Adherence to these canons of life implied paving the way for an Arab unity that could work to the prejudice of the Jews and their interests at both the social and economic levels; the Arab tribes would then try to restore their wealth and land misappropriated by the Jews through usurious practices.\n\nThe Jews of course deeply considered all these things ever since they had known that the Islamic Call would try to settle in Yathrib, and it was no surprise to discover that they harboured the most enmity and hatred to Islam and the Messenger [pbuh]\n\neven though they did not have the courage to uncover their feelings in the beginning.\n\nThe following incident could attest clearly to that abominable antipathy that the Jews harboured towards the new political and religious changes that came to stamp the life of Madinah. Ibn Ishaq, on the authority of the Mother of believers Safiyah [R]\u00c7 narrated: Safiyah, daughter of Huyayi bin Akhtab said: I was the closest child to my father and my uncle Abi Yasir\u2019s heart. Whenever they saw me with a child of theirs, they should pamper me so tenderly to the exclusion of anyone else. However, with the advent of the Messenger of All\u00e2h [pbuh] and setting in Quba\u2019 with Bani \u2018Amr bin \u2018Awf, my father, Huyayi bin Akhtab and my uncle Abu Yasir bin Akhtab went to see him and did not return until sunset when they came back walking lazily and fully dejected. I, as usually, hurried to meet them smiling, but they would not turn to me for the grief that caught them. I heard my uncle Abu Yasir say to Ubai and Huyayi: \"Is it really he (i.e. Muhammad [pbuh])?\" The former said: \"It is he, I swear by All\u00e2h!\" \"Did you really recognize him?\" they asked. He answered: \"Yes, and my heart is burning with enmity towards him\"[Ibn Hisham 1/518, 519]\n\nAn interesting story that took place on the first day, the Prophet [pbuh] stepped in Madinah, could be quoted to illustrate the mental disturbance and deep anxiety that beset the Jews. \u2018Abdullah bin Salam, the most learned rabbi among the Jews came to see the Prophet [pbuh] when he arrived, and asked him certain questions to ascertain his real Prophethood. No sooner did he hear the Prophet\u2019s answers than he embraced Islam, but added that if his people knew of his Islamization they would advance false arguments against me. The Prophet [pbuh] sent for some Jews and asked them about \u2018Abdullah bin Salam, they testified to his scholarly aptitude and virtuous standing. Here it was divulged to them that he had embraced Islam and on the spot, they imparted categorically opposite testimonies and described him as the most evil of all evils. In another narration \u2018Abdullah bin Salam said, \"O Jews! Be All\u00e2h fearing. By All\u00e2h, the only One, you know that he is the Messenger of All\u00e2h sent to people with the Truth.\" They replied, \"You are lying.\" ... That was the Prophet\u2019s first experience with the Jews.[Bukhari 1/459]\n\nThat was the demo-political picture within Madinah. Five hundred kilometres away in Makkah, there still lay another source of detrimental threat, the archenemy of Islam, Quraish. For ten years, while at the mercy of Quraish, the Muslims were subjected to all sorts of terrorism, boycott, harassment and starvation coupled by a large scale painstaking psychological war and aggressive organized propaganda. When they had emigrated to Madinah, their land, wealth and property were seized, wives detained and the socially humble in rank brutally tortured. Quraish also schemed and made attempts on the life of the first figure of the Call, Muhammad [pbuh] . Due to their acknowledged temporal leadership and religious supremacy among the pagan Arabs, given the custodianship of the Sacred Sanctuary, the Quraishites spared no effort in enticing the Arabians against Madinah and boycotting the Madinese socially and economically. To quote Muhammad Al-Ghazali: \"A state of war virtually existed between the Makkan tyrants and the Muslims in their abode. It is foolish to blame the Muslims for the horrible consequences that were bound to ensue in the light of that long-standing feud.\"[Fiqh As-Seerah p.162]\n\nThe Muslims in Madinah were completely eligible then to confiscate the wealth of those tyrants, mete out for them exemplary punishment and bring twofold retaliation."
      },
      "geometry": {
        "type": "Point",
        "coordinates": [
          39.61,
          24.47
        ]
      }
    },
    {
      "type": "Feature",
      "properties": {
        "id": "20",
        "title": "The First Phase: The Status Quo in Madinah at the Time of Emigration",
        "year": 622,
        "category": "biography",
        "description": "The First Phase: The Status Quo in Madinah at the Time of Emigration\n\nEmigration to Madinah could never be attributable to attempts to escape from jeers and oppression only, but it also constituted a sort of cooperation with the aim of erecting the pillars of a new society in a secure place. Hence it was incumbent upon every capable Muslim to contribute to building this new homeland, immunizing it and holding up its prop. As a leader and spiritual guide, there was no doubt the Noble Messenger [pbuh], in whose hands exclusively all affairs would be resolved.\n\nIn Madinah, the Prophet [pbuh] had to deal with three distinctively different categories of people with different respective problems:\n\n1. His Companions, the noble and All\u00e2h fearing elite [R] 2. Polytheists still detached from the Islam and were purely Madinese tribes. 3. The Jews.\n\n1. As for his Companions, the conditions of life in Madinah were totally different from those they experienced in Makkah. There, in Makkah, they used to strive for one corporate target, but physically, they were scattered, overpowered and forsaken. They were helpless in terms of pursuing their new course of orientation. Their means, socially and materially, fell short of establishing a new Muslim community. In parallel lines, the Makkan Chapters of the Noble Qur\u2019\u00e2n were confined to delineating the Islamic precepts, enacting legislations pertaining to the believers individually and enjoining good and piety and forbidding evils and vices.\n\nIn Madinah , things were otherwise; here all the affairs of their life rested in their hands. Now, they were at ease and could quite confidently handle the challenges of civilization, construction, means of living, economics, politics, government administration, war and peace, codification of the questions of the allowed and prohibited, worship, ethics and all the relevant issues. In a nutshell, they were in Madinah at full liberty to erect the pillars of a new Muslim community not only utterly different from that pre-Islamic code of life, but also distinctive in its features in the world at large. It was a society that could stand for the Islamic Call for whose sake the Muslims had been put to unspeakable tortures for 10 years. No doubt, the construction of a society that runs in line with this type of ethics cannot be accomplished overnight, within a month or a year. It requires a long time to build during which legislation and legalization will run gradually in a complementary process with mind cultivation, training and education. All\u00e2h, the All-Knowing, of course undertook legislation and His Prophet Muhammad [pbuh], implementation and orientation:\n\n\"He it is Who sent among the unlettered ones a Messenger (Muhammad [pbuh]) from among themselves, reciting to them His Verses, purifying them (from the filth of disbelief and polytheism), and teaching them the Book (this Qur\u2019\u00e2n, Islamic laws and Islamic Jurisprudence) and Al-Hikmah (As-Sunna: legal ways, orders, acts of worship, etc. of the Prophet Muhammad [pbuh].).\" [Al-Qur'an 62:2]\n\nThe Prophet\u2019s Companions [R] , rushed enthusiastically to assimilate these Qur\u2019\u00e2nic rules and fill their hearts joyfully with them:\n\n\"And when His Verses (this Qur\u2019\u00e2n) are recited unto them, they (i.e. the Verses) increase their Faith.\" [Al-Qur'an 8:2]\n\nWith respect to the Muslims, this task constituted the greatest challenge for the Messenger of All\u00e2h [pbuh]. In fact, this very purpose lay at the heart of the Islamic Call and the Muhammadan mission; it was never an incidental issue though there were the matters that required urgent addressing.\n\nThe Muslims in Madinah consisted virtually of two parties: The first one already settled down in their abode, land and wealth, fully at ease, but seeds of discord amongst them were deeply seated and chronic enmity continually evoked; they were Al-Ansar (the Helpers). The second party were AlMuhajirun (the Emigrants), homeless, jobless and penniless. Their number was not small, on the contrary, it was increasing day by day after the Prophet [pbuh] had given them the green light to leave for Madinah whose economic structure, originally not that prosperous one, began to show signs of imbalance aggravated by the economic boycott that the anti-Islamic groups imposed and consequently imports diminished and living conditions worsened.\n\n2. The purely Madinese polytheists constituted the second sector with whom the Prophet [pbuh] had to deal. Those people had no control at all over the Muslim. Some of them nursed no grudge against the Muslims, but were rather skeptical of their ancestors\u2019 religious practices, and developed tentative inclination towards Islam and before long they embraced the new faith and were truly devoted to All\u00e2h. However, some others harboured evil intentions against the Prophet [pbuh] and his followers but were too cowardly to resist them publicly, they were rather, under those Islamically favourable conditions, obliged to fake amicability and friendliness. \u2018Abdullah bin Ubai, who had almost been given presidency over Al-Khazraj and Al-Aws tribes in the wake of Bu\u2018ath War between the two tribes, came at the head of that group of hypocrites. The Prophet\u2019s advent and the vigorous rise of the new spirit of Islam foiled that orientation and the idea soon went into oblivion. He, seeing another one, Muhammad [pbuh], coming to deprive him and his agents of the prospective temporal privileges, could not be pleased, and for overriding reasons he showed pretension to Islam but with horrible disbelief deeply-rooted in his heart. He also used to exploit some events and weakhearted new converts in scheming malevolently against the true believers. 3. The Jews (the Hebrews), who had migrated to Al-Hijaz from Syria following the Byzantine and Assyrian persecution campaigns, were the third category existent on the demographic scene in Madinah. In their new abode they assumed the Arabian stamp in dress, language and manner of life and there were instances of intermarriage with the local Arabs, however they retained their ethnic particularism and detached themselves from amalgamation with the immediate environment. They even used to pride in their Jewish-Israeli origin, and spurn the Arabs around designating them as illiterate meaning brutal, na\u00efve and backward. They desired the wealth of their neighbours to be made lawful to them and they could thus appropriate it the way they liked.\n\n\"\u2026 because they say: \"There is no blame on us to betray and take the properties of the illiterates (Arabs)\" [Al-Qur'an 3:75]\n\nReligiously, they showed no zeal; their most obvious religious commodity was fortunetelling, witchcraft and the secret arts (blowing on knots), for which they used to attach to themselves advantages of science and spiritual precedence.\n\nThey excelled at the arts of earning money and trading. They in fact monopolized trading in cereals, dates, wine, clothes, export and import. For the services they offered to the Arabs, the latter paid heavily. Usury was a common practice amongst them, lending the Arab notables great sums to be squandered on mercenary poets, and in vanity avenues, and in return seizing their fertile land given as surety.\n\nThey were very good at corrupting and scheming. They used to sow seeds of discord between adjacent tribes and entice each one to hatch plots against the other with the natural corollary of continual exhaustive bloody fighting. Whenever they felt that fire of hatred was about to subside, they would nourish it with new means of perpetuity so that they could always have the upper hand, and at the same time gain heavy interest rates on loans spent on inter-tribal warfare.\n\nThree famous tribes of Jews constituted the demographic presence in Yathrib (now Madinah): Banu Qainuqua\u2018, allies of Al-Khazraj tribe, Banu An-Nadir and Banu Quraizah who allied Al-Aws and inhabited the suburbs of Madinah.\n\nNaturally they held the new changes with abhorrence and were terribly hateful to them, simply because the Messenger of All\u00e2h was of a different race, and this point was in itself too repugnant for them to reconcile with. Second, Islam came to bring about a spirit of rapport, to terminate the state of enmity and hatred, and to establish a social regime based on denunciation of the prohibited and promotion of the allowed. Adherence to these canons of life implied paving the way for an Arab unity that could work to the prejudice of the Jews and their interests at both the social and economic levels; the Arab tribes would then try to restore their wealth and land misappropriated by the Jews through usurious practices.\n\nThe Jews of course deeply considered all these things ever since they had known that the Islamic Call would try to settle in Yathrib, and it was no surprise to discover that they harboured the most enmity and hatred to Islam and the Messenger [pbuh] even though they did not have the courage to uncover their feelings in the beginning.\n\nThe following incident could attest clearly to that abominable antipathy that the Jews harboured towards the new political and religious changes that came to stamp the life of Madinah. Ibn Ishaq, on the authority of the Mother of believers Safiyah [R]\u00c7 narrated: Safiyah, daughter of Huyayi bin Akhtab said: I was the closest child to my father and my uncle Abi Yasir\u2019s heart. Whenever they saw me with a child of theirs, they should pamper me so tenderly to the exclusion of anyone else. However, with the advent of the Messenger of All\u00e2h [pbuh] and setting in Quba\u2019 with Bani \u2018Amr bin \u2018Awf, my father, Huyayi bin Akhtab and my uncle Abu Yasir bin Akhtab went to see him and did not return until sunset when they came back walking lazily and fully dejected. I, as usually, hurried to meet them smiling, but they would not turn to me for the grief that caught them. I heard my uncle Abu Yasir say to Ubai and Huyayi: \"Is it really he (i.e. Muhammad [pbuh])?\" The former said: \"It is he, I swear by\n\nAll\u00e2h!\" \"Did you really recognize him?\" they asked. He answered: \"Yes, and my heart is burning with enmity towards him\"[Ibn Hisham 1/518, 519]\n\nAn interesting story that took place on the first day, the Prophet [pbuh] stepped in Madinah, could be quoted to illustrate the mental disturbance and deep anxiety that beset the Jews. \u2018Abdullah bin Salam, the most learned rabbi among the Jews came to see the Prophet [pbuh] when he arrived, and asked him certain questions to ascertain his real Prophethood. No sooner did he hear the Prophet\u2019s answers than he embraced Islam, but added that if his people knew of his Islamization they would advance false arguments against me. The Prophet [pbuh] sent for some Jews and asked them about \u2018Abdullah bin Salam, they testified to his scholarly aptitude and virtuous standing. Here it was divulged to them that he had embraced Islam and on the spot, they imparted categorically opposite testimonies and described him as the most evil of all evils. In another narration \u2018Abdullah bin Salam said, \"O Jews! Be All\u00e2h fearing. By All\u00e2h, the only One, you know that he is the Messenger of All\u00e2h sent to people with the Truth.\" They replied, \"You are lying.\" ... That was the Prophet\u2019s first experience with the Jews.[Bukhari 1/459]\n\nThat was the demo-political picture within Madinah. Five hundred kilometres away in Makkah, there still lay another source of detrimental threat, the archenemy of Islam, Quraish. For ten years, while at the mercy of Quraish, the Muslims were subjected to all sorts of terrorism, boycott, harassment and starvation coupled by a large scale painstaking psychological war and aggressive organized propaganda. When they had emigrated to Madinah, their land, wealth and property were seized, wives detained and the socially humble in rank brutally tortured. Quraish also schemed and made attempts on the life of the first figure of the Call, Muhammad [pbuh] . Due to their acknowledged temporal leadership and religious supremacy among the pagan Arabs, given the custodianship of the Sacred Sanctuary, the Quraishites spared no effort in enticing the Arabians against Madinah and boycotting the Madinese socially and economically. To quote Muhammad Al-Ghazali: \"A state of war virtually existed between the Makkan tyrants and the Muslims in their abode. It is foolish to blame the Muslims for the horrible consequences that were bound to ensue in the light of that long-standing feud.\"[Fiqh As-Seerah p.162]\n\nThe Muslims in Madinah were completely eligible then to confiscate the wealth of those tyrants, mete out for them exemplary punishment and bring twofold retaliation on them in order to deter them from committing any folly against the Muslims and their sanctities.\n\nThat was a resume of the major problems that the Prophet Muhammad [pbuh] had to face, and the complicated issues he was supposed to resolve.\n\nIn full acknowledgment, we could safely say that he quite honestly shouldered the responsibilities of Messengership, and cleverly discharged the liabilities of both temporal and religious leadership in Madinah. He accorded to everyone his due portion whether of mercy or punishment, with the former usually seasoning the latter in the overall process of establishing Islam on firm grounds among its faithful adherents."
      },
      "geometry": {
        "type": "Point",
        "coordinates": [
          39.61,
          24.47
        ]
      }
    },
    {
      "type": "Feature",
      "properties": {
        "id": "21",
        "title": "A New Society being built",
        "year": 622,
        "category": "biography",
        "description": "We have already mentioned that the Messenger of All\u00e2h [pbuh] arrived in Madinah on Friday, 12th Rabi\u2018 Al-Awwal 1 A.H., i.e. September 27th. 622 A.D. and took the downstairs of Abi Ayyub\u2019s house as a temporary residence.\n\nThe first task to which the Prophet[pbuh] attended on his arrival in Madinah was the construction of a Mosque, in the very site where his camel knelt down. The land, which belonged to two orphans, was purchased. The Prophet [pbuh] himself contributed to building the Mosque by carrying adobe bricks and stones while reciting verses:\n\n\"O All\u00e2h! no bliss is there but that of the Hereafter, I beseech you to forgive the Emigrants and Helpers.\"\n\nThe ground was cleared, of weeds and shrubs, palm trees and rubbish, the graves of the polytheists dug up and then levelled and the trees planted around. The Qiblah (the direction in which the Muslims turn their faces in prayer) was constructed to face Jerusalem; two beams were also erected to hold the ceiling up. It was square in form, each side measuring approximately 100 yards, facing towards the north and having three gates on each of the remaining sides. Nearby, rooms reserved for the Prophet\u2019s household were built of stones and adobe bricks with ceilings of palm leaves. [Bukhari 1/71,555,560; Za'd Al-Ma'ad 2/56] To the north of the Mosque a place was reserved for the Muslims who had neither family nor home. The Adh\u00e2n (summoning the Muslims to the Mosque by the Call for prayer) was initiated at this early stage of post-migration era. The Mosque was not merely a locus to perform prayers, but rather an Islamic league where the Muslim\u2019s were instructed in Islam and its doctrines. It served as an assembly place where the conflicting pre-Islamic trends used to come to terms; it was the headquarter wherein all the affairs of the Muslims were administered, and consultative and executive councils held.\n\nThe Mosque being thus constructed, the Prophet [pbuh] next turned his attention to cementing the ties of mutual brotherhood amongst the Muslims of Madinah, Al-Ansar (the Helpers) and Al-Muhajirun (the Emigrants). It was indeed unique in the history of the world. A gathering of 90 men, half of whom Emigrants and the others Helpers assembled in the house of Anas bin Malik where the Prophet [pbuh] gave the spirit of brotherhood his official blessing. When either of the two persons who had been paired as brothers, passed away, his property was inherited by his brother-in-faith. This practice continued till the following verse was revealed at the time of the battle of Badr, and the regular rule of inheritance was allowed to take its usual course:\n\n\"But kindred by blood are nearer to one another regarding inheritance [Za'd Al-Ma'ad]\n\n\"Brotherhood-in-faith\" to quote Muhammad Al-Ghazali again, \"was holding subordinate every distinction of race and kindred and supporting the Islamic precept: none is superior to the other except on the basis of piety and God-fearing. [Fiqh AsThe Prophet [pbuh] attached to that brotherhood a valid contract; it was not just meaningless words but rather a valid practice relating to blood and wealth rather than a passing whim taking the form of accidental greeting.\n\nThe atmosphere of brotherhood and fellow-feeling created a spirit of selflessness infused deeply in the hearts of his followers, and produced very healthy results. For example, Sa\u2018d bin Ar-Rabi\u2018, a Helper, said to his fellow brother \u2018Abdur Rahman bin \u2018Awf, \"I am the richest man amongst the Helpers. I am glad to share my property half and half with you. I have two wives, I am ready to divorce one and after the expiry of her \u2018Iddah, (the prescribed period for a woman divorcee to stay within her house unmarried) you may marry her.\" But \u2018Abdur Rahman bin \u2018Awf was not prepared to accept anything: neither property nor home. So he blessed his brother and said: \"Kindly direct me to the market so that I may make my fortune with my own hands.\" And he did prosper and got married very shortly by his own labour. [Bukhari 1/553]\n\nThe Helpers were extremely generous to their brethren-in-faith. Abu Hurairah reported that they once approached the Prophet [pbuh] with the request that their orchards of palm trees should be distributed equally between the Muslims of Madinah and their brethren from Makkah. But the Prophet [pbuh] was reluctant to put this heavy burden upon them. It was, however, decided that the Emigrants would work in the orchards alongwith the Helpers and the yield would be divided equally amongst them. [Bukhari 1/312]\n\nSuch examples point directly to the spirit of sacrifice, altruism and cordiality on the part of the Helpers, and also to the feeling of appreciation, gratitude and self-respect that the Emigrants held dear to their hearts. They took only what helped them eke a reasonable living. In short, this policy of mutual brotherhood was so wise and timely that many obstinate problems were resolved wonderfully and reasonably.\n\nJust as the Prophet [pbuh] had established a code of brotherhood amongst the believers, so too he was keen on establishing friendly relations between the Muslims and non-Muslim tribes of Arabia. He established a sort of treaty aiming at ruling out all pre-Islamic rancour and inter-tribal feuds. He was so meticulous not to leave any area in the charter that would allow pre-Islamic traditions to sneak in or violate the new environment he wanted to establish. Herein, we look over some of its provisions.\n\nIn the Name of All\u00e2h, the Most Beneficent, the Most Merciful. This is a document from Muhammad, the Messenger of All\u00e2h, concerning Emigrants and Helpers and those who followed and strove with them.\n\n1. They are one nation to the exclusion of other people. 2. The Emigrants of Quraish unite together and shall pay blood money among themselves, and shall ransom honourably their prisoners. Every tribe of the Helpers unite together, as they were at first, and every section among them will pay a ransom for acquitting its relative prisoners. 3. Believers shall not leave anyone destitute among them by not paying his redemption money or blood money in kind.\n\n4. Whoever is rebellious or whoever seeks to spread enmity and sedition, the hand of every God-fearing Muslim shall be against him, even if he be his son. 5. A believer shall not kill another believer, nor shall support a disbeliever against a believer. 6. The protection of All\u00e2h is one (and is equally) extended to the humblest of the believers. 7. The believers are supported by each other. 8. Whosoever of the Jews follows us shall have aid and succour; they shall not be injured, nor any enemy be aided against them. 9. The peace of the believers is indivisible. No separate peace shall be made when believers are fighting in the way of All\u00e2h. Conditions must be fair and equitable to all. 10. It shall not be lawful for a believer, who holds by what is in this document and believes in All\u00e2h and the Day of Judgement, to help a criminal nor give him refuge. Those who give him refuge and render him help shall have the curse and anger of All\u00e2h on the Day of Resurrection. Their indemnity is not accepted. 11. Whenever you differ about a matter, it must be referred to All\u00e2h and to Muhammad.[Ibn Hisham 1/502,503] 12. Killing a believer deliberately with no good reason entails killing the killer unless the sponsor deems it otherwise.\n\nIt was solely by his wisdom and dexterity, that the Prophet [pbuh] erected the pillars of the new society. This phenomenon no doubt left its mark on the virtuous Muslims. He used to bring them up in the light of the Islamic education, he sanctified their selves, enjoined them to observe righteousness and praiseworthy manners and was keen on infusing into them the ethics of amity, glory, honour, worship and first and foremost obedience to All\u00e2h and His Messenger.\n\nThe following is a cluster of the virtues he used to inculcate in the minds of his followers:\n\nA man asked the Messenger of All\u00e2h [pbuh] which of the merits is superior in Islam. He (the Prophet [pbuh]) remarked:\n\n\"That you provide food and extend greetings to one whom you know or do not know.\"[Bukhari 1/6,9]\n\n\u2018Abdullah bin Sal\u00e2m said: When the Prophet [pbuh] arrived in Madinah, I went to see him and I immediately recognized through his features that he would never be a liar. The first things he (the Prophet [pbuh]) said was:\n\n\"Extend peace greetings amongst yourselves, provide food to the needy, maintain uterine relations, observe prayer at night while people are asleep, then you will peacefully enter the Garden (Paradise).\"[Narrated by At-Tirmidhi; Mishkat AlMasabih 1/168]\n\n\"The Muslim is that one from whose tongue and hand the Muslims are safe.[Bukhari 1/6]\"\n\n\"None amongst you believes (truly) till one likes for his brother that which he loves for himself.[ibid 1/6]\"\n\n\"He will not enter Paradise, he whose neighbour is not secure from his wrongful conduct.[Narrated by Muslim; Mishkat Al-Masabih 2/422]\"\n\n\"A Muslim is the brother of a Muslim; he neither oppresses him nor does he fail him. Whosoever removes a worldly grief from a believer, All\u00e2h will remove from him one of the griefs of the Day of Judgement. Whosoever shields a Muslim, All\u00e2h will shield him on the Day of Resurrection.[Mishkat AlMasabih 2/422; Sahih Al-Bukhari; Sahih Muslim]\"\n\n\"Abusing a Muslim is an outrage and fighting against him is disbelief.[Bukhari 2/893]\"\n\n\"To remove something harmful from the road, is charity.[Mishkat Al-Masabih 1/12]\"\n\n\"Charity erases sins just as water extinguishes fire.[ibid 1/14]\"\n\n\"He is not a perfect believer, who goes to bed full and knows that his neighbour is hungry.[ibid 2/424]\"\n\n\"Show mercy to people on earth so that All\u00e2h will have mercy on you in heaven.[Sunan Abu Da'ud 2/235]\"\n\n\"Try to avert fire even by half a date (in charity) if not by tendering a good word. [Bukhari 2/190]\""
      },
      "geometry": {
        "type": "Point",
        "coordinates": [
          39.61,
          24.47
        ]
      }
    },
    {
      "type": "Feature",
      "properties": {
        "id": "22",
        "title": "A Cooperation and Non-Aggression Pact with the Jews",
        "year": 622,
        "category": "treaties",
        "description": "A Cooperation and Non-Aggression Pact with the Jews\n\nSoon after emigrating to Madinah and making sure that the pillars of the new Islamic community were well established on strong bases of administrative, political and ideological unity, the Prophet [pbuh] commenced to establish regular and clearlydefined relations with non-Muslims. All of these efforts were exerted solely to provide peace, security, and prosperity to all mankind at large, and to bring about a spirit of rapport and harmony within his region, in particular.\n\nGeographically, the closest people to Madinah were the Jews. Whilst harbouring evil intentions, and nursing bitter grudge, they showed not the least resistance nor the slightest animosity. The Prophet decided to ratify a treaty with them with clauses that provided full freedom in faith and wealth. He had no intention whatsoever of following severe policies involving banishment, seizure of wealth and land or hostility.\n\nThe treaty came within the context of another one of a larger framework relating to inter-Muslim relationships.\n\nThe most important provisions of the treaty are the following:\n\n1. The Jews of Bani \u2018Awf are one community with the believers. The Jews will profess their religion, and the Muslims theirs. 2. The Jews shall be responsible for their expenditure, and the Muslims for theirs. 3. If attacked by a third party, each shall come to the assistance of the other. 4. Each party shall hold counsel with the other. Mutual relation shall be founded on righteousness; sin is totally excluded. 5. Neither shall commit sins to the prejudice of the other. 6. The wronged party shall be aided. 7. The Jews shall contribute to the cost of war so long as they are fighting alongside the believers. 8. Madinah shall remain sacred and inviolable for all that join this treaty. 9. Should any disagreement arise between the signatories to this treaty, then All\u00e2h, the All-High and His Messenger shall settle the dispute. 10. The signatories to this treaty shall boycott Quraish commercially; they shall also abstain from extending any support to them. 11. Each shall contribute to defending Madinah, in case of a foreign attack, in its respective area.\n\n12. This treaty shall not hinder either party from seeking lawful revenge.[Ibn Hisham 1/503,504]\n\nMadinah and its suburbs, after the ratification of this treaty, turned into a coalition state, with Madinah proper as capital and Muhammad [pbuh] as \u2018president\u2019; authorities lay mainly in the hand of the Muslims, and consequently it was a real capital of Islam. To expand the zone of peace and security the Prophet [pbuh] started to enter into similar treaties with other tribes living around \u2018his state\u2019."
      },
      "geometry": {
        "type": "Point",
        "coordinates": [
          39.61,
          24.47
        ]
      }
    },
    {
      "type": "Feature",
      "properties": {
        "id": "23",
        "title": "The Prophet on the Battlefield",
        "year": 623,
        "category": "battles",
        "description": "The Quraishites, mortified at the escape of the Prophet [pbuh] along with his devoted companions, and jealous of his growing power in Madinah, kept a stringent watch over the Muslims left behind and persecuted them in every possible way. They also initiated clandestine contacts with \u2018Abdullah bin Uabi bin Salul, chief of Madinese polytheists, and president designate of the tribes \u2018Aws and Khazraj before the Prophet\u2019s emigration. They sent him a strongly-worded ultimatum ordering him to fight or expel the Prophet, otherwise they would launch a widespread military campaign that would exterminate his people and proscribe his women. [Narrated by Abu Da'ud]\n\nHis pride wounded and kingship no longer his, \u2018Abdullah bin Uabi bin Salul, a priori responded positively to his Quraishite co-polytheists. He mobilized his supporters to counteract the Muslims. The Prophet [pbuh] on hearing about this unholy alliance, summoned \u2018Abdullah and admonished him to be more sensible and thoughtful and cautioned his men against being snared in malicious tricks. [Narrated by Abu Da'ud] The men, on grounds of cowardice, or reason, gave up the idea. Their chief, however, seemingly complied, but at heart, he remained a wicked unpredictable accomplice with Quraish and the envious Jews. Skirmishes and provocations started to pave the way for a major confrontation between the Muslims and polytheists. Sa\u2018d bin Mu\u2018adh, an outstanding Helper, announced his intention to observe \u2018Umrah (lesser pilgrimage) and headed for Makkah. There Omaiya bin Khalaf provided tutelage for him to observe the ritual circumambulation. Abu Jahl, an archenemy of Islam saw him in the Sacred Sanctuary and threatened he would have killed him if he had not been in the company of Omaiya. Sa\u2018d, fearlessly and defiantly, challenged him to committing any folly at the risk of cutting their caravans off.[Bukhari 2/563]\n\nProvocative actions continued and Quraish sent the Muslims a note threatening to put them to death in their own homeland. Those were not mere words, for the Prophet [pbuh] received information from reliable sources attesting to real intrigues and plots being hatched by the enemies of Islam. Precautionary measures were taken and a state of alertness was called for, including the positioning of security guards around the house of the Prophet [pbuh] and strategic junctures. \u2018Aishah [R] reported that All\u00e2h\u2019s Messenger [pbuh] lay down on bed during one night on his arrival in Madinah and said: Were there a pious person from amongst my Companions who should keep a watch for me during the night? She (\u2018Aishah [R]) said: We were in this state when we heard the clanging noise of arms. He (the Prophet [pbuh]) said: Who is it? He said: This is Sa\u2018d bin Abi Waqqas. All\u00e2h\u2019s Messenger [pbuh] said to him: What brings you here? Thereupon he said: I harboured fear (lest any harm should come to) All\u00e2h\u2019s Messenger [pbuh], so I came to serve as your sentinel. All\u00e2h\u2019s Messenger [pbuh] invoked blessings upon him and then he slept.[Muslim 2/280; Bukhari 1/404]\n\nThis state of close vigilance continued ceaselessly until the Words of All\u00e2h were revealed saying:\n\n\"All\u00e2h will protect you from mankind.\" [Al-Qur'an 5:67]\n\nHere, the Prophet [pbuh] peeped from the dome of his house asking his people to go away, and making it clear that All\u00e2h would take the charge of protecting him.[At-Tirmidhi 2/130]\n\nThe Prophet\u2019s life was not the only target of the wicked schemes, but rather the lives and the whole entity of the Muslims. When the Madinese provided the Prophet [pbuh] and his Companions with safe refuge, the desert bedouins began to look at them all in the same perspective, and outlawed all the Muslims.\n\nAt this precarious juncture with Quraish, intent on pursuing their aggressive and devilish plans, All\u00e2h, the All-High, gave the Muslims the permission to take arms against the disbelievers:\n\n\"Permission to fight is given to those (i.e. believers against those disbelievers), who are fighting them, (and) because they (believers) have been wronged, and surely All\u00e2h is Able to give them (believers) victory.\" [Al-Qur'an 22:39]\n\nThis verse was revealed in a larger context of Divine instructions to eradicate all aspects of falsehood, and hold in honour the symbols and rites of All\u00e2h:\n\n\"Those (Muslim rulers) who, if We give them power in the land, (they) order for Iqamat-as-Sal\u00e2t: [i.e. to perform Sal\u00e2t (prayer) \u2014 the five compulsory, congregational prayers (the males in Mosques)], to pay the Zakat (obligatory charity), and they enjoin Al-Ma\u2018ruf (i.e. Islamic Monotheism and all that Islam orders one to do), and forbid Al-Munkar (i.e. disbelief, polytheism and all that Islam has forbidden) [i.e. they make the Qur\u2019\u00e2n as the Law of their country in all the spheres of life].\" [Al-Qur'an 22:41].\n\nDoubtlessly, the permission to fight was revealed in Madinah after emigration, not in Makkah, still the exact date where of is in doubt.\n\nThe permission to fight was already there, but in the light of the status quo, it was wise for the Muslims to bring the commercial routes leading to Makkah under their control. To realize this strategic objective, the Prophet [pbuh] had to choose either of two options:\n\na. Entering into non-aggression pacts with the tribes inhabiting either the areas\n\nadjacent to the routes or between these routes and Madinah. With respect to this course of action, the Prophet [pbuh] had already signed, together with the Jews and other neighbouring tribes, the aforementioned pact of cooperation and good neighbourliness. b. Despatching successive armed missions for harassment along the strategic\n\nWith a view to implementing these plans, the Muslims commenced real military activities, which at first took the form of reconnaissance patrols delegated to explore the geopolitical features of the roads surrounding Madinah and others leading to Makkah, and building alliances with the tribes nearby. The Prophet wanted to impress upon the polytheists and Jews of Madinah as well as the bedouins in its vicinity, that the Muslims had smashed their old fears, and had been too strong to be attacked with impunity. He also wanted to display the power of his followers in order to deter Quraish from committing any military folly against him which might\n\njeopardize their economic life and means of living, and to stop them from persecuting the helpless Muslims detained in Makkah, consequently he would avail himself of this opportunity and resume his job of propagating the Divine Call freely.\n\nThe following is a resume of these missions and errands:\n\n1. Saif Al-Bahr Platoon sent in Ramadan 1 A.H., i.e. 623 A.D. led by Hamzah bin \u2018Abdul Muttalib and comprising 30 Emigrants with a definite task of intercepting a caravan belonging to Quraish. It was a caravan of 300 people including Abu Jahl bin Hisham. The two parties encountered each other and aligned in preparation for fighting. Majdi bin \u2018Amr, on good terms with both sides, happened to be there and managed to prevent an imminent clash.\n\nOn that occasion, the Prophet [pbuh] accredited the first flag in the history of Muslims. It was white in colour and was entrusted to Kinaz bin Husain AlGhanawi, to carry.\n\n2. In Shawwal, 1 A.H., i.e. April 623 A.D. The Messenger of All\u00e2h [pbuh] despatched \u2018Ubaidah bin Al-Harith bin Al-Muttalib at the head of 60 horsemen of Emigrants to a spot called Batn Rabegh where they encountered Abu Sufyan at the head of a caravan of 200 men. There was arrow shooting but no actual fighting.\n\nIt is interesting to note that two Muslims, Al-Miqdad bin \u2018Amr Al-Bahrani and \u2018Utbah bin Ghazwan Al-Mazini, defected from the caravan of Quraish and joined the ranks of \u2018Ubaidah. The Muslims had a white flag carried by Mistah bin Athatha bin Al-Muttalib bin \u2018Abd Munaf.\n\n3. In Dhul Qa\u2018dah 1 A.H., i.e. May 623 A.D. the Prophet [pbuh] despatched Sa\u2018d bin Abi Waqqas at the head of 20 horsemen, and instructed them not to go beyond Al-Kharrar. After a five-day march they reached the spot to discover that the camels of Quraish had left the day before; their flag, as usual, was white and carried by Al-Miqdad bin \u2018Amr. 4. Ghazwa Al-Abwa\u2019 or Waddan. It was in Safar 2 A.H., i.e. 623 A.D. The Messenger of All\u00e2h [pbuh] set out himself at the head of 70 men, mostly Emigrants, to intercept a camel caravan belonging to Quraish, leaving behind Sa\u2018d bin \u2018Ubadah to dispose the affairs in Madinah. When he reached Waddan, a place between Makkah and Madinah, he found none.\n\nIn the process of this campaign, he contracted a non-aggression pact with \u2018Amr bin Makhshi Ad-Damari. The provisions of the pact go as follows:\n\n\"This is a document from Muhammad, the Messenger of All\u00e2h concerning Bani Damrah in which he established them safe and secure in their wealth and lives. They can expect support from the Muslims unless they oppose the religion of All\u00e2h. They are also expected to respond positively in case the Prophet sought their help.\"\"\n\nThis was the first invasion under the leadership of the Messenger of All\u00e2h. It took fifteen days, with a white flag carried by Hamzah bin \u2018Abdul Muttalib.\n\n5. Buwat Invasion. It took place in Rabi\u2018 Al-Awwal 2 A.H., i.e. 623 A.D. The Prophet [pbuh], at the head of 200 companions, marched for Buwat to intercept a caravan belonging to Quraish comprising 100 Quraishites, Omaiya bin Khalaf among them, and 2500 camels. When he reached Buwat, the caravan had left. Before leaving Madinah, he mandated Sa\u2018d bin Mu\u2018adh to dispose the affairs until his return. 6. Safwan Invasion. In Rabi\u2018 Al-Awwal 2 A.H., i.e. 623 A.D. Karz bin Jabir at the head of a small group of polytheists raided the pastures of Madinah and looted some animals. The Prophet [pbuh] at the head of 70 men left Madinah to fight the aggressors. He went in their pursuit till he reached a place called Safwan near Badr but could not catch up with them. This invasion came to be known as the preliminary Badr Invasion. During his absence, the Prophet [pbuh] entrusted Zaid bin Harithah with the disposition of the affairs in Madinah. The standard was white in colour and entrusted to \u2018Ali bin Abi Talib to carry. 7. Dhil \u2018Ushairah Invasion. It was in Jumada-al-Ula and Jumada-al-Akhirah the first or second 2 A.H., i.e. November-December 623 A.D. The Prophet [pbuh] at the head of 150-200 Muslim volunteers, with 30 camels which they rode turn by turn, set out to intercept a Quraishite caravan. He reached Dhil \u2018Ushairah but the camels had left some days before. These camels were the same that he went out to intercept on their return from Syria, and were the direct reason for the break out of the battle of Badr. In the process of this campaign, the Prophet [pbuh] contracted a non-aggression pact with Bani Madlij and their allies Bani Dhumrah. Abu Salama bin \u2018Abd Al-Asad AlMakhzumi was mandated to rule Madinah in his absence. 8. The Platoon of Nakhlah. It took place in Rajab 2 A.H., i.e. January 624 A.H. The Messenger of All\u00e2h [pbuh] despatched \u2018Abdullah bin Jahsh Asadi to Nakhlah at the head of 12 Emigrants with six camels. \u2018Abdullah was given a letter by the Prophet [pbuh] but was instructed to read it only after two days. He followed the instructions and discovered that he was asked to go on to a place called Nakhlah standing between Makkah and At-Ta\u2019if, intercept a caravan for Quraish and collect news about their intentions. He disclosed the contents of the letters to his fellows who blindly obeyed the orders. At Nakhlah, the caravan passed carrying loads of raisins (dried grapes), food stuff and other commodities. Notable polytheists were also there such as \u2018Amr bin Al-Hadrami, \u2018Uthman and Naufal, sons of \u2018Abdullah bin Al-Mugheerah and others... The Muslims held consultations among themselves with respect to fighting them taking into account Rajab which was a sacred month (during which, along with Dhul Hijja, Dhul Qa\u2018da and Muharram, war activities were suspended as was the custom in Arabia then). At last they agreed to engage with them in fighting. \u2018Amr bin Al-Hadrami was shot dead by an arrow, \u2018Uthman and Al-Hakam were captured whereas Naufal escaped. They came back with the booty and the two prisoners. They set aside one-fifth of the booty assigned to All\u00e2h and His Messenger, and took the rest. The Messenger disapproved of that act and suspended any action as regards the camels and the two captives on account of the prohibited months already mentioned. The polytheists, on their part, exploited this golden opportunity to calumniate the Muslims and accuse them of violating what is Divinely inviolable. This idle talk brought about a painful headache to Muhammad\u2019s Companions, until at last they were relieved when the Revelation came down giving a decisive answer and stating quite explicitly that the behaviour of the polytheists in the whole affair."
      },
      "geometry": {
        "type": "Point",
        "coordinates": [
          39.61,
          24.47
        ]
      }
    },
    {
      "type": "Feature",
      "properties": {
        "id": "24",
        "title": "The Battle of Badr :The First Decisive Battle in the History of Islam",
        "year": 624,
        "category": "battles",
        "description": "The First Decisive Battle in the History of Islam\n\nWe have already spoken about Al-\u2018Ushairah Invasion when a caravan belonging to Quraish had escaped an imminent military encounter with the Prophet [pbuh] and his men. When their return from Syria approached, the Prophet [pbuh] despatched Talhah bin \u2018Ubaidull\u00e2h and Sa\u2018id bin Zaid northward to scout around for any movements of this sort. The two scouts stayed at Al-Hawra\u2019 for some days until Abu Sufyan, the leader of the caravan, passed by them. The two men hurried back to Madinah and reported to the Prophet [pbuh] their findings. Great wealth amounting to 50 thousand gold Dinars guarded by 40 men moving relatively close to Madinah constituted a tempting target for the Muslim military, and provided a potentially heavy economic, political and military strike that was bound to shake the entire structure of the Makkan polytheists.\n\nThe Prophet [pbuh] immediately exhorted the Muslims to rush out and waylay the caravan to make up for their property and wealth they were forced to give up in Makkah. He did not give orders binding to everyone, but rather gave them full liberty to go out or stay back, thinking that it would be just an errand on a small scale.\n\nThe Muslim army was made up of 300-317 men, 82-86 Emigrants, 61 from Aws and 170 from Khazraj. They were not well-equipped nor adequately prepared. They had only two horses belonging to Az-Zubair bin Al-\u2018Awwam and Al-Miqdad bin Al-Aswad Al-Kindi, 70 camels, one for two or three men to ride alternatively. The Messenger of All\u00e2h [pbuh] himself, \u2018Ali and Murthid bin Abi Murthid Al-Ghanawi had only one camel. Disposition of the affairs of Madinah was entrusted to Ibn Umm Maktum but later to Abu Lubabah bin \u2018Abdul Mundhir. The general leadership was given to Mus\u2018ab bin \u2018Umair Al-Qurashi Al-\u2018Abdari, and their standard was white in colour. The little army was divided into two battalions, the Emigrants with a standard raised by \u2018Ali bin Abi Talib, and the Helpers whose standard was in the hand of Sa\u2018d bin Mu\u2018adh. Az-Zubair bin Al-\u2018Awwam was appointed to the leadership of the right flank, AlMiqdad bin \u2018Amr to lead the left flank, and the rear of the army was at the command of Qais bin Abi Sa\u2018sa\u2018ah. The General Commander-in-Chief was the Prophet [pbuh], of course.\n\nThe Prophet [pbuh], at the head of his army, marched out along the main road leading to Makkah. He then turned left towards Badr and when he reached As-Safr\u00e2\u2019, he despatched two men to scout about for the camels of Quraish.\n\nAbu Sufyan, on the other hand, was on the utmost alert. He had already been aware that the route he was following was attended with dangers. He was also anxious to know about the movements of Muhammad [pbuh]. His scouting men submitted to him reports to the effect that the Muslims were lying in ambush for his caravan. To be on the safe side, he hired Damdam bin \u2018Amr Al-Ghifari to communicate a message asking for help from the Quraishites. The messenger rode fast and reached Makkah in frenzy. Felling himself from his camel, he stood dramatically before Al-Ka\u2018bah, cut off the nose and the ears of the camel, turned its saddle upside down, tore off his own shirt from front and behind, and cried: \"O Quraish! Your merchandise! It is with\n\nAbu Sufyan. The caravan is being intercepted by Muhammad [pbuh] and his companions. I cannot say what would have happened to them. Help! Help!\"\n\nThe effect of this hue and cry was instantaneous and the news stunned Quraish and they immediately remembered their pride that was wounded when the Muslims had intercepted Al-Hadrami caravan. They therefore swiftly mustered almost all of their forces and none stayed behind except Abu Lahab, who delegated someone who owed him some money. They also mobilized some Arab tribes to contribute to the war against the Prophet [pbuh]. All the clans of Quraish gave their consent except Banu \u2018Adi. Soon an excited throng of 1300 soldiers including 100 horsemen and 600 mailed soldiers with a large number of camels, was clamouring to proceed to fight the Muslims. For food supplies, they used to slaughter an alternate number of camels of ten and nine every day. They were however afraid that Banu Bakr, on account of old long deep-seated animosity, would attack their rear. At that critical moment, Iblis (Satan) appeared to them in the guise of Suraqa bin Malik bin Ju\u2018sham Al-Mudlaji \u2014 chief of Bani Kinana \u2014 saying to them: \"I guarantee that no harm will happen from behind.\"\n\nThey set out burning with indignation, motivated by a horrible desire for revenge and exterminating anyone that might jeopardize the routes of their caravans:\n\n\"\u2026boastfully and to be seen of men, and hinder (men) from the path of All\u00e2h. \" [Al-Qur'an 8:47]\n\n\"O All\u00e2h these are the haughty and conceited; they have come defying All\u00e2h and defying His Messenger.\"\n\nThey moved swiftly northward to Badr. On the way they received another message from Abu Sufyan asking them to go back home because the caravan had escaped the Muslims. Incidentally, Abu Sufyan, on learning the intention of the Muslims, led his caravan off the main route, and inclined it towards the Red Sea. By this manoeuvre, he was able to slip past the Madinese ambush and was out of their reach.\n\nOn receiving Abu Sufyan\u2019s message, the Makkan army showed a desire to return home. The tyrant Abu Jahl, however haughtily and arrogantly insisted that they proceed to Badr, stay three nights there for making festivities. Now they wanted to punish the Muslims and prevent them from intercepting their caravans, and impress on the Arabs that Quraish still had the upper hand and enjoyed supremacy in that area.\n\nAbu Jahl\u2019s threats and insistence notwithstanding, Banu Zahrah, acting on the advice of Al-Akhnas bin Shuraiq, broke away and returned to Makkah. Thenceforth AlAkhnas remained \u2018the well-rubbed palm tree\u2019 for Bani Zahrah and was blindly obeyed in all relevant matters.\n\nBanu Hashim were also inclined to break away, but Abu Jahl\u2019s threats made them desist from that idea.\n\nThe rest of the army, now 1000 soldiers, approached Badr and encamped themselves beyond a sand dune at Al-\u2018Udwat Al-Quswa.\n\n\u2018The intelligence corps\u2019 of the Madinese army reported to the Prophet [pbuh] that a bloody encounter with the Makkans was inescapable, and that a daring step in this context had to be taken, or else the forces of evil would violate the inviolable and would consequently manage to undermine the noble cause of the Islam and tread upon its faithful adherents. The Muslims were afraid that the pagan Makkans would march on and start the war activities within the headquarters of Islam, Madinah. A move of such nature would certainly damage and produce an infamous impact on the dignity and stance of the Muslims.\n\nOn account of the new grave developments, the Prophet [pbuh] held an advisory military emergency meeting to review the ongoing situation and exchange viewpoints with the army leaders. Admittedly, some Muslims feared the horrible encounter and their courage began to waver; in this regard, All\u00e2h says:\n\n\"As your Lord caused you (O Muhammad [pbuh]) to go out from your home with the Truth, and verily, a party among the believers disliked it, disputing with you concerning the Truth after it was made manifest, as if they were being driven to death while they were looking (at it).\" [Al-Qur'an 8:5, 6]\n\nThe Prophet [pbuh] apprised his men of the gravity of the situation and asked for their advice. Abu Bakr was the first who spoke on the occasion and assured the Prophet [pbuh] of the unreserved obedience to his command. \u2018Umar was the next to stand up and supported the views expressed by his noble friend. Then Al-Miqdad bin \u2018Amr got up and said: \"O Messenger of All\u00e2h! Proceed where All\u00e2h directs you to, for we are with you. We will not say as the Children of Israel said to Moses [AWS]:\n\n\"Go you and your Lord and fight and we will stay here;\"\n\n\"Go you and your Lord and fight and we will fight along with you.\"\n\nBy All\u00e2h! If you were to take us to Bark Al-Ghimad, we will still fight resolutely with you against its defenders until you gained it.\"\n\nThe Prophet [pbuh] thanked him and blessed him.\n\nThe three leaders who spoke were from the Emigrants, who only constituted a minor section of the army. The Prophet [pbuh] wanted, and for the more reason, to hear the Helpers\u2019 view because they were the majority of the soldiers and were expected to shoulder the brunt of the war activities. Moreover, the clauses of Al-\u2018Aqabah Pledge did not commit them to fighting beyond their territories.\n\nby which he meant the Helpers, in particular. Upon this Sa\u2018d bin Mu\u2018adh stood up and said: \"By All\u00e2h, I feel you want us (the Helpers) to speak.\" The Prophet [pbuh] directly said: \"Oh, yes!\" Sa\u2018d said: \"O Prophet of All\u00e2h! We believe in you and we bear witness to what you have vouchsafed to us and we declare in unequivocal terms that what you have brought is the Truth. We give you our firm pledge of obedience and sacrifice. We will obey you most willingly in whatever you command us, and by All\u00e2h, Who has sent you with the Truth, if you were to ask us to plunge into the sea, we will do that most readily and not a man of us will stay behind. We do not grudge the idea of encounter with the enemy. We are experienced in war and we are trustworthy in combat. We hope that All\u00e2h will show you through our hands those deeds of valour which will please your eyes. Kindly lead us to the battlefield in the Name of All\u00e2h.\"\n\nThe Prophet [pbuh] was impressed with the fidelity and the spirit of sacrifice which his companions showed at this critical juncture. Then he said to them: \"Forward and be of cheer, for All\u00e2h has promised me one of the two (the lucrative course through capturing the booty or strife in the cause of All\u00e2h against the polytheists), and by All\u00e2h it is as if I now saw the enemy lying prostrate.\"\n\nIn the immediate vicinity of Badr, the Prophet [pbuh] and his cavemate Abu Bakr conducted a scouting operation during which they managed to locate the camp of Quraish. They came across an old bedouin nearby whom they manipulated and managed to extract from him the exact location of the army of the polytheists. In the evening of the same day, he despatched three Emigrant leaders, \u2018Ali bin Abi Talib, Az-Zubair bin Al-\u2018Awwam and Sa\u2018d bin Abi Waqqas to scout about for news about the enemy. They saw two men drawing water for the Makkan army. On interrogation, they admitted that they were water carriers working for Quraish. But that answer did not please some Muslims and they beat the two boys severely in order to exact from them an answer, even if it isn\u2019t true, alluding to the caravan laden with wealth. The two boys thus lied, and so they were released. The Prophet [pbuh] was angry with those men and censured them saying: \"On telling the truth, you beat them, and on telling a lie, you released them!\" He then addressed the two boys and after a little conversation with them he learned a lot about the enemy: number of soldiers, their exact location and names of some of their notables.\n\nHe then turned to the Muslims and said: \"Hearken, Quraish has sent you their most precious lives.\"\n\nThe same night it rained on both sides. For the polytheists it obstructed further progress, whereas it was a blessing for the Muslims. It cleaned them and removed from them the stain of Satan. All\u00e2h sent rain to strengthen their hearts and to plant their feet firmly therewith. They marched a little forward and encamped at the farther bank of the valley. Muhammad [pbuh] stopped at the nearest spring of Badr. Al-Hubab bin Mundhir asked him, \"Has All\u00e2h inspired you to choose this very spot or is it stratagem of war and the product of consultation?\" The Prophet [pbuh] replied \"It is stratagem of war and consultation.\" Al-Hubab said: \"This place is no good; let us go and encamp on the nearest water well and make a basin or reservoir full of water, then destroy all the other wells so that they will be deprived of the water.\" The Prophet [pbuh] approved of his plan and agreed to carry it out, which they actually did at midnight."
      },
      "geometry": {
        "type": "Point",
        "coordinates": [
          38.7333,
          23.7333
        ]
      }
    },
    {
      "type": "Feature",
      "properties": {
        "id": "25",
        "title": "The Military Activities between Badr and Uhud",
        "year": 624,
        "category": "battles",
        "description": "The Military Activities between Badr and Uhud\n\nThe battle of Badr was the first armed encounter between the Muslims and Quraish. It was in fact a decisive battle that gained the Muslims a historic victory acknowledged by all the Arabs, and dealt a heavy blow to the religious and economic interests of the polytheists. There were also the Jews who also used to regard each Islamic victory as a heavy blow to their religioeconomic entity. Both parties were burning with rage and fury since the Muslims had achieved that great victory:\n\n\"Verily, you will find the strongest among men in enmity to the believers (Muslims) the Jews and Al-Mushrik\u00fbn (polytheists, pagans, idolators and disbelievers, etc.).\" [Al-Qur'an 5:82]\n\nBoth resentful parties had their much more indignant suite in the form of hypocrites who faked Islam just to save their faces; at the head of whom came \u2018Abdullah bin Ubai and his retinue. The desert bedouins living in tents pitched in the vicinity of Madinah, who depended on plundering and looting as a means of living, were totally indifferent to this axial question of belief and disbelief. Their worry derived from fear of losing their perverted avenues of subsistence in case a powerful nascent Muslim state should rise up and put an end to such ill-practices, hence the grudge they nursed against Islam and the Muslims, in general, and the person of Muhammad [pbuh], in particular.\n\nThe whole cause of Faith was thus at stake with four furious parties laying ambushes against the new religion, each in its style: Pretension to Islam embedded with conspiracy plots and provocative deeds within Madinah, explicitly uncovered animosity pregnant with indignation and fire of rage on the part of the Jews, and there in Makkah open and persistent calls for vengeance coupled with open intentions to mobilize all potential resources available to silence the voice of Islam once and for all. This was later translated into military action, Uhud Invasion, which left a very bad impression on the good name and esteem that the Muslims were painstakingly working to merit and preserve.\n\nThe Muslims were always obliged to be on the lookout for any hostile movements, and it was imperative on them to launch pre-emptive strikes in all directions in order to enjoy a reasonable degree of security in this great instability-provoking ocean of unrest. The following is a list of military activities conducted in the post-Badr era:\n\nThe scouting body of Madinah reported that Banu Saleem of Ghatafan were engaged in mustering troops to invade the Muslims. The Prophet [pbuh] took the initiative himself and mounted a surprise attack on them in their own homeland at a watering place called Al-Kudr. Banu Saleem, on receiving the news, had fled before he arrived. He stayed there for three days, took their 500 camels as booty and distributed them to the fighters after he had set aside the usual one-fifth; each one gained two camels.\n\nThis invasion took place in Shawwal in the year 2 A.H., seven days after the event of Badr.[Za'd Al-Ma'ad 2/90; Ibn Hisham 2/43,44; Mukhtasar Seerat Ar-Rasool p.236]\n\nAn Attempt on the Life of the Prophet [pbuh]\n\nThe impact of defeat at Badr was so great that the Makkans began to burn with indignation and resentment over their horrible losses. To resolve this situation two polytheists volunteered to quench their thirst and muffle the source of that humiliation i.e. the Prophet [pbuh].\n\n\u2018Umair bin Wahab Al-Jumahi, a terrible polytheist, and an archenemy Safwan bin Omaiyah sat together privately lamenting their loss and remembering their dead and captives. \u2018Umair expressed a fervent desire to kill the Prophet [pbuh] and release his captured son in Madinah, if it was not for the yoke of debts he was under and the large family he had to support. Safwan, also had his good reasons to see the Prophet [pbuh] killed, so he offered to discharge \u2018Umair\u2019s debts and support his family if he went on with his plan.\n\n\u2018Umair agreed and asked Safwan to be reticent on the whole scheme. He left for Madinah, having with him a sword to which he applied some kind of lethal poison. \u2018Umar bin Al-Khattab saw him at the door of the Mosque and understood that he had come with evil intentions. He immediately went into the Mosque and informed the Prophet [pbuh]. He was let in looped by the sling of his sword and in greeting he said \"good morning\", to which the Prophet [pbuh] replied that All\u00e2h had been Gracious and taught them the greeting of the dwellers of the Paradise: \"peace be upon you!\" To a question raised by the Prophet [pbuh], about his object, \u2018Umair said that he had come to see that his captured son was well treated. As for the sword, which the Prophet [pbuh] asked him about, he cursed it and said that it gained them nothing. On exhorting him to tell his real goal, he remained obdurate and did not divulge the secret meeting with Safwan. Here the Prophet [pbuh] got impatient and he himself revealed to \u2018Umair his secret mission. \u2018Umair was taken by surprise, and incredible astonishment seized him, and immediately bore witness to the Messengership of Muhammad [pbuh]. He then began to entertain All\u00e2h\u2019s praise for having been guided to the \u2018Straight Path\u2019. The Prophet [pbuh] was pleased and asked his Companions to teach \u2018Umair the principles of Islam, recite to him the Noble Qur\u2019\u00e2n and release his son from captivity.\n\nSafwan, meanwhile, was still entertaining false illusions as to the approaching redemption of honour, and burying the memory of Badr into oblivion. He was impatiently awaiting \u2018Umair\u2019s news but to his great surprise, he was told that the man had embraced Islam and changed into a devoted believer. \u2018Umair later came back to Makkah where he started to call people unto Islam and he did actually manage to convert a lot of Makkans into Islam.[Ibn Hisham 1/661-663]\n\nWe have already spoken about the treaty that the Prophet [pbuh] signed with the Jews. He was very careful to abide by it to the letter and the Muslims did not show the least violation of any of its provisions. The Jews, however, whose natural disposition is closely linked to treachery, betrayal and covenant-breaching, could not rid themselves of the tradition of theirs, and started a process of intrigues and troublemaking with the aim of producing schism in the growing solid Muslim ranks. Here is a relevant model of their behaviour: Shas bin Qais, an elderly Jew, a terrible disbeliever and a greatly envious man of the Muslims, passed by a group of Muhammad [pbuh]\u2019s followers of Aws and Khazraj. He perceived a prevalent spirit of reconciliation and an atmosphere of rapport and amity enveloping the whole group; an unusual scene categorically in conflict with the animosity and hatred that characterized their pre-Islam behaviour. He, therefore, sent a youth of his to sit among them, remind them of Bu\u2018ath war between them and recite some of their verses which they used to compose satirizing each other; all of this with the intention of sowing the seeds of discord and disagreement and undermining the new Islamically-orientated inter-tribal relations. The youth did in fact succeed and the two parties at no time recalled the old days and pre-Islam tribal fanaticism sprang to the front to bring about a state of war.\n\nThe Prophet [pbuh] was reported of this account, and immediately, at the head of some Emigrants, set out to see to the situation. He began to rebuke them but in the manner of the great instructor and the tolerant spirit of the understanding guide: \"O, Muslims! Do you still advance pre-Islamic arguments after I have been sent to you (as a Messenger). Remember that it is not rightful for you to turn backward after All\u00e2h has guided you to the Straight Path, delivered you from disbelief and created amity between you.\" The Muslims readily realized that it was a Satanic whim and a plot hatched by the enemies. They directly embraced each other and went back home quite satisfied and in full obedience to the Messenger of All\u00e2h [pbuh].[Ibn Hisham 1/555, 556]\n\nSuch were the practices of the Jews, trouble-making, dissension-sowing, falsehoodfabrication, faking belief in the day, and practising disbelief at night. In everyday life, they used to tighten the ropes of financial dealings on the Muslims. If they happened to owe a Muslim something, they would shirk their obligations on grounds that he had converted into a new religion and they would allege the basis of agreement was no longer valid. If it was the other way, they would never cease to harass him day and night to pay back the debt, all of which in a desperate attempt to demolish the great edifice of the new religion that was rapidly gaining ground and speedily towering up skyward.\n\nSeeing that All\u00e2h sided with the believers and granted them a manifest victory and perceiving the Muslims\u2019 awesome presence in Madinah, the Jews could no longer contain themselves or conceal indignation. They started a series of provocative and harmful deeds publicly. The most wicked amongst them were the tribe of Banu Qainuqa\u2018, who lived in quarters within Madinah named after them. As for jobs, they took up goldsmithery, blacksmithing and crafts of making household instruments, that is why war weaponry was available in large quantities in their houses. They counted 700 warriors, and were the most daring amongst the Jewish community in Arabia, and now the first to breach the covenant of cooperation and non-aggression which they had already countersigned with the Prophet [pbuh]. Their behaviour grew too impolite and unbearable. They started a process of trouble-making, jeering at the Muslims, hurting those who frequented their bazaars, and even intimidating their women. Such things began to aggravate the general situation, so the Prophet [pbuh] gathered them in assemblage, admonished and called them to be rational, sensible and guided and cautioned against further transgression. Nevertheless they remained obdurate and paid no heed to his warning, and said: \"Don\u2019t be deluded on account of defeating some Quraishites inexperienced in the art of war. If you were to engage us in fight, you will realize that we are genuine war experts.\"\n\nIn this regard, the Words of All\u00e2h were revealed saying:\n\n\"Say (O Muhammad [pbuh] ) to those who disbelieve: \u2018You will be defeated and gathered together to Hell, and worst indeed is that place to rest.\u2019 There has already been a Sign for you (O Jews) in the two armies that met (in combat \u2014 i.e. the battle of Badr): One was fighting in the cause of All\u00e2h, and as for the other (they) were disbelievers. They (the believers) saw them (the disbelievers) with their own eyes twice their number (although they were thrice their number). And All\u00e2h supports with His Victory whom He pleases. Verily, in this is a lesson for those who understand.\" [Al-Qur'an 3:12,13] [Sunan Abu Da'ud with Aunul-Ma'bood 3/115; Ibn Hisham 1/552]\n\nThe answer of Banu Qainuqa\u2018 amounted, as seen, to war declaration. The Prophet [pbuh] suppressed his anger and advised the Muslims to be patient and forbearing and wait for what time might reveal.\n\nThe Jews, went too far in their transgression, presumptuous behaviour and licentious practices. One day a Jewish goldsmith provoked a Muslim woman whose genitals become uncovered when he had tied the edge of the garment to her back. A Muslim man happened to be there and killed the man; the Jews retaliated by killing that Muslim. The man\u2019s family called the Muslims for help and war started.[Ibn Hisham 2/47,48]\n\nOn Saturday, Shawwal 15th, 2 A.H., the Prophet [pbuh] marched out with his soldiers, Hamzah bin \u2018Abdul Muttalib, carrying the standard of the Muslims and laid siege to the Jews\u2019 forts for 15 days. All\u00e2h cast fear into their hearts, and they were obliged to defer to the Messenger[pbuh]\u2019s judgement on their lives, wealth, women and children; their hands were tied behind their backs.\n\nAt this point, \u2018Abdullah bin Ubai bin Salul started his hypocritical role and began to intercede for them persistently on grounds of former alliance between those Jews and His tribe Khazraj. Muhammad [pbuh] dealt with this man as being a Muslim -- He had faked conversion into Islam for only one month, by that time -- and so he granted him his request; for Islam accepts people at their face value. Banu Qainuqa\u2018 handed over all materials, wealth and war equipage to the Prophet [pbuh], who set aside one fifth and distributed the rest to his men. After that they were banished out of all Arabia to Azru\u2018a in Syria where they stayed for a while and soon perished away.\n\nTwo-pronged hostile activities were being independently conducted against the Prophet [pbuh]; plots and intrigues being hatched by Safwan bin Omaiyah, the hypocrites and Jews on the one hand, going on and on parallel lines with military hostilities being prepared by Abu Sufyan aiming at saving the face of his people and impressing on the other Arabs that Quraish was still a military power to be counted for. In the aftermath of Badr, Abu Sufyan was burning for revenge and took a solemn vow he would never bathe off impurity unless he had avenged himself on Muhammad [pbuh] and his followers. He set out at the head of 200 men towards Madinah but was not brave enough to attack it in broad daylight. He, instead resorted to acts of piracy that are performed in the dark. He infiltrated into the Prophet [pbuh]\u2019s town and went to see an old ally Huyai bin Akhtab, who was too cowardly to let him in, so he left for Salam bin Mashkam, chief of Bani Nadeer, a"
      },
      "geometry": {
        "type": "Point",
        "coordinates": [
          39.61,
          24.47
        ]
      }
    },
    {
      "type": "Feature",
      "properties": {
        "id": "26",
        "title": "The Battle of Uhud",
        "year": 625,
        "category": "battles",
        "description": "The defeat at Badr was an ignominy which the Quraishites pride could not leave unavenged. Revenge was, therefore, the catchword all over Makkah. The Makkans even forbade lamenting over their murdered people, or ransoming their captives at Badr Battle lest the Muslims should realize the grave degree of sadness and feeling of tragedy they were experiencing.\n\nIn the wake of Badr event, Quraish was in common consent and started fresh preparations to launch an overall war against the Muslims in order to restore their blemished prestige and wounded pride. The most enthusiastic polytheists desiring to go into a new battle were \u2018Ikrimah bin Abi Jahl, Safwan bin Omaiyah, Abu Sufyan bin Harb, and \u2018Abdullah bin Abi Rabi\u2018a. They were determined to crush the commonwealth of Islam once and for all. Emissaries were sent to all the tribes to make common cause against the rising Faith. As a consequence of this, they managed to enlist the support of two well-known tribes Kinana and Tihamah besides some desert bedouins Ahabish. It was also decided that the profits of the escaped caravan headed by Abu Sufyan, which amounted to 1000 camels and 50 thousand Dinars, should be devoted for providing equipment to the army. The Noble Qur\u2019\u00e2n has alluded to this decision of theirs in the following words:\n\n\"Verily, those who disbelieve spend their wealth to hinder (men) from the path of All\u00e2h, and so will they continue to spend it; but in the end it will become an anguish for them. Then they will be overcomed.\" [Al-Qur'an 8:36]\n\nThey also devised other ways of recruitment including hiring poets to entice the tribes into fighting the Muslims. Safwan bin Omaiyah allured Abu \u2018Azza, the poet to work in this context in return for riches after the war or supporting his daughters if killed. Incidentally, this poet was prisoner of war (in the context of the Badr events) in the hands of the Muslims and the Prophet [pbuh] was gracious enough to release him unransomed provided he would not engage in fight against him.\n\nAbu Sufyan nursed the most grudge against Muslims because he had lost most of his supplies in As-Sawiq invasion, let alone the heavy economic losses that Quraish had sustained in the aftermath of the events that featured the platoon of Zaid bin Harithah.\n\nIn the light of these successive failures, Quraish precipitated and accelerated their preparations for a decisive battle with the Muslims. At the turn of the year everything was ready for the move. The Makkans also decided to take their women along with them for they might arouse them to fight manfully. Thus a contingent of three thousand pitched warriors, of whom seven hundred were mailed soldiers and two hundred well-mounted[Za'd Al-Ma'ad 2/92; Fath Al-Bari 7/346] cavalry with three thousand camels and fifteen women marched towards Madinah. The general leader was Abu Sufyan bin Harb, the cavalry under the leadership of Khalid bin Al-Waleed assisted by \u2018Ikrimah bin Abi Jahl, and Bani \u2018Abd Ad-Dar were entrusted with the flag.\n\nOld deep-seated feelings of hatred, with heart-based grudge enveloped the whole process foreshadowing bitter, bloody revenge-instigated fighting between the two parties.\n\nMeanwhile Al-\u2018Abbas bin \u2018Abdul Muttalib, was closely watching the military movements and preparations for war, and these were all included in an urgent message sent by him to Prophet [pbuh] who received it while he was in Qub\u00e2\u2019 Mosque. Ubai bin Ka\u2018b read the letter to the Prophet [pbuh], who asked him to be reticent with respect to its serious contents. He hurried back to Madinah, convened a meeting with the Helpers and Emigrants and conducted with them serious consultations as regards the measures to be taken.\n\nThe whole of Madinah was put on the alert and all men were heavily armed even during prayer in anticipation of any emergency. A group of Helpers volunteered to guard the Prophet [pbuh] and kept watchful eye all night at his door, amongst whom there were Sa\u2018d bin Mu\u2018adh, Usaid bin Hudair and Sa\u2018d bin \u2018Ubadah. Lest they should be taken by surprise, armed groups of the Madinese began to police the entrances and roads leading to the city. To reconnoitre the movements of the polytheists, Muslim platoons began to patrol the routes for any probable enemy raids.\n\nThe Makkan army, on the other hand, continued the march along the usual western road. On reaching Al-Abw\u00e2\u2019, Hind bint \u2018Utbah, Abu Sufyan\u2019s wife, suggested that they dig up the grave of the Prophet [pbuh]\u2019s mother, but the leaders of the army refused to do so for fear of the consequent results. The army then followed Wadi Al-\u2018Aqeeq and turned right to encamp themselves at a place called \u2018Ainain near Uhud Mountain. That was on Friday, 6th Shawwal, 3 A.H.\n\nA Consultation Assembly for a Defence Plan\n\nThe scouting party of Madinah conveyed the news of the Makkan army step by step. Then the Messenger of All\u00e2h [pbuh] held a head military consultation assembly to exchange views about the situation. He told them about a dream he had. He said: \"By All\u00e2h, I have dreamt of \u2014 I implore All\u00e2h to be a dream of bounty \u2014 cows slaughtered and that there was a groove at the pointed top of my sword, and that I had inserted my hand into an immune armour.\"\n\nThe interpretation of \u2018the cows\u2019 was that some of his men were killed, and \u2018the groove at the pointed top of his sword\u2019 was that a member of his House would be hurt. As for \u2018the armour\u2019 it was Madinah. Then he offered a suggestion that his Companions should not go out of Madinah and that they should encamp themselves within the city. He was of the opinion that the enemies should be left in the open to exhaust themselves and thus the Muslims would not risk a battle. But if they thought of attacking Madinah, Muslim men would be ready to fight them at the mouths of lanes; whereas Muslim-women would help from over the house roofs.\" \u2018Abdullah bin Ubai bin Salul \u2014 the head of the hypocrites; who attended the meeting as a chief of Al-Khazraj \u2014 supported the Prophet [pbuh]\u2019s plan.\n\nAs a matter of fact his agreement was not based on the righteousness of the plan but rather on personal benefit. He did not want to fight. On the contrary he secretly aimed at being far away from fight. However it was All\u00e2h\u2019s Will that he should be disclosed and disgraced in public \u2014 for the first time. It was His Will that the curtain which concealed their disbelief behind should be uncovered and pulled down. All\u00e2h\u2019s Will enabled the Muslims to recognize the reality of those snakes that were creeping within their garments and inside the sleeves of their clothes. Thanks to All\u00e2h they recognized them in one of the most critical times of their lives.\n\nSome of the best honourable Companions, who had missed Al-Jih\u00e2d in Badr invasion, suggested that the Prophet [pbuh] should go out of Madinah and urged him to accept their point of view. One of them said: \"O, Messenger of All\u00e2h [pbuh], for long time we have been looking forward to this day; and we have implored All\u00e2h to make such a day draw near. Thanks to All\u00e2h it is time to fight. So let us go out and fight our enemies lest they should think that we have lost heart and do not dare to fight them.\" Hamza bin Abdul Muttalib the paternal uncle of the Prophet [pbuh], who had already covered the ornaments of his sword with idolaters\u2019 blood in Badr Battle, was ahead of those enthusiastics who urged him to go out and meet the disbelievers. He said to the Prophet [pbuh]: \"By All\u00e2h, Who has sent the Book down unto you, I will not taste food till I fight them with my sword outside Madinah.\"[As-Seerah Al-Halabiyah 2/14]\n\nAfter weighing carefull the pros and cons of the issue, it was decided that the enemy should be resisted outside the city at Uhud.\n\nDividing the Islamic Army into Phalanxes and Departure to the Battle-field\n\nAscending the pulpit at the Friday congregational prayer, the Prophet [pbuh] urged the people in his sermon to fight courageously. \"If you remain steadfast,\" he said \"you will be helped by the Power of the All- Mighty.\" Then he commanded his men to make ready for the battle. Most of them rejoiced greatly.\n\nHe led the afternoon prayer with crowds of people. Then he entered his house accompanied by his two friends Abu Bakr and \u2018Umar. They helped him dress and wear his headcloth. He armed himself and wore two armours one over the other. He wore his sword and went out to meet people.\n\nPeople were waiting for him impatiently. Sa\u2018d bin Mu\u2018adh and Usaid bin Hudair blamed people for pressing on the Prophet [pbuh]. They said: \"You have forced the Messenger of All\u00e2h [pbuh] to fight the enemy outside Madinah.\" Therefore they were determined to leave the whole matter to the Prophet [pbuh], and blamed themselves for what they had already done. When the Prophet [pbuh] came out, they said: \"O Messenger of All\u00e2h, we should have not disagreed with you. So, you are free to do what you desire. If you prefer to stay inside Madinah we will stay with you. Upon this the Messenger of All\u00e2h [pbuh] remarked: \"It does not become a Prophet that once he had put on armour, he should take it off, until All\u00e2h has decided between him and the enemy.\" [Quoted by Ahmad, Nasa'i, Hakim and Ibn Ishaq]\n\nThe Prophet [pbuh] divided his army into three battalions:\n\n1. Al-Muhajireen battalion, under the command of Mus\u2018ab bin \u2018Umair Al-\u2018Abdari. 2. Al-Ansari-Aws battalion was commanded by Usaid bin Hudair. 3. Al-Ansari-Khazraj battalion with Al-Hubab bin Al-Mundhir to lead it.\n\nThe army consisted of a thousand fighters; a hundred of them armoured; another fifty horsemen. [Al-Huda 2,92] He appointed Ibn Umm Maktum to lead the people in prayer in Madinah. Departure was announced and the army moved northwards with the two Sa\u2018ds, who were armoured, running in front of the army.\n\nUpon passing along Al-Wada\u2018 mountain trail he saw a well-armed battalion, which were detached from the main body of the army. The Prophet [pbuh] inquired who they were and he was told that they were Jews and were allies of Al-Khazraj. They told him that they wanted to contribute to the fight against the idolaters. \"Have they embraced Islam?\" The Prophet [pbuh] asked. \"No,\" they said. So he refused admitting them and said that he would not seek the assistance of disbelievers against the idolaters.\n\nAs soon as he reached a location called Ash-Shaikhan, he paraded his army. He dismissed those whom he considered to be disabled or too young to stand the fight. Among them were \u2018Abdullah bin \u2018Umar bin Al-Khattab. Usama bin Zaid; Usaid bin Zaheer, Zaid bin Thabit, Zaid bin Arqam. \u2018Araba bin Aws, \u2018Amr bin Hazm, Abu Sa\u2018eed Al-Khudri, Zaid bin Haritha Al-Ansari, Sa\u2018d bin Habba and Al-Bar\u00e2\u2019 bin \u2018Azib, Sahih AlBukhari pointed out that he had shared in the fight that day.\n\nThe Messenger of All\u00e2h [pbuh] allowed both Rafi\u2018 bin Khadaij and Samura bin Jundub to join the army \u2014 though they were too young. The former proved to be skillful at shooting arrows; the latter wrestled the former and beat him. The admission of Rafi\u2018 made Samura say: \"I am stronger than him, I can overcome him.\" When the Prophet [pbuh] heard this saying he ordered them to wrestle. They did. Samura won so he was also admitted.\n\nPassing the Night between Uhud and Madinah\n\nAs night fell upon them there, they performed both the sunset and the evening prayers and spent the night there as well. Fifty people were chosen to guard the camp and go round it. Muhammad bin Maslama Al-Ansari, the hero of the brigade of Ka\u2018b bin Al-Ashraf, was in charge of the guards. Whereas Dhakwan bin \u2018Abd Qais undertook the responsibility of guarding the Prophet [pbuh], in particular.\n\nThe Rebellion of \u2018Abdullah bin Ubai and his Followers\n\nAt the end of the night and just before it was daybreak, the Prophet [pbuh] moved and when he got to Ash-Shawt he observed the dawn prayer. There he was close enough to the enemy that they could see one another. It was there that \u2018Abdullah bin Ubai \u2014 the hypocrite \u2014 rebelled against the Muslims. One-third of the army withdrew with him \u2014 that is to say three hundred fighters. He said, \"We do not know why we shall kill ourselves.\" He claimed that his withdrawal was no more than showing protest against the Messenger of All\u00e2h [pbuh] who had already refused his opinion and accepted that of the others.\n\nUndoubtedly that was not the real cause of his detachment. If it had been the refusal of his opinion \u2014 as the hypocrite claimed \u2014 there would have no sense whatsoever for his joining the Prophetic army. If it had been so, he would have refused to go out with the army from the very beginning of the march. As a matter of fact the real purpose of this rebellion, withdrawal and detachment \u2014 at this delicate and awkward position and time \u2014 was to produce bewilderment, confusion of mind, and disorder in the Muslims army who were within the sight and hear range of the enemy who were also looking forward to seeing more and more dissension on the side of the"
      },
      "geometry": {
        "type": "Point",
        "coordinates": [
          39.6111,
          24.502
        ]
      }
    },
    {
      "type": "Feature",
      "properties": {
        "id": "27",
        "title": "Military Platoons and Missions between the Battle of Uhud and the Battle of the Confederates",
        "year": 625,
        "category": "battles",
        "description": "Military Platoons and Missions between the Battle of Uhud and the Battle\n\nUhud\u2019s misfortune left a bad impact on both the credibility and military reputation of the Muslims. Their dignity and power in people\u2019s eyes were impaired. Troubles and dangers spread everywhere in and out of Madinah. The Jews, hypocrites and bedouins declared publicly their enmity to the Muslims and each party was keen on degrading and, in the final place, exterminating their whole existence.\n\nTwo months had almost passed after this battle, when Banu Asad made preparations to raid Madinah, \u2018Udal and Qarah tribes conspired against the Muslims in the month of Safar, 4 A.H. and killed ten of the Prophet [pbuh]\u2019s Companions. Similarly Banu \u2018Amir plotted against them too, and seventy Companions were killed in the battle of Ma\u2018una Well. During that period, Banu Nadeer kept on announcing their enmity and were involved in a plot to kill the Prophet Muhammad [pbuh] in Rabi\u2018 Al-Awwal in 4 A.H. Banu Ghatfan were about to attack Madinah in Jumada Al-Ula in 4 A.H.\n\nThus we see that the Muslims turned into an attractive target of several potential dangers after they had lost their military credibility in the battle of Uhud. Muhammad [pbuh] most wisely managed to hold all those hostile currents at bay, and even redeem the lost dignity of the Muslims and gain them anew fresh glory and noble standing. The first initiative he took in this process was Hamra\u2019 Al-Asad pursuit operation, whereby he could retain the Muslim military reputation. He succeeded in recovering his followers\u2019 dignity and awe-inspiring position in such a manner that astonished or even astounded both the Jews and hypocrites, alike, then he proceeded to crown his successful attempts by despatching military errands and missions:\n\nThe first people to take up arms against the Muslims in the aftermath of Uhud reverse were Banu Asad bin Khuzaimah. \"The Intelligence Corps\" of Madinah reported that Talhah and Salamah, sons of Khuwailid have mustered some volunteers to fight the Messenger of All\u00e2h [pbuh]. The Prophet [pbuh] immediately despatched a 150-man-platoon of Helpers and Emigrants headed by Abu Salamah. The Muslim leader took Bani Asad bin Khuzaimah by surprise in their own homeland, neutralized their attempts, dispersed them and captured their cattle. On his return, Abu Salamah had an inflammation of a previous wound he sustained in Uhud, and caused him to die soon after. This expedition took place on Muharram 1st, 4 A.H.[Za'd Al-Ma'ad 2/108]\n\nOn the fifth day of the same month Muharram, 4 A.H., it was reported that Khalid bin Sufyan Al-Hudhali was gathering some mob to raid the Muslim positions. \u2018Abdullah bin Unais, at the behest of the Prophet [pbuh] set out to destroy the enemies.\n\nThe Muslim military leader stayed away for eighteen days during which he successfully fulfilled his task, killed the head of the rebels and brought his head back to Madinah on Saturday, seven days before the end of Muharram. The Prophet [pbuh], as a reward, gave him a stick saying \"This will function as a sign of recognition for you and me on the Day of Resurrection.\" On his death bed, \u2018Abdullah requested that the log be with him in his shroud. [Za'd Al-Ma'ad 2/109; Ibn Hisham 2/619, 620]\n\nIn Safar of the fourth year A.H., a delegation from the tribes of \u2018Udal and Qarah came to Madinah and asked the Prophet [pbuh] to send a group of Companions to instruct them in religion, claiming the existence of some Muslims among them. He sent six of his Companions, in another version, ten headed by Murthid bin Abi Murthid Al-Ghanawi, or, according to Al-Bukhari, \u2018Asim bin Thabit, the grandfather of \u2018Asim bin \u2018Umar bin Al-Khattab. When they reached a spot called Ar-Raji\u2018 between Rabigh and Jeddah, a hundred archers of Banu Lihyan clan surrounded the place and attacked them. The delegation of Muslims took shelter on some high ground, Fudfud, and the bedouins offered them a pledge that they would not be killed. \u2018Asim refused to come down, instead he fought them until he and six of his companions were killed. Three men were left, Khubaib, Zaid bin Ad-Dathna and another one. Once again, the bedouins offered them a guarantee of safety and they accepted. When they descended, the bedouins treacherously bound them. The third man rebuked them for their insincerity and resisted them so they killed him. The other two men who had killed some notables of Quraish at Badr were taken and sold in Makkah. The first was Khubaib who was detained for some time and then it was unanimously decided to crucify him. He was taken from the Holy Sanctuary to At-Tan\u2018im for crucifixion. He requested a respite to offer a two-Rak\u2018a prayer. After the final greeting, he turned to his executioners, and said: \"Had I not been afraid that you would think that I was afraid of death, I would have prayed for a long time.\" It was then that Khubaib first set the tradition of praying two Rak\u2018a before being executed. He then said:\n\n\"O Lord! Count them one by one, exterminate them to the last one.\"\n\nHe then recited some verses of poetry which speak eloquently of the atrocities borne by him, and testify to his Faith in All\u00e2h at this hour of suffering:\n\nThe confederates have gathered their tribes around me,\nAnd summoned all of them who could come.\nThey have gathered their women and children,\nI am bound fastly to a lofty trunk.\nTo All\u00e2h alone I complain of my helplessness and sufferings,\nAnd of the death, the confederates have prepared for me.\nLord of the Throne! Give me endurance against their design,\nThey have cut my flesh bit by bit, and I have been deprived of sustenance.\nThey let me choose infidelity but death is preferable,\nTears roll out of my eyes, though not of fear.\nBy All\u00e2h! I fear not if I die a Muslim,\nOn what side I fall for the sake of All\u00e2h.\nI will not show subservience to the enemy,\nIf Lord so desires, He will bless my torn limbs and broken joints.\n\nAbu Sufyan then addressed him saying: \"I adjure you by All\u00e2h, don\u2019t you wish that Muhammad [pbuh] were here in your place so that we might cut off his head, and that you were with your family?\" Khubaib answered, \"By All\u00e2h, I do not wish that Muhammad [pbuh] now were in the place I occupy or that a thorn could hurt him, and that I were sitting with my family.\" Quraish ordered \u2018Uqbah bin Al-Harith, whose father had been killed by Khubaib himself, to crucify him. They also appointed someone to guard his corpse. \u2018Amr bin Omaiyah Ad-Damari played a cunning trick and carried the corpse stealthily at night to bury it somewhere. It was later reported that shortly before his crucifixion, he was seen eating a bunch of grapes although there was not even one date available in Makkah at that time. [In fact, it was nothing but sustenance bestowed upon him by All\u00e2h.]\n\nSafwan bin Omaiyah purchased the second man, Zaid bin Ad-Dathna, and killed him as an act of vengeance for his father\u2019s murder.\n\nQuraish, whom \u2018Asim had killed one of their notables, sent someone to fetch a portion of his body, but to their disappointment, his corpse was inaccessible because a large swarm of hornets had been shielding him against any malicious tampering. \u2018Asim had already given his Lord a pledge to remain immune against any polytheist tampering with respect to his body, and also stay detached from any contact with the enemies of All\u00e2h. \u2018Umar bin Al-Khattab, when hearing this piece of news exclaimed, \"All\u00e2h verily protects His believing slave after death just as He does during his lifespan.\" [Ibn Hisham 2/169-179; Za'd Al-Ma'ad 2/109; Sahih Al-Bukhari 2/568,569,585]\n\nMa\u2018una Well tragedy, which was even more horrible than that of Ar-Raji\u2018, took place in the same month.\n\nAbu Bara\u2019 \u2014 \u2018Amir bin Malik \u2014 nicknamed \u2018Spear Player\u2019 came to the Messenger of All\u00e2h [pbuh] in Madinah. The Messenger of All\u00e2h [pbuh] called him to embrace Islam but he neither agreed nor refused. He said: \"O Messenger of All\u00e2h, if you dispatch some of your Companions to the people of Najd to call them to Islam, I expect them to accept.\" \"I am afraid the people of Najd will kill them.\" Said the Messenger. But he replied, \"I will protect them.\" Ibn Ishaq confirms that forty men were sent to them; but As-Sahih states that they were seventy \u2014 Al-Mundhir bin \u2018Amr, one of Bani Sa\u2018ida, nicknamed \u2018Freed to die\u2019 \u2014 commanded that group, who were the best and most learned in the Qur\u2019\u00e2n and jurisprudence.\n\nOn their way to Najd they used to gather firewood to buy food for the people of \u2018Ahl As-Suffah\u2019 as charity by day and study, meditate on the meanings of the Qur\u2019\u00e2n by night. They kept on doing that till they arrived at Ma\u2018una Well \u2014 which was a well in between Bani \u2018Amir, Harrah and Bani Saleem. They stayed there and sent the Message of the Prophet [pbuh] with Haram bin Milhan, the brother of Umm Sulaim to the enemy of All\u00e2h \u2018Amir bin At-Tufail. \u2018Amir did not heed the Message but rather ordered a man to spear Haram in the back. When the spear penetrated Haram\u2019s body, he saw the blood and said: \"All\u00e2hu Akbar! (i.e. All\u00e2h is the Greatest) By Lord of Al-Ka\u2018bah I have won!\"\n\nThen the enemy of All\u00e2h, promptly, called out Bani \u2018Amir to fight the rest. Bani \u2018Amir refused because they were under the protection of Abu Bara\u2019. Therefore he turned to Bani Saleem for help. The people of \u2018Usaiyah, Ri\u2018al and Dhakwan, who were folks of Bani Saleem, responded to his call. The Companions of the Prophet [pbuh], who were encompassed by idolaters, kept on fighting till they were all killed. The only survivor was Ka\u2018b bin Zaid bin An-Najjar who was carried wounded from among the dead. It was in Al-Khandaq (the trench) Battle that he was killed.\n\n\u2018Amr bin Omaiyah Ad-Damari and Al-Mundhir bin \u2018Uqbah bin \u2018Amir, who were entrusted with the Muslims\u2019 animals far from them, saw the birds circling in the air over the battleground. Al-Mundhir rushed to share in the fight till he was killed. But \u2018Amr bin Omaiyah was captured. \u2018Amir set him free when he knew that he was of Mudar tribe but that was after he had cut his hair. He did that to fulfil a pledge of his mother\u2019s to set a slave free.\n\nReturning to the Prophet [pbuh] \u2018Amr bin Omaiyah conveyed the news of the painful disaster, which resulted in the murder of seventy of the best believers, and recalled the tragedy of Uhud but with the difference that those of Uhud were killed in a clear war but those of Ma\u2018una were killed in a disgraceful treachery. On his way back to Qarqara, \u2018Amr bin Omaiyah rested in the shade of a tree, and there two men of Bani Kilab joined him. When they slept, \u2018Amr killed them both, thinking that by doing that he would avenge some of his killed companions. Then he found out that they had been given a pledge of protection by the Prophet [pbuh]. He told the Messenger of All\u00e2h [pbuh] what he had done. The Messenger of All\u00e2h [pbuh] said to \u2018Amr: \"You have killed two people; their blood-money shall be a debt I have to discharge.\" He then engaged himself collecting their blood-money from the Muslims and their allies, the Jews [Ibn Hisham 2/183-188; Za'd Al-Ma'ad 2/109-110; Sahih Al-Bukhari 2/584586]. This very act was later to trigger the invasion of Bani An-Nadeer.\n\nThe Prophet [pbuh] was so deeply moved by this tragedy and that of Ar-Raji\u2018 that he used to invoke All\u00e2h\u2019s wrath against those people and tribes who killed his Companions. Anas reported that for thirty days the Prophet [pbuh] supplicated All\u00e2h against those who killed his Companions at Ma\u2018una Well. Every dawn prayer he would invoke All\u00e2h\u2019s wrath against Ri\u2018l, Dhakwan, Lihyan and \u2018Usaiyah. He would say, \" \u2018Usaiyah disobeyed All\u00e2h and His Messenger.\" Therefore All\u00e2h sent down unto His Messenger a Qur\u2019\u00e2nic verse that we kept on reciting till it was abrogated later on: \u2018Inform our folk that we have encountered our Lord and He is satisfied with us and we are satisfied with Him.\u2019 So the Messenger of All\u00e2h [pbuh] stopped his invocation. [Sahih Al-Bukhari 2/586-588]\n\nWe have already spoken about the disgraceful behaviour of the Jews and how they were always thirsting to shed the blood of the Muslims and undermine the cause of Islam despite all the covenants and pledges they had given to the Prophet [pbuh]. Their behaviour fluctuated between resignation and slackness after the Banu Qainuqa\u2018 event and the murder of Ka\u2018b bin Al-Ashraf, and rebellion coupled with treacherous clandestine contacts with Quraish and the hypocrites in order to establish an alliance against the Muslims after the battle of Uhud ['Aunul Ma'bood 3/116-117]. Being inexperienced in war tactics, they resorted to conspiracy and intrigue hatching. They first of all declared open hatred and enmity, and chose to play all sorts of tricks that might harm the Muslims, but were very careful not to initiate any sort of hostilities that might involve them in open war.\n\nThe Prophet [pbuh], on his part, exercised the highest degree of patience with them but they went too far in their provocative deeds, especially after Ar-Raji\u2018 and Ma\u2018una Well events; they even made an attempt on his life."
      },
      "geometry": {
        "type": "Point",
        "coordinates": [
          39.61,
          24.47
        ]
      }
    },
    {
      "type": "Feature",
      "properties": {
        "id": "28",
        "title": "Al-Ahzab (the Confederates) Invasion",
        "year": 627,
        "category": "battles",
        "description": "Once again, peace and security enveloped the Arabian Peninsula and this turbulent area began to experience a period of lull after a whole year war. The Jews, however, whose treachery, intrigues and disloyalty made them taste all types of humiliation and disgrace, were not admonished. After they had been exiled to Khaibar, they remained waiting anxiously for the results of the skirmishes going on between the Muslims and the idolaters. Contrary to their hopes, the events of the war were in favour of the Muslims, therefore they started a new stage of conspiracy and prepared themselves to deal a deadly blow against the Muslims, but were too cowardly to manoeuvre directly against them, so they laid a dreadful plan in order to achieve their objectives. Twenty chiefs of the Jews with some celebrities of Bani Nadir went to Makkah to negotiate an unholy alliance with Quraish. They began to goad the people there to attack the Messenger of All\u00e2h [pbuh] promising them full support and backing. People of Quraish, who had been languid and proved too weak to challenge the Muslims at Badr, seized this opportunity to redeem their stained honour and blemished reputation. The same delegation set out for Ghatfan, called them to do the same, and they responded positively. The Jewish delegation then started a fresh effort and toured some parts of Arabia and managed to incite the confederates of disbelief against the Prophet [pbuh], his Message and the believers in All\u00e2h. Quraish, Kinanah and other allies from Tihama, in the south; rallied, ranked and recruited four thousand men under the leadership of Abu Sufyan. From the east there came tribes of Banu Saleem, Ghatfan, Bani Murrah, etc. They all headed for Madinah and gathered in its vicinity at a time already agreed upon. It was a great army of ten thousand fighters. They in fact outnumbered all the Muslims in Madinah, women, lads and elders included. To tell the truth, if they had launched a surprise attack against Madinah, they could have exterminated all the Muslims. However, the leadership inside the city was on the alert and the intelligence personnel managed to reconnoitre the area of the enemies, and reported their movement to the people in charge in Madinah. The Messenger of All\u00e2h [pbuh] summoned a high advisory board and conducted a careful discussion of a plan to defend Madinah. After a lengthy talk between military leaders and people possessed of sound advice, it was agreed, on the proposal of an honourable Companion, Salman Al-Farisi, to dig trenches as defensive lines. The Muslims, with the Prophet [pbuh] at their head, encouraging, helping and reminding them of the reward in the Hereafter, most actively and diligently started to build a trench around Madinah. Severe hunger, bordering on starvation, could not dissuade or discourage them from achieving their desperately sought objective. Salman said: O Messenger of All\u00e2h! When siege was laid to us in Persia, we used to dig trenches to defend ourselves. It was really an unprecedented wise plan. The Messenger of All\u00e2h [pbuh] hurriedly gave orders to implement the plan. Forty yards was allocated to each group of ten to dig. Sahl bin Sa\u2018d said: We were in the company of the Messenger of All\u00e2h [pbuh], the men used to dig and we evacuate the earth on our backs.\n\nSome preternatural Prophetic signs appeared in the process of trenching. Jabir bin \u2018Abdullah, seeing the Prophet [pbuh] starving, slaughtered a sheep, cooked some barley and requested the Prophet [pbuh] and some Companions to accept his invitation, but the Prophet [pbuh] gathered all the thousand people engaged in digging the trench and they started to eat until they were all completely full and yet the shoulder of mutton and dough that was being baked remained as they were undiminished. A certain woman brought a handful of dates and passed by the Prophet [pbuh], who took the dates, threw them over his cloak and invited his followers to eat. The dates began to increase in number until they dropped over the trim of his robe. Another illustrious preternatural example went to the effect that an obstinate rock stood out as an immune obstacle in the ditch. The Prophet [pbuh] took the spade and struck, and the rock immediately turned into a loose sand dune. In another version, Al-Bara\u2018 said: On Al-Khandaq (the trench) Day there stood out a rock too immune for our spades to break up. We therefore went to see the Messenger of All\u00e2h [pbuh] for advice. He took the spade, and struck the rock uttering \"in the Name of All\u00e2h, All\u00e2h is Great, the keys of Ash-Sh\u00e2m (Geographical Syria) are mine, I swear by All\u00e2h, I can see its palaces at the moment;\" on the second strike he said: \"All\u00e2h is Great, Persia is mine, I swear by All\u00e2h, I can now see the white palace of Madain;\" and for the third time he struck the rock, which turned into very small pieces, he said: \"All\u00e2h is Great, I have been given the keys of Yemen, I swear by All\u00e2h, I can see the gates of San\u2018a while I am in my place.\" The same version was narrated by Ishaq.[Ibn Hisham 3/330,331] The northern part of Madinah was the most vulnerable, all the other sides being surrounded by mountains and palm tree orchards, the Prophet [pbuh] as a skillful military expert, understood that the Confederates would march in that direction, so the trench was ordered to be on that side. The Muslims went on digging the trench for several days; they used to work on it during the day, and go back home in the evening until it had assumed its full dimensions militarily before the huge army of the idolaters;[ibid] which numbered, as many as ten thousand fighters, arrived and settled in the vicinity of Madinah in places called Al-Asyal and Uhud.\n\n\"And when the believers saw \u2018Al-Ahzab\u2019 (the confederates), they said: \u2018This is what All\u00e2h and His Messenger (Muhammad [pbuh]) had promised us, and All\u00e2h and His Messenger (Muhammad [pbuh]) had spoken the truth, and it only added to their Faith and to their submissiveness (to All\u00e2h).\" [Al-Quran 33:22]\n\nThree thousand Muslims, with Muhammad [pbuh] at their head, came out to encounter the idolaters, with All\u00e2h\u2019s Promise of victory deeply established in their minds. They entrenched themselves in Sila\u2018 Mountain with the trench standing as a barrier between them and the disbelievers.\n\nOn attempting to attack the Muslims and break into Madinah, the idolaters were surprised to see a wide trench, a new stratagem unknown in Arabia before, standing as an obstinate obstruction. Consequently they decided to lay siege to Madinah and began to manoeuvre around the trench trying hard to find a vulnerable spot through which they could infiltrate into Madinah. To deter their enemies from approaching or bridging any gap in their defences, the Muslims hurled arrows, and engaged in skirmishes with them. The veteran fighters of Quraish were averse to this situation waiting in vain in anticipation of what the siege might reveal. Therefore they decided that a group of fighters led by \u2018Amr bin \u2018Abd-e-Wudd, \u2018Ikrima bin Abi Jahl and Dirar bin Al-Khattab, should work its way through the trench. They, in fact, managed to do that and their horsemen captured a marshy area between the trench and Sila\u2018 Mountain. \u2018Amr challenged the Muslims to a duel, and \u2018Ali bin Abi Talib was deputed. After a short but fierce engagement, \u2018Ali killed \u2018Amr and obliged the others to evacuate in a state of panic and confusion. However, some days later, the polytheists conducted fresh desperate attempts but all of them failed due to Muslims\u2019 steadfastness and heroic confrontation.\n\nIn the context of the events of the Trench Battle, the Messenger of All\u00e2h [pbuh] failed to observe some prayers in their right time. Jabir [R] narrated: On the Day of Trench \u2018Umar bin Al-Khattab [R] came, cursing the disbelievers of Quraish and said: \"O All\u00e2h\u2019s Messenger! I have not offered the afternoon prayer and the sun has set.\" The Prophet [pbuh] replied: \"By All\u00e2h! I, too, have not offered the prayer yet.\" The Prophet [pbuh] then went to Buthan, performed ablution and observed the afternoon prayer after the sun had set and then offered the sunset prayer after it.\"[Sahih Al-Bukhari 2/590] He was so indignant for this failure that he invoked All\u00e2h\u2019s wrath on his enemies and besought All\u00e2h to fill their houses and graves with fire because they distracted him from observing the afternoon prayer. It was narrated by Ahmed and Shafa\u2018i that the events of that battle detained him from the noon, afternoon, evening and night prayers, but he observed them combined. The different narrations point to the fact that the situation lasted for a few days.[Mukhtasar Seerat Ar-Rasool p.287; Sahih Muslim 1/227]\n\nIt is clear that, and because of the trench standing between the two parties, no direct engagement took place, but rather there were military activities confined to arrow hurling, consequently the fight claimed the lives of a small number of fighters, six Muslims and ten polytheists, one or two killed by sword.\n\nDuring the process of fighting, Sa\u2018d bin Mu\u2018adh was shot by an arrow that pierced his artery. Perceiving his end approaching, he invoked All\u00e2h saying: \"Oh, All\u00e2h, you know nothing is closer to my heart than striving in Your way against those people (disbelievers) who belied Your Messenger and banished him from his town. Oh, All\u00e2h, I deeply believe that You have decreed that we should fight them, so if there is still more fighting to go with them, let me stay alive in order to strive more against them. If it has settled down, I beseech you to ignite it again so that I breathe my last in its context.\"[Sahih Al-Bukhari 3/591] He concluded his supplication beseeching All\u00e2h not to let him die until he had had full revenge on Banu Quraiza. In the midst of these difficult circumstances, plottery and intrigues were in fervent action against the Muslims. The chief criminal of Bani Nadir, Huyai, headed for the habitations of Banu Quraiza to incite their chief Ka\u2018b bin Asad Al-Qurazi, who had drawn a pact with the Messenger of All\u00e2h [pbuh] to run to his aid in times of war. Ka\u2018b, in the beginning resisted all Huyai\u2019s temptation, but Huyai was clever enough to manipulate him, speaking of Quraish and their notables in Al-Asyal, as well as Ghatfan and their chieftains entrenched in Uhud, all in one mind, determined to exterminate Muhammad [pbuh] and his followers. He, moreover, promised to stay in Ka\u2018b\u2019s fort exposing himself to any potential danger in case Quraish and Ghatfan recanted. The wicked man went on in this manner until he later managed to win Ka\u2018b to his side and persuade him to break his covenant with the Muslims. [Ibn Hisham 3/337] Banu Quraiza then started to launch war operations against the Muslims especially the secluded garrisons that housed the women and children of the Muslims. On the authority of Ibn Ishaq, Safiyah [R], daughter of \u2018Abdul Muttalib happened to be in a garrison with Hassan bin Thabit as well as some women and children. Safiyah said: \"A Jew was spotted lurking around our site, which was vulnerable to any enemy attacks because there were no men to defend it. I informed Hassan that I was suspicious of that man\u2019s presence near us. He might take us by surprise now that the Messenger of All\u00e2h [pbuh] and the Muslims are too busy to come to our aid, why don\u2019t you get down and kill him? Hassan answered that he would not do it, so I took a bar of wood, went down and struck the Jew to death. I returned and asked Hassan to loot him but again Hassan refused to do that.[ibid 2/228] This event had a far reaching effect and discouraged the Jews from conducting further attacks thinking that those sites were fortified and protected by Muslim fighters. They, however, went on providing the idolaters with supplies in token of their support against the Muslims.\n\nOn hearing this bad news, the Messenger [pbuh] despatched four Muslim prominent leaders Sa\u2018d bin Mu\u2018adh, Sa\u2018d bin \u2018Ubada, \u2018Abdullah bin Rawaha and Khawat bin Jubair for investigation but warning against any sort of spreading panic amongst the Muslims and advising that they should declare in public that the rumours are groundless if they happen to be so. Unfortunately the four men discovered that the news was true and that the Jews announced openly that no pact of alliance existed any longer with Muhammad [pbuh]. The Messenger of All\u00e2h [pbuh] was briefed on this situation, and the Muslims understood their critical position with the horrible danger implied therein. Their back was vulnerable to the attacks of Banu Quraiza, and a huge army with no way to connive at in front, while their women and children unprotected standing in between. In this regard, All\u00e2h says:\n\n\"And when the eyes grew wild and the hearts reached to the throats, and you were harbouring doubts about All\u00e2h. There, the believers were tried and shaken with a mighty shaking.\" [Al-Qur'an 33:10, 11]\n\nNow that the Muslims were shut in within the Trench on the defensive, the hypocrites taunted them with having indulged in delusive hopes of defeating Kisra, emperor of Persia, and Caesar, emperor of the Romans. They began to sow the seeds of defeatism, and pretended to withdraw for the defence of their homes, though these were in no way exposed to danger. Here, All\u00e2h says:\n\n\"And when the hypocrites and those in whose hearts is a disease (of doubts) said, \u2018All\u00e2h and His Messenger ([pbuh]) promised us nothing but delusions!\u2019 And when a party of them said: \u2018O people of Yathrib (AlMadinah), there is no stand (possible) for you (against the enemy attack!) therefore go back!\u2019 And a band of them asked for permission of the Prophet ([pbuh]) saying: \u2018Truly, our homes lie open (to the enemy).\u2019 And they lay not open. They but wished to flee.\" [Al-Qur'an 33:12, 13]\n\nThe Messenger of All\u00e2h, [pbuh] wrapped himself in his robe and began to meditate on the perfidy of Banu Quraiza. The spirit of hopefulness prevailed over him and he rose to his feet saying:\n\n\"All\u00e2h is Great. Hearken you Muslims, to All\u00e2h\u2019s good tidings of victory and support.\"\n\nHe then started to lay decisive plans aiming at protecting the women and children, and sent some fighters back to Madinah to guard them against any surprise assault by the enemy. The second step was to take action that could lead to undermining the ranks of the disbelieving confederates. There, he had in mind to conclude a sort of reconciliation with the chiefs of Ghatfan on the basis of donating them a third of Madinah\u2019s fruit crops. He sought the advice of his chief Companions, namely, Sa\u2018d bin Mu\u2018adh and Sa\u2018d bin \u2018Ubadah, whose reply went as follows:\n\n\"O Messenger of All\u00e2h! If it is All\u00e2h\u2019s injunction, then we have to obey, but if it is a new course you want to follow just to provide security for us then we don\u2019t need it. We experienced those people in polytheism and idolatry and we can safely say that they don\u2019t need the fruit of our orchards, they rather need to exterminate us completely. Now that All\u00e2h has honoured us with Islam, I believe the best recourse in this situation is to put them to the sword.\" Thereupon the Prophet [pbuh]"
      },
      "geometry": {
        "type": "Point",
        "coordinates": [
          39.61,
          24.47
        ]
      }
    },
    {
      "type": "Feature",
      "properties": {
        "id": "29",
        "title": "Invading Banu Quraiza",
        "year": 627,
        "category": "battles",
        "description": "Archangel Gabriel [AWS], on the very day the Messenger of All\u00e2h [pbuh] came back to Madinah after the previous battle, and while he was washing in Umm Salama\u2019s house, visited him asking that he should unsheathe his sword and head for the habitation of the seditious Banu Quraiza and fight them. Gabriel noted that he with a procession of angels would go ahead to shake their forts and cast fear in their hearts.\n\nThe Messenger of All\u00e2h [pbuh], immediately summoned the prayer caller and ordered him to announce fresh hostilities against Banu Quraiza, institued Ibn Umm Maktum as a ruler of Madinah, and entrusted the banner of war to \u2018Ali bin Abi Talib who marched towards the appointed target and came close enough to hear the Jews abusing the Messenger of All\u00e2h [pbuh], who on his part set out at the head of three thousand infantry men and thirty horsemen of Ansar (Helpers) and Muhajireen (Emigrants). On their way to encounter the enemy, the afternoon prayer was due. Some Muslims refused to observe it until they had defeated the enemy, while others offered it in its proper time, as usual. The Prophet [pbuh] objected to neither. When they reached the habitations of Banu Quraiza, they laid tight siege to their forts. Seeing this terrible situation they were in, the chief of the Jews Ka\u2018b bin Asad offered them three alternatives: to embrace Islam, and consequently their life, wealth, women and children would be in full security, and reminded them that such behaviour would not be incongruous with what they had read in their books about the veracity of Muhammad\u2019s Prophethood; to kill their children and women and then challenge the Prophet [pbuh] and his followers to the sword to either exterminate the Muslims or be exterminated, or as a third possibility to take Muhammad [pbuh] and his people by surprise on Saturday \u2014 a day mutually understood to witness no fighting.\n\nNone of those alternatives appealed them, so their chief, angrily and indignantly, turned to them saying: \"You have never been decisive in decision-making since you were born\" The gloomy future already visible, they made contacts with some Muslims, who had maintained good relation with them, in order to learn about their fate in the light of the current circumstances. They requested that Abu Lubaba be despatched to them for advice. On his arrival, the men began to implore, women and children to cry desperately. In answer to their demand for advice he pointed to his throat saying it was homicide awaiting them. He then immediately realized that he had betrayed the Prophet\u2019s trust, so he headed directly for the mosque in Madinah and tied himself to a wooden tall pole swearing that no one would untie him save the Messenger of All\u00e2h [pbuh], and added that he would never enter the habitation of Banu Quraiza in recompense for the deadly mistake he made. When the Messenger [pbuh] was informed of this incident, he said, \" I would have begged All\u00e2h to forgive him if he had asked me, but since he had tied himself out of his own free will, then it was All\u00e2h Who would turn to him in forgiveness.\"\n\nThe Jews of Banu Quraiza could have endured the siege much longer because food and water were plentifully available and their strongholds were greatly fortified, whereas the Muslims were in the wild bare land suffering a lot from cold and hunger, let alone too much fatigue consequent on endless warfare operations that had started even before the battle of Confederates. Nevertheless, this was a battle of nerves, for All\u00e2h had cast fear in the the Jews\u2019 hearts, and their morale had almost collapsed especially when two Muslim heroes, \u2018Ali bin Abi Talib and Az-Zubair bin \u2018Awwam [R] proceeded with \u2018Ali swearing that he would never stop until he had either stormed their garrisons or been martyred like Hamza (a former Muslim martyr).\n\nIn the light of this reluctance, they had nothing except to comply with the Messenger\u2019s judgement. The Messenger of All\u00e2h [pbuh] ordered that the men should handcuffed, and this was done under the supervision of Muhammad bin Salamah AlAnsari while the women and children were isolated in confinement. Thereupon AlAws tribe interceded begging the Prophet [pbuh] to be lenient towards them. He suggested that Sa\u2018d bin Mu\u2018adh, a former ally, be deputed to give verdict about them, and they agreed.\n\nSa\u2018d meanwhile stayed behind in Madinah due to a serious wound he sustained in the Confederates Battle. He was summoned and brought on a donkey. On his way to the Prophet [pbuh], the Jews used to exhort him to be lenient in his judgement on account of former friendship. Sa\u2018d remained silent but when they persisted he uttered: \"It is time for Sa\u2018d not to be afraid of the blame of the blamers.\" On hearing this decisive attitude, some of them returned to Madinah waiting for a desperate doom.\n\nOn arrival, he alighted with the help of some men. He was informed that the Jews had agreed to accept his verdict about them. He immediately wondered if his judgement would pass on all the people present, the Prophet [pbuh] included, turning his face away in honour of him. The reply was positive.\n\nHe decided that all the able-bodied male persons belonging to the tribe should be killed, women and children taken prisoners and their wealth divided among the Muslim fighters. The Prophet [pbuh] accepted his judgement saying that Sa\u2018d had adjudged by the Command of All\u00e2h. In fact, the Jews deserved that severe punitive action for the ugly treachery they had harboured against Islam, and the large arsenal they have amassed and which consisted of one thousand and five hundred swords, two thousand spears, three hundred armours and five hundred shields, all of which went into the hands of the Muslims. Trenches were dug in the bazaar of Madinah and a number of Jews between six and seven hundred were beheaded therein. Hot beds of intrigue and treachery were thus exterminated once and for all.\n\nHuyai, a chief criminal of war, a devil of Bani Nadir and Safiyah\u2019s father, had joined the ranks of Banu Quraiza when Quraish and Ghatfan defected, was admitted into the audience of the Prophet [pbuh] with his hands tied to his neck with a rope. In audacious defiance, he declared obstinate enmity to the Prophet [pbuh] but admitted that All\u00e2h\u2019s Will was to be fulfilled and added that he was resigned to his fate. He was ordered to sit down, and was beheaded on the spot.\n\nOnly one woman of the Jews was killed because she had killed a Muslim warrior by flinging a grinding stone upon him. A few elements of the enemy embraced Islam and their lives, wealth and children were spared. As for the spoils of the war, the Prophet [pbuh] divided them, after putting a fifth aside, in accordance with All\u00e2h\u2019s injunctions. Three shares went to the horseman and one to the infantry fighter. Women captives were sent to Najd to be bartered with horses and weaponry. For himself, the Prophet [pbuh] selected Rehana bint \u2018Amr bin Khanaqah, manumitted and married her in the year 6 Hijri. She died shortly after the farewell pilgrimage and was buried in Al-Baqi\u2018[Ibn Hisham 2/245; Talqeeh Fuhum Ahl Al-Athar p.12].\n\nAfter the war with Banu Quraiza had been settled and they had been defeated, Sa\u2018d bin Mu\u2018adh\u2019s wish was gratified and he gave his last breath. In response to his supplication \u2018Aishah [R] narrated, Sa\u2018d\u2019s wounds began to bleed from the front part of his neck while he was in his tent which the Prophet [pbuh] had pitched for him in the mosque so that he would be in close proximity in order to inquire about and watch his well-being closely. The people were not scared except when the blood flowed towards them, and in the Mosque along with Sa\u2018d\u2019s tent, there was the tent of Banu Ghifar. They said: O people of the tent, what is it that is coming to us from you? Lo! it was Sa\u2018d\u2019s wound that was bleeding and he died thereon.[Sahih Al-Bukhari 2/591]\n\nJabir narrated that the Messenger of All\u00e2h [pbuh] had said: \"The Throne of the Compassionate shook for the death of Sa\u2018d bin Mu\u2018adh.[Sahih Al-Bukhari 1/536; Sahih Muslim 2/294; Jami' At-Tirmidhi 2/225]\" When his bier was carried, At-Tirmidhi said: The hypocrites alleged it was too light. The Messenger of All\u00e2h [pbuh] retorted: \"The angels were carrying him.\"\n\nIn the process of the sieze laid to Banu Quraiza, one man of the Muslims, Khallad bin Suwaid was killed when a women of the Jews dropped the grinding stone on him, and another, Abu Sinan bin Mihsan, the brother of \u2018Ukasha, died.\n\nAbu Lubaba stayed tied for six nights. His wife used to untie him at prayer times and then he tied himself again to the pole. One early morning, All\u00e2h the All-Forgiving revealed a verse to the Messenger of All\u00e2h [pbuh] to the effect that All\u00e2h had turned to Abu Lubaba with forgiveness. The Muslims rushed to release him but he insisted that the Messenger of All\u00e2h [pbuh] himself do it. And this was done shortly before the morning prayer.\n\nThis Ghazwah took place in the month of Dhul Qa\u2018dah in the year five Hijri[Ibn Hisham 2/237,238; Sahih Al-Bukhari 2/590,591; Za'd Al-Ma'ad 2/72-74; Mukhtasar Seerat Ar-Rasool p.287-290], and the siege of Banu Quraiza\u2019s forts lasted for 25 days. The Chapter of Confederates was revealed containing All\u00e2h\u2019s Words concerning the basic issues relating to the believers and hypocrites during the battle of the Confederates, and the consequences of the treachery and breaching of covenants by the Jews."
      },
      "geometry": {
        "type": "Point",
        "coordinates": [
          39.6135,
          24.47
        ]
      }
    },
    {
      "type": "Feature",
      "properties": {
        "id": "30",
        "title": "Military Activities continued",
        "year": 627,
        "category": "battles",
        "description": "Salam bin Abi Al-Huqaiq (Abu Rafi\u2018) was a terrible Jew criminal, who had mustered the troops of the Confederates and provided them with a lot of wealth and supplies, on the one hand [Fath Al-Bari 7/343], and used to malign the Prophet [pbuh], on the other. When the Muslims had settled their affair with Banu Quraiza; Al-Khazraj tribe, a rival of Al-Aws, asked for the Prophet\u2019s permission to kill that criminal in order to merit a virtue equal to that of Al-Aws who had killed another criminal of the Jews, Ka\u2018b bin Al-Ashraf. The Prophet [pbuh] gave them his permission provided that no women or children be killed.\n\nA group of five people with \u2018Abdullah bin \u2018Ateeq at their head, headed for Khaibar where \u2018Abu Rafi\u2018\u2019s fort was situated. When they approached the place, \u2018Abdullah advised his men to stay a little behind, while he went ahead disguised himself in his cloak as if he had been relieving himself. When the people of the fort went in, the gate-keeper called him to enter thinking he was one of them. \u2018Abdullah went in and lurked inside. He then began to unbolt the doors leading to Salam\u2019s room. There it was absolutely dark but he managed to put him to the sword, and then leave in safety. On his way back, his leg broke so he wrapped it up in a band, and hid in a secret place until morning when someone stood on the wall and announced the death of Salam bin Abi Al-Huqaiq officially. On hearing the glad news he left and went to see the Prophet [pbuh], who listened to the whole story, and then asked \u2018Abdullah to stretch his leg, which he wiped and the fracture healed on the spot.[Sahih Al-Bukhari 2/577]\n\nIn another version, all the group of five participated in killing that enemy of Islam. This incident took place in Dhul Qa\u2018dah or Dhul Hijjah in the year five Hijri.[Rahmat-allil'alameen 2/223]\n\nShortly after the conclusion of the battle with the Confederates and Quraiza, the Prophet [pbuh] began to despatch punitive expeditions to force the aggressive tribes and rebellious Arabians to come to peaceful terms with the rising state of Islam.\n\nA platoon of thirty believers under the leadership of Muhammad bin Maslamah was despatched on a military mission in Muharram, the sixth year Hijri, following the two previous battles. It headed for the habitation of Bani Bakr sept. The Muslims attacked that sept and dispersed them in all directions. Plenty of spoils fell to the lot of the Muslims who returned home with a terrible disbeliever, Thumamah bin Uthal Al-Hanafi, chief of Bani Hanifa, who had gone out by order of Musailama, the Liar[As-Seerah Al-Halabiyah 2/297], to assassinate the Prophet [pbuh]. The Prophet\u2019s Companions tied him to a pole of the Prophetic Mosque. To a question posed by the Prophet [pbuh], Thumamah used to say: \"If you were to kill someone, then you would have to choose one of noble descent, if you were to be gracious, then let it be to a grateful man and if you were to ask for money, you would have to ask for it from a generous man.\" He repeated that three times on three different occasions. On the third time, the Prophet [pbuh] ordered that he should be released. He soon went nearby, washed and then came back to profess the new faith addressing the Prophet [pbuh]: \"No face had been more awful to me than yours but now it is the closest to my heart, no religion had ever been more repugnant to me than yours, now it is the dearest in my heart. Now I want to perform the \u2018Umrah (lesser pilgrimage).\" The Prophet [pbuh] gave him good tidings and asked him to do that. On his arrival in Makkah, the Quraishites accused him of apostasy. He denied it and affirmed that he had embraced Islam, and then swore that they would never get a grain from Yamama, a suburban area around Makkah, unless the Prophet [pbuh] would allow it. In fact, he did it and refused to send food supplies to Makkah until the Prophet [pbuh] interceded at the Makkans\u2019 earnest plea.[Za'd Al-Ma'ad 2/119; Mukhtasar Seerat Ar-Rasool, p.292-293]\n\nBani Lihyan had acted treacherously towards ten of the Prophet\u2019s Companions and had them hanged. Their habitation being situated deep in the heart of Hijaz on the borders of Makkah, and due to deep-seated blood-revenge between the Muslims on the one hand, and Quraish and the Arabians on the other, the Prophet [pbuh] deemed it unwise to penetrate deep and come close to the greatest enemy, Quraish. However, when the power of the allied Confederates collapsed and they began to slacken and resign to the current unfavourable balance of power, the Messenger of All\u00e2h [pbuh] seized this rare opportunity and decided that it was time to take revenge on Bani Lihyan. He set out in Rabi\u2018 Al-Awwal or Jumada Al-Ula in the year six Hijri at the head of two hundred Muslim fighters and made a feint of heading for Syria, then soon changed route towards Batn Gharran, the scene of his Companions\u2019 tragedy, and invoked All\u00e2h\u2019s mercy on them. News of his march reached Bani Lihyan, who immediately fled to the mountain tops nearby and thus remained out of his reach. On his way back, the Prophet [pbuh] despatched a group of ten horsemen to a place called Kura\u2018 Al-Ghamim, in the vicinity of the habitation of Quraish in order to indirectly confirm his growing military power. All these skirmishes took fourteen days, after which he left back for home.\n\n1. A platoon led by \u2018Ukasha bin Al-Mihsan was despatched to a place called AlGhamir inhabited by Bani Asad in the year six Hijri. The enemy immediately fled leaving behind them two hundred camels which were taken to Madinah. 2. A platoon led by Muhammad bin Maslamah set out towards the habitation of Bani Tha\u2018labah in Dhil Qassa. But a hundred men of the enemies ambushed and killed all of them except Muhammad bin Maslamah who managed to escape but badly wounded. 3. In retaliation against Bani Tha\u2018labah, Abu \u2018Ubaidah bin Al-Jarrah, at the head of forty men, was despatched to Dhil Qassa. They walked that night and took the enemy by surprise in the morning. Again, they fled to the mountains except one who was injured, and later embraced Islam. A lot of booty fell to their lot in that particular incident. 4. A platoon, under the leadership of Zaid bin Haritha, was sent to Al-Jumum, the habitation of Bani Saleem, in the same year. A woman from Bani Muzaina showed them the way to the enemy\u2019s camp. There the Muslims took some captives and gained a lot of booty. Later on, the Messenger of All\u00e2h [pbuh] granted the woman her freedom and married her to one of his followers. 5. Zaid bin Haritha, in Jumada Al-Ula 6 Hijri, at the head of a hundred and seventy horsemen, set out to a place called Al-\u2018Ais, intercepted a caravan of Quraish led by Abul-\u2018As, the Prophet\u2019s relative and looted their camels. Abul\u2018As escaped and took refuge in Zainab\u2019s (his wife and the Prophet\u2019s daughter) house. He begged her to ask the Prophet [pbuh] for the restitution of his wealth. The Prophet [pbuh] recommended, but without coercion, that the people do that. They immediately gave the man back all his wealth. He went back to Makkah, gave over the trusts to those entitled to them, embraced Islam and emigrated to Madinah where the Prophet [pbuh] reunited him with his wife, Zainab, after three and a half years of their first marriage contract. The verse relating to prohibition of marriage between women Muslims and disbelievers had not been revealed then. 6. In Jumada Ath-Thania, the same year, Zaid at the head of fifteen men raided Bani Tha\u2018labah and captured twenty of their camels but the people had fled. 7. In Rajab of the same year, Zaid, at the head of twelve men, set out to a place called Wadi Al-Qura in a reconnaissance mission to explore the movements of the enemy. The people there attacked the Muslims, killed nine of them, while the rest including Zaid bin Haritha managed to escape.[Rahmat-al-lil'alameen 2/226; Za'd Al-Ma'ad 2/120-122] 8. The invasion of Al-Khabt (diluted yoghurt) took place in the year eight Hijri i.e. before Al-Hudaibiyah Treaty. Abu \u2018Ubaidah bin Al-Jarrah led three hundred horsemen to observe a caravan belonging to Quraish. Because of the inadequacy of food supplies, they began to starve so much that they had Khabt (diluted yoghurt), hence the appellation \"The Army of Al-Khabt\". One of the men slaughtered nine camels at three times, three each time at different stages of the mission. Abu \u2018Ubaidah, the leader of the campaign prohibited him from doing so. The sea was generous and presented them with an animal called Al-\u2018Anbar (sperm-whale) so rich in fat that they subsisted on it for half a month. When they came back home, they narrated the story to the Prophet [pbuh], who commented that it was provision granted by All\u00e2h, and asked them to share him some of its meat.[Sahih Al-Bukhari 2/625,626; Sahih Muslim 2/145,146]\n\nThis campaign came chronologically prior to Al-Hudaibiyah Treaty because of and after which the Muslims stopped intercepting Quraishi caravans."
      },
      "geometry": {
        "type": "Point",
        "coordinates": [
          39.61,
          24.47
        ]
      }
    },
    {
      "type": "Feature",
      "properties": {
        "id": "31",
        "title": "Bani Al-Mustaliq (Muraisi\u2018) Ghazwah, Sha\u2018ban 6 Hijri",
        "year": 627,
        "category": "battles",
        "description": "Bani Al-Mustaliq (Muraisi\u2018) Ghazwah, Sha\u2018ban 6 Hijri\n\nThough militarily it did not assume its full dimension, this Ghazwah had certain implications that brought about a state of turbulence within the Islamic State, and resulted in disgracefulness to clothe in the hypocrites. Moreover, it entailed enactment of consolidating legislations that attached an impression of nobility, dignity and purity of souls to the Islamic community.\n\nNews reached the Prophet [pbuh] on Sha\u2018ban 2nd. to the effect that the chief of Bani Al-Mustaliq, Al-Harith bin Dirar had mobilised his men, along with some Arabs, to attack Madinah. Buraidah bin Al-Haseeb Al-Aslami was immediately despatched to verify the reports. He had some words with Abi Dirar, who confirmed his intention of war. He later sent a reconnoiterer to explore the positions of the Muslims but he was captured and killed. The Prophet [pbuh] summoned his men and ordered them to prepare for war. Before leaving, Zaid bin Haritha was mandated to see to the affairs of Madinah and dispose them. On hearing the advent of the Muslims, the disbelievers got frightened and the Arabs going with them defected and ran away to their lives. Abu Bakr was entrusted with the banner of the Emigrants, and that of the Helpers went to Sa\u2018d bin \u2018Ubada. The two armies were stationed at a well called Muraisi. Arrow shooting went on for an hour, and then the Muslims rushed and engaged with the enemy in a battle that ended in full victory for the Muslims. Some men were killed, women and children of the disbelievers taken as captives, and a lot of booty fell to the lot of the Muslims. Only one Muslim was killed by mistake by a Helper. Amongst the captives was Juwairiyah, daughter of Al-Harith, chief of the disbelievers. The Prophet [pbuh] married her and, in compensation, the Muslims had to manumit a hundred others of the enemy prisoners who embraced Islam, and were then called the Prophet\u2019s in-laws.\n\nThe Treacherous Role of the Hypocrites prior to the Bani Al-Mustaliq Ghazwah\n\n\u2018Abdullah bin Ubai, a terrible hypocrite was full of rancour against Islam and the Muslims because he believed that the Prophet [pbuh] had dispossessed him of his leadership over Al-Aws and Al-Khazraj, two clans already agreed on the Prophethood of Muhammad [pbuh] and his masterhood over them.\n\n\u2018Abdullah\u2019s rancour had appeared before he feigned Islam. Following the battle of Badr, he made pretensions of being a Muslim, but deep at heart, he remained that terrible enemy of Allah, His Messenger; and all the believers, in general. His sole target had always been to sow the seeds of dissension in the Muslim community, and undermine the cause of the new heavenly religion it has. His treacherous behaviour could be witnessed everywhere but was strikingly evident in his wicked attempts at creating a state of confusion and disorder amongst the Muslims at Uhud Battle. His hypocrisy and deceit assumed serious and ugly dimensions when he used to stand up among the Muslims shortly before the Prophet\u2019s Friday speech, and mockingly say to them: \"This is the Messenger of Allah, who has honoured you with Allah, so you have got to support, obey and listen to him,\" and then he would sit down.\n\nHe did the same following Uhud Battle on Friday. He was so rude and presumptuous that his words smacked unmistakingly of deeply-rooted rancour, so that some of the Muslims took him by his cloak reproachingly and silenced him. He immediately left, uttering rude and mocking words. A Helper met him at the Mosque gate and ordered him to return and beg the Messenger for Allah\u2019s forgiveness, but he retorted that he had never wanted him to ask for that. He, moreover, conducted clandestine contacts with Bani Nadir, another tribe of Jews, encouraging them to make alliance with him and promising support for them; all of this in his ceaseless efforts in a long process of conspiracy and intrigue hatched against the Muslims.\n\nThe wicked Role they played in the course of the Ghazwah of Bani Al-Mustaliq\n\nDuring this Ghazwah, the hypocrites almost managed to create a sort of discord among the Muslims themselves, coupled with a serious and ugly slander against the Prophet [pbuh] himself. A quarrel was about to break out between the Emigrants and the Helpers on account of plots and evil intentions designed by the hypocrites. The Prophet [pbuh] told them off describing their misbehaviour as something smacking of pre-Islamic practices."
      },
      "geometry": {
        "type": "Point",
        "coordinates": [
          39.61247,
          24.47247
        ]
      }
    },
    {
      "type": "Feature",
      "properties": {
        "id": "32",
        "title": "Delegations and Expeditions following Al-Muraisi\u2018 Ghazwah",
        "year": 627,
        "category": "battles",
        "description": "Delegations and Expeditions following Al-Muraisi\u2018 Ghazwah\n\n1. A military expedition led by \u2018Abdur Rahman bin \u2018Auf was despatched to the habitation of Bani Kalb in Doumat Al-Jandal in Sha\u2018ban 6 Hijri. Before setting out, the Prophet [pbuh] summoned \u2018Abdur Rahman, and placed his hand on the latter\u2019s hand invoking Allah\u2019s blessings and giving him commandments to act magnanimously during the war. He told him to marry the king\u2019s daughter if they obeyed him. \u2018Abdur Rahman stayed among those people for three days, invited them to Islam and they responded positively. He then did marry the king\u2019s daughter Tamadur bint Al-Asbagh.\n2. In the same month and year, \u2018Ali bin Abi Talib was despatched at the head of a platoon to the habitation of Bani Sa\u2018d bin Bakr in a place called Fadk. Prophet Muhammad [pbuh] had been reported that those had rallied ranks to support the Jews. The Muslim fighters used to march in the day and lurk at night. On their way, they captured an enemy scout who admitted being sent to Khaibar tribe, to offer them support in return for their dates. \u2018Ali and his companions raided their encampment, captured five hundred camels and two thousand goats, but Banu Sa\u2018d, with their chieftain Wabr bin \u2018Aleem had fled away.\n3. An expedition led by Abu Bakr As-Siddiq or Zaid bin Haritha was despatched to Wadi Al-Qura in Ramadan 6 Hijri after Fazara sept had made an attempt at the Prophet\u2019s life. Following the morning prayer, the detachment was given orders to raid the enemy. Some of them were killed and others captured. Amongst the captives, were Umm Qirfa and her beautiful daughter, who was sent to Makkah as a ransom for the release of some Muslim prisoners there. Umm Qirfa\u2019s attempts at the Prophet\u2019s life recoiled on her, and the thirty horsemen she had gathered and sustained to implement her evil scheme were all killed.\n4. Anas bin Malik reported that some people belonging to tribe of \u2018Uraina came to Allah\u2019s Messenger [pbuh] and made pretensions to Islam. They stayed in Madinah but found its climate uncongenial, so they were asked to pitch their tents in the pastures nearby. They did so and were all right. They then fell on the Prophet\u2019s shepherd and killed him, turned apostates from Islam and drove off the camels. This news reached the Prophet [pbuh], who sent a group of twenty Muslims led by Karz bin Jabir Al-Fihri on their track. They were brought and handed over to him. He had their hands and feet cut off, their eyes gouged out in recompense for their behaviour, and then they were thrown on the stony ground until they died.\n\nBiographers also reported \u2018Amr bin Omaiya Ad-Damari and Salamah bin Abi Salamah to have been sent on an errand to kill Abu Sufyan, the chief of Quraish, who had already sent a bedouin to kill the Prophet [pbuh]. The two-men mission failed except for three polytheists killed on the way."
      },
      "geometry": {
        "type": "Point",
        "coordinates": [
          39.81553,
          21.42217
        ]
      }
    },
    {
      "type": "Feature",
      "properties": {
        "id": "33",
        "title": "Al-Hudaibiyah Treaty",
        "year": 628,
        "category": "treaties",
        "description": "When Arabia began to witness the large impressive sweep in favour of the Muslims, the forerunners of the great conquest and success of the Islamic Call started gradually to loom on the demographic horizon, and the true believers restored their undisputed right to observe worship in the sacred sanctuary.\n\nIt was about the sixth year Hijri when the Prophet [pbuh] saw in a dream, while he was still in Madinah, that he had entered the sacred sanctuary in Makkah in security with his followers, and was performing the ceremonies of \u2018Umrah (lesser pilgrimage). Their heads were being shaved and hair cut off. As soon as he informed some of his Companions the contents of his dream, their hearts leapt up with joy since they found in it the actualization of their deep longing to take part in pilgrimage and its hallowed rites after an exile of six years.\n\nThe Prophet [pbuh] had his clothes washed, mounted his camel and marched out towards Makkah at the head of fifteen hundred Muslims including his wife Umm Salamah. Some desert bedouins whose Faith was lukewarm hung back and made excuses. They carried no weapons with them except sheathed swords because they had no intention of fighting. Ibn Umm Maktum was mandated to dispose the affairs of Madinah during the Prophet\u2019s absence. As they approached Makkah, and in a place called Dhi Hulaifa, he ordered that the sacrificial animals be garlanded, and all believers donned Al-Ihram, the pilgrim\u2019s garb. He despatched a reconnoiterer to hunt around for news of the enemy. The man came back to tell the Prophet [pbuh] that a large number of slaves, as well as a huge army, were gathered to oppose him, and that the road to Makkah was completely blocked. The Prophet [pbuh] consulted his Companions, who were of the opinion that they would fight none unless they were debarred from performing their pilgrimage.\n\nThe Quraishites, on their part, held a meeting during which they considered the whole situation and decided to resist the Prophet\u2019s mission at all costs. Two hundred horsemen led by Khalid bin Al-Waleed were despatched to take the Muslims by surprise during Zuhr (the afternoon) prayer. However, the rules of prayer of fear were revealed meanwhile and thus Khalid and his men missed the chance. The Muslims avoided marching on that way and decided to follow a rugged rocky one. Here, Khalid ran back to Quraish to brief them on the latest situation.\n\nWhen the Muslims reached a spot called Thaniyat Al-Marar, the Prophet\u2019s camel stumbled and knelt down and was too stubborn to move. Muhammad [pbuh] swore he would willingly accede to any plan they put forward that would glorify Allah\u2019s sanctities. He then reprovingly spurred his camel and it leapt up. They resumed their march and came to pitch their tents at the furthest part of Al-Hudaibiyah beside a well of scanty water. The Muslims reported thirst to the Prophet [pbuh], who took an arrow out of his quiver, and placed it in the ditch. Water immediately gushed forth, and his followers drank to their fill.\n\nWhen Quraish saw the firm determination of the Muslims to shed the last drop of blood for the defence of their Faith, they came to their senses and realized that Muhammad\u2019s followers could not be cowed down by these tactics. After some further interchange of messages they agreed to conclude a treaty of reconciliation and peace with the Muslims. The clauses of the said treaty go as follows:\n\n1. The Muslims shall return this time and come back next year, but they shall not stay in Makkah for more than three days.\n2. They shall not come back armed but can bring with them swords only sheathed in scabbards and these shall be kept in bags.\n3. War activities shall be suspended for ten years, during which both parties will live in full security and neither will raise sword against the other.\n4. If anyone from Quraish goes over to Muhammad [pbuh] without his guardian\u2019s permission, he should be sent back to Quraish, but should any of Muhammad\u2019s followers return to Quraish, he shall not be sent back.\n5. Whosoever wishes to join Muhammad [pbuh], or enter into treaty with him, should have the liberty to do so; and likewise whosoever wishes to join Quraish, or enter into treaty with them, should be allowed to do so."
      },
      "geometry": {
        "type": "Point",
        "coordinates": [
          39.82161,
          21.41635
        ]
      }
    },
    {
      "type": "Feature",
      "properties": {
        "id": "34",
        "title": "The Second Stage: A New Phase of Islamic Action",
        "year": 628,
        "category": "preaching",
        "description": "The Second Stage: A New Phase of Islamic Action\n\nAl-Hudaibiyah Truce marked a new phase in the process of Islamic action and life of the Muslims. Quraish, a bitter enemy of Islam, now withdraws from the war arena and embraces a peaceful settlement with the Muslims, thus the third support of a tripartite enemy (Quraish, Ghatfan and the Jews) is broken, and being the holder of the banner of paganism in Arabia, the other pagans\u2019 aggressive feelings towards Islam considerably subsided. Ghatfan Tribe no longer constituted any remarkable threat, and their provocative deeds were mainly Jewish-instigated actions. The Jews, after being banished from Madinah, resorted to Khaibar to change it into a hot bed of intrigues against the Prophet [pbuh]. There, they used to hatch their plots, ignite the fire of dissension and allure the Arabs living in the vicinity of Madinah to join them with the aim of exterminating the new Islamic state, or at least inflict heavy losses on the Muslims. The Prophet [pbuh], not heedless of their devilish schemes, placed a decisive war with them as a first priority on his agenda shortly after the endorsement of the above-mentioned treaty. The treaty of Hudaibiyah allowed the Muslims to intensify their Islamic career and double up their ceaseless efforts in propagating their Da\u2018wah, and consequently give this sort of action preponderance over the military activities. Hence, we deem it imperative to divide this post-treaty stage into two sections:\n\n1. Ceaseless peaceful efforts in propagating the Islamic Da\u2018wah (Call) and initiating a sort of correspondence with kings and princes of the neighbouring political entities.\n2. Military activities."
      },
      "geometry": {
        "type": "Point",
        "coordinates": [
          39.61,
          24.4735
        ]
      }
    },
    {
      "type": "Feature",
      "properties": {
        "id": "35",
        "title": "The Prophet\u2019s Plans to spread the Message of Islam beyond Arabia",
        "year": 628,
        "category": "preaching",
        "description": "The Prophet\u2019s Plans to spread the Message of Islam beyond Arabia\n\nLate in the six year A.H., on his return from Hudaibiyah, the Prophet [pbuh] decided to send messages to the kings beyond Arabia calling them to Islam. In order to authenticate the credentials of his envoys, a silver seal was made in which were graven the words: \"Muhammad the Messenger of Allah\". Envoys were chosen on the basis of their experience and knowledge, and sent on their errands in Muharram in the year 7 A.H., a few days before heading for Khaibar.\n\nNegus, king of Abyssinia (Ethiopia), his name was Ashama bin Al-Abjar, received the Prophet\u2019s message, despatched by Amr bin Omaiyah Ad-Damari, which At-Tabari referred to, either late in the sixth year or early in the seventh year A.H. Deep scrutiny into the letter shows that it was not the one sent after Al-Hudaibiyah event. Wording of the letter rather indicates that it was sent to that king when Ja\u2018far and his companions emigrated to Abyssinia (Ethiopia) during the Makkan period.\n\nThe Prophet [pbuh] wrote to Juraij bin Matta, called Muqawqas, vicegerent of Egypt and Alexandria saying: \"In the Name of Allah, the Most Beneficent, the Most Merciful. From Muhammad slave of Allah and His Messenger to Muqawqas, vicegerent of Egypt. Peace be upon him who follows true guidance. Thereafter, I invite you to accept Islam. Therefore, if you want security, accept Islam.\"\n\nHe also sent a letter to Chosroes, Emperor of Persia: \"In the Name of Allah, the Most Beneficent, the Most Merciful. From Muhammad, the Messenger of Allah to Chosroes, king of Persia. Peace be upon him who follows true guidance, believes in Allah and His Messenger and testifies that there is no god but Allah Alone with no associate, and that Muhammad is His slave and Messenger. I invite you to accept the religion of Allah. I am the Messenger of Allah sent to all people in order that I may infuse fear of Allah in every living person, and that the charge may be proved against those who reject the Truth. Accept Islam as your religion so that you may live in security, otherwise, you will be responsible for all the sins of the Magians.\"\n\nThe proud monarch was enraged by the style of the letter as the name of the Prophet [pbuh] had been put above his own name. He tore the letter into shreds and forthwith dictated a command to his viceroy in Yemen to send a couple of troopers to arrest the Prophet and bring him to his presence.\n\nAl-Bukhari gave a long narration of the contents of the letter sent by the Prophet [pbuh] to Hercules, king of the Byzantines: \"In the Name of Allah, the Most Beneficent, the Most Merciful. From Muhammad, the slave of Allah and His Messenger to Hercules, king of the Byzantines. Blessed are those who follow true guidance. I invite you to embrace Islam so that you may live in security. If you come within the fold of Islam, Allah will give you double reward, but in case you turn your back upon it, then the burden of the sins of all your people shall fall on your shoulders.\""
      },
      "geometry": {
        "type": "Point",
        "coordinates": [
          39.60753,
          24.47247
        ]
      }
    },
    {
      "type": "Feature",
      "properties": {
        "id": "36",
        "title": "Post-Hudaibiyah Hostilities",
        "year": 628,
        "category": "battles",
        "description": "It was in fact not a battle but rather a skirmish carried out against a platoon of Bani Fazarah. The place by which it was fought is known as Dhu Qarad, a reservoir of water at a day\u2019s journey from Madinah. According to the majority of scholars, this incident took place three days before the battle of Khaibar.\n\nIt has been narrated on the authority of Salamah bin Al-Akwa\u2018, the hero of this battle, that the Messenger of Allah [pbuh] sent his hireling Rabah, with his camels to a nearby pasture. I, taking Talhah\u2019s horse, went there for the same purpose. When the day dawned, \u2018Abdur Rahman Al-Fazari made a raid, drove away all the camels, and killed the man who looked after them. I told Rabah to ride the horse, take it to Talhah and inform the Messenger of Allah [pbuh] that the polytheists had made away with his camels. Then I stood upon a hillock and turning my face to Madinah, shouted thrice: \"Come to our help!\" After that I set out in pursuit of the raiders, shooting at them with arrows and chanting (self-eulogatory) verse:\n\nI am the son of Al-Akwa\u2018\nToday is the day of defeat for the mean.\n\nBy Allah, I continued shooting at them and hamstringing their animals. Whenever a horseman turned upon me, I would come to a tree (hid myself) sitting at its base, shoot at him and hamstring his horse. At last they entered a narrow mountain gorge. I ascended that mountain and held them at bay throwing stones at them. I continued to chase them in this way until I got all the camels released with no one left with them. They fled in all directions and I following and shooting at them continually until they dropped more than thirty mantles and thirty lances, lightening their burden. On everything they dropped, I put a mark with a stone so that the Messenger of Allah [pbuh] and his Companions might recognize them. They went on until they came to a narrow valley. They sat down to eat something, and I sat on the top of a tapering rock. Four of them ascended the mountain coming towards me. When they were near enough to hear me, I shouted: \"Do you recognize me?\" They said: \"No. Who are you?\" I said: \"I am Salamah son of Al-Akwa\u2018. I can kill anyone of you I like but none of you can kill me.\" So they returned. I did not move from my place until I saw the horsemen of the Messenger of Allah [pbuh], who came riding through the trees. The foremost among them was Akhram, behind him was Abu Qatadah Al-Ansari followed by Al-Miqdad bin Al-Aswad. Akhram and \u2018Abdur Rahman Al-Fazari met in combat. Akhram hamstrung \u2018Abdur Rahman\u2019s horse but the latter managed to strike him with his lance and kill him. \u2018Abdur Rahman turned around riding Akhram\u2019s horse. Abu Qatadah, seeing this, got engaged in fierce combat with \u2018Abdur Rahman, smote him with his lance and it was fatal. The polytheists consequently fled away and I was in their pursuit until before sunset they reached a valley with a spring of water called Dhu Qarad. They rested there to have a drink. I however, running in hot pursuit, turned them out of the valley before they could drink a drop of water. Later on, the Prophet [pbuh], along with his Companions, overtook me. I addressed him saying: Messenger of Allah, let me select from our people one hundred men and I will follow the marauders and finish them. In reply, the Prophet [pbuh] said: \"Ibn Al-Akwa\u2018, you have taken enough and so now you have to show magnanimity; now they have reached the habitation of Ghatfan where they are being feted.\" He added saying: \"Our best horseman today is Abu Qatadah, and our best footman today is Salamah.\" He allotted me two shares of the booty - the share meant for the horseman and the other meant for the footman, and combined both of them for me. Intending to return to Madinah, he made me mount behind him on his she-camel called Al-\u2018Adba\u2019."
      },
      "geometry": {
        "type": "Point",
        "coordinates": [
          39.6065,
          24.47
        ]
      }
    },
    {
      "type": "Feature",
      "properties": {
        "id": "37",
        "title": "The Conquest of Khaibar",
        "year": 628,
        "category": "battles",
        "description": "Khaibar was a spacious strongly fortified territory, studded with castles and farms, lying at a distance of 60-80 miles north of Madinah, now a village known for its uncongenial climate. After Al-Hudaibiyah Treaty, the major party of the anti-Islam tripartite coalition \u2014 Quraish, the bedouin horde of Najd tribes and the Jews \u2014 was neutralized, therefore, the Prophet [pbuh] deemed it an appropriate time to settle his affairs with the other two wings \u2014 the Jews and the Najd tribes \u2014 in order that peace and security could prevail and the Muslims may devote their time and effort in propagating the Message of All\u00e2h and calling people to embrace it. Khaibar itself had always remained a hotbed of intrigue and conspiracy, and the Jews had always constituted it a source of military provocations and war instigation centre, so it was given a top priority on the agenda of the Prophet\u2019s compelling exigencies. The Jews of Khaibar had united by an ancient alliance with the Confederates, triggered Bani Quraiza to practise treachery, maintained contacts with Ghatfan and the Arabians and they even devised an attempt at the Prophet\u2019s life. In fact, the continual afflictions that the Muslims had sustained were primarily attributable to the Jews. Envoys were repeatedly sent to them for peaceful settlement, but all in vain. Consequently the Prophet [pbuh] came to the conclusion that a military campaign was a must in order to forestall their hostilities.\n\nInterpreters of the Noble Qur\u2019\u00e2n suggest that capturing Khaibar had been a Divine promise implied in All\u00e2h\u2019s Words:\n\n\"All\u00e2h has promised you abundant spoils that you will capture, and He has hastened for you this.\" [Al-Qur'an 48:20]\n\ni.e., Al-Hudaibiyah Peace Treaty and the surrender of Khaibar.\n\nThe hypocrites and people weak of heart had hung back from joining the true Muslims in Al-Hudaibiyah campaigns, so now All\u00e2h, the All-Mighty inculcated the following words in His Prophet\u2019s ears:\n\n\"Those who lagged behind will say, when you set forth to take the spoils, \u2018Allow us to follow you.\u2019 They want to change All\u00e2h\u2019s Words. Say: \u2018You shall not follow us; thus All\u00e2h has said beforehand.\u2019 Then they will say: \u2018Nay, you envy us.\u2019 Nay, but they understand not except a little.\" [Al-Qur'an 48:15]\n\nFor this reason, the Prophet [pbuh] invited only those who were willing to fight in the cause of All\u00e2h to accompany him in his march against Khaibar. 1400 men only, who had sworn allegiance in response to his call.\n\nMeanwhile, Siba\u2018 bin \u2018Arfatah Al-Ghifari was chosen to run the affairs of Madinah. Another incident of high significance is noteworthy, namely the Islamization of Abu Huraira, a venerable Muslim scholar and an authentic narrator of the Prophetic traditions.\n\nThe hypocrites of Arabia took notice of the fresh Islamic intentions so they began to alert the Jews to the imminent military activities. Their chief, \u2018Abdullah bin Ubai\n\ndelegated an envoy to the Jews of Khaibar warning them against the dangers approaching, and nerving them to resist the Muslims as they outnumbered the latter and were better equipped. On hearing the news the Jews despatched Kinanah bin Abi Al-Huqaiq and Haudha bin Qais to their former allies, the tribe of Ghatfan requesting military assistance, promising to grant them half the yield of the fruit that their farms could yield if they managed to beat the Muslims.\n\nThe Prophet marched by way of Isra Mountain and then went forward with the army till he halted in a valley called Ar-Raji\u2018, encamping between Khaibar and Ghatfan so as to prevent the latter from reinforcing the Jews. The guides accompanying him led him to an intersection from which branched out three roads with different designations; all leading to his destination. He abstained from following the first two roads on grounds of their ominous designation and chose the third for its propitious indications.\n\nIt is noteworthy that some interesting incidents featured the Muslims\u2019 march towards Khaibar; of which we mention the following:\n\n1. It has been narrated on the authority of Salamah bin Al-Akwa\u2018, who said: We marched upon Khaibar with the Messenger of All\u00e2h [pbuh]. We journeyed during the night. One of the men said to my brother \u2018Amir: Won\u2019t you recite to us some of your verses, \u2018Amir? So he began to chant his verses to urge the camels, reciting:\n\nO All\u00e2h, if You had not guided us, We would have neither been guided rightly nor practised charity, nor offered prayers. We wish to lay down our lives for You; so forgive You our lapses, And keep us steadfast when we encounter (our enemies). Bestow upon us peace and tranquility, Behold, when with a cry they called upon us to help\n\n2. The Messenger of All\u00e2h [pbuh] said: \"Who is this driver (of the camels)?\" They said: \"It is \u2018Amir.\" He said: \"All\u00e2h will show mercy to him.\" A man said: \"Martyrdom is reserved for him; O Messenger of All\u00e2h, would that you had allowed us to benefit ourselves from his life.\"[Sahih Al-Bukhari 2/603; Sahih Muslim 2/115] The Prophet\u2019s Companions had already known that he would never invoke All\u00e2h\u2019s mercy upon a close Companion but to single him out for martyrdom.[Sahih Muslim 2/115] 3. On their way down a valley, the Muslims began to entertain All\u00e2h\u2019s Greatness: shouting at the top of their voices: \"All\u00e2h is Great, All\u00e2h is Great, there is no god but All\u00e2h.\" The Prophet [pbuh] asked them to lower down their voices saying: \"The One you are invoking is neither absent nor deaf; He is close to you, All-hearing.[Sahih Al-Bukhari 2/605]\" 4. In a spot called As-Sahba\u2019, not far from Khaibar, the Prophet [pbuh] observed the afternoon prayer, then he called his Companions to have whatever food provisions they had. What they brought was too scanty to satisfy them all. The Prophet took it by his hand and it immediately grew in quantity, so they all ate to their fill. Shortly afterward, he and the others, rinsed their mouths and performed the evening prayer without ablution [Sahih\n\nAl-Bukhari 2/603]; he did the same for the night prayer [Maghazi Al-Waqidi p.112].\n\nThe following morning, at sunrise, the Muslims encountered the Jews when they had come out about their jobs with their axes, spades and strings driving their cattle along. They began to shout in surprise: \"Muhammad has come along with his force!\" The Messenger of All\u00e2h [pbuh] said: \"All\u00e2h is Great, Khaibar shall face destruction. Behold! When we descend in the city centre, it will be a bad day for those who have been warned (but have not taken heed). [Sahih Al-Bukhari 2/603, 604]\"\n\nFor encampment, the Prophet [pbuh] had chosen a certain plot of land he deemed suitable to serve as the headquarters of his army. However, a veteran fighter of his called Hubab bin Al-Mundhir suggested that they, under the exigencies of war requirements and for the sake of providing maximum logistic facilities, shift to another place. On approaching the vicinity of Khaibar, the Prophet ordered his troops to halt, and began to invoke his Lord saying: \"O All\u00e2h! Lord of the seven heavens and what they harbour beneath, Lord of the seven earths and what lies in their wombs, Lord of devils and whomsoever they have led astray; we beseech You to grant us the good of this village (Khaibar), the good of its inhabitants and the good that lies in it. We seek refuge with You from the evil of this village, the evil of its inhabitants, and the evil that lies in it.\" Then he ordered, \"Now march (towards the village) in the Name of All\u00e2h.\" [Ibn Hisham 2/329]\n\n\"The banner\", the Prophet [pbuh] declared \"would be entrusted to a man who loves All\u00e2h and His Messenger and they (All\u00e2h and His Messenger) love him.\" All the Muslims came forward in the following morning hoping to be granted the honour of carrying the banner. The Prophet [pbuh] called for \u2018Ali bin Abi Talib whose eyes used to hurt, and handed it to him. \u2018Ali, on his part, pledged he would fight the enemies until they embraced Islam. The Prophet [pbuh] answered him saying: \"Take things easy and invite them to accept Islam and brief them on their duties towards All\u00e2h. I swear by All\u00e2h that if only one should be guided through your example, that would surely outweigh the best of our camels.\" [Sahih Al-Bukhari 2/505, 606]\n\nKhaibar, it seems, was split into two parts with five forts in the first: Na\u2018im, As-Sa\u2018b bin Mu\u2018adh, the castle of Az-Zubair, \u2019Abi Castle, and An-Nizar in Ash-Shiqq; three others were in part two: Al-Qamus, Al-Wateeh and As-Salalim.\n\nThe Prophet [pbuh] began the campaign by reducing the minor strongholds one after the other. The first fort he was to attack was Na\u2018im, the first defence line with a formidable strategic position. Marhab, the leader of the fort, invited \u2018Amr bin AlAkwa\u2018 to meet him in combat and the latter responded; when \u2018Amr struck the Jew, his sword recoiled and wounded his knee, and he died of that wound. The Prophet [pbuh] later said: \"For him (\u2018Amir) there is a double reward in the Hereafter.\" He indicated this by putting two of his fingers together. \u2018Ali bin Abi Talib then undertook to meet Marhab in combat, and managed to kill him. Yasir, Marhab\u2019s brother, then turned up challenging the Muslims to a fight. Az-Zubair was equal to it and killed him on the spot. Real fighting then broke out and lasted for a few days. The Jews showed courage and proved to be too formidable even to the repeated rushes of the veteran soldiers of Islam. However, they later realized the futility of resistance and began to abandon their positions in An-Na\u2018im and infiltrate into the fortress of As-Sa\u2018b.\n\nAl-Hubab bin Al-Mundhir Al-Ansari led the attack on As-Sa\u2018b fortress and laid siege to it for three days after which the Muslims stormed it with a lot of booty, provisions\n\nand food to fall to their lot therein. This victory came in the wake of the Prophet\u2019s [pbuh] invocation to All\u00e2h to help Banu Aslam in their relentless and daring attempts to capture that fort.\n\nDuring the process of the war operations, extreme hunger struck the Muslims. They lit fires, slaughtered domestic asses and began to cook them. When the Prophet [pbuh] inquired about the fires and cooking, he ordered that they throw away the meat and wash the cooking pots, forbidding the practice of eating such meat.\n\nThe Jews, meanwhile, evacuated An-Natat and barricaded themselves in Az-Zubair fort, a formidable defensive position inaccessible to both cavalry and infantry. The Muslims besieged it for three days, but in vain. A Jew spy told the Prophet about a subterranean water source that provided them with water, and advised that it be cut off in order to undermine their resistance. The Prophet [pbuh] did that so the Jews got out to engage with the Muslims in fierce fighting during which some Muslims and ten Jews were killed, but the fort was eventually conquered.\n\nShortly after this battle, the Jews moved to \u2019Abi Castle and barricaded themselves inside. The same events recurred; the Muslims besieged the new site for three days and then the great Muslim hero Abu Dujanah Sammak bin Kharshah Al-Ansari \u2014 of the red ribbon \u2014 led the Muslim army and broke into the castle, conducted fierce military operations within and forced the remaining Jews to flee for their lives into another fort, An-Nizar.\n\nAn-Nizar was the most powerful fort, and the Jews came to the established conviction that it was too immune to be stormed, so they deemed it a safe place for their children and women. The Muslims, however, were not dismayed but dragged on the siege, but because standing at a commanding top, the fort was impregnable. The Jews inside were too cowardly to meet the Muslims in open fight but rather hurled a shower of arrows and stones on the attackers. Considering this situation, the Prophet [pbuh] ordered that rams be used and these proved effective and caused cracks in the ramparts providing an easy access into the heart of the fort, where the Jews were put to rout and fled in all directions leaving behind their women and children.\n\nWith these series of military victories, the first division of Khaibar was totally reduced, and the Jews in the other minor fortresses evacuated them and fled to the second division.\n\nWhen the Prophet [pbuh], along with his army, moved to this part of Khaibar, AlKatiba, he laid a heavy siege to it for fourteen days with the Jews barricading themselves inside their forts. When he was about to use the rams, the Jews realized that they would perish, therefore, they asked for a negotiable peace treaty.\n\nThere is one controversial point in this context. Was this part of Khaibar (with its three forts) conquered by force? Ibn Ishaq clearly stated that Al-Qamus fort was conquered by force. Al-Waqidi, on the other hand, maintained that the three forts were taken through peace negotiations, and force, if any, was resorted to only to hand the fort over to the Muslims; the two other forts surrendered without fighting."
      },
      "geometry": {
        "type": "Point",
        "coordinates": [
          39.294,
          25.694
        ]
      }
    },
    {
      "type": "Feature",
      "properties": {
        "id": "38",
        "title": "Sporadic Invasions",
        "year": 628,
        "category": "battles",
        "description": "The Expedition called Dhat-ur-Riqa\u2018 (in the year 7 A.H.)\n\nHaving subdued two powerful sides of the Confederates coalition, the Prophet [pbuh] started preparations to discipline the third party, i.e. the desert bedouins, who took Najd for habitation, and continued in their usual practices of looting and plundering. Unlike the Jews of Khaibar and people of Makkah, they had a liking for living in the wilderness dispersed in scattered spots, hence the difficulty of bringing them under control, and the futility of carrying out deterrent campaigns against them. However, the Prophet [pbuh] was determined to put an end to this unacceptable situation and called the Muslims around him to get ready to launch a decisive campaign against those harassing rebels. Meanwhile it was reported to him that Bani Muharib and Banu Tha\u2018lbah of the Ghatfan tribe were gathering army in order to encounter the Muslims. The Prophet [pbuh] proceeded towards Najd at the head of 400 or 700 men, after he had mandated Abu Dhar - in another version, \u2018Uthman bin \u2018Affan - to dispose the affairs of Madinah during his absence. The Muslim fighters penetrated deep into their land until they reached a spot called Nakhlah where they came across some bedouins of Ghatfan, but no fighting took place because the latter had agreed to go into reconciliation with the Muslims. The Prophet [pbuh] led his followers that day in a prayer of fear.\n\nAl-Bukhari, on the authority of Abu Musa Al-Ash\u2018ari, narrated that they set out on an expedition with the Messenger of All\u00e2h [pbuh]. \"We were six in number and had (with us) only one camel which we rode turn by turn. Our feet were injured. My feet were so badly injured that my nails came off. We, therefore, bandaged our feet with rags, so this expedition was called Dhat-ur-Riqa\u2018 (i.e. the expedition of rags.)\" [Sahih AlBukhari 2/592; Sahih Muslim 2/118]\n\nJabir narrated: In the course of Dhat-ur-Riqa\u2018 expedition, we came to a leafy tree where the Prophet [pbuh] sat shading himself off the burning sun. The others dispersed here and there seeking shelter from heat. The Prophet [pbuh] had a short nap after he had hung his sword on the tree. A polytheist, meanwhile came, seized the sword and unsheathed it.\n\nThe Prophet [pbuh] woke up to find his sword drawn in the man\u2019s hand. The bedouin here asked the Prophet (unarmed then): \"Who would hold me back from killing you now?\" The Prophet [pbuh] then answered: \"It is All\u00e2h.\" In another version, it was reported that the Prophet [pbuh] took the sword when it had fallen down and the man said: \"You (the Prophet) are the best one to hold a sword.\" The Prophet [pbuh] asked the man if he would testify to the Oneness of All\u00e2h and the Messengership of Muhammad. The Arabian answered that he would never engage in a fight against him, nor would he ally people fighting the Muslims. The Prophet [pbuh] set the man free and let him go to his people to say to them that he had seen the best one among all people. [Mukhtasar Seerat Ar-Rasool p.264; Fath Al-Bari 7/416]\n\nA woman from the Arabians was taken prisoner in the context of this battle. Her husband, on hearing the news, swore he would never stop until he had shed the blood of a Muslim. Secretly at night, he approached the camp of the Muslims when he saw two sentries stationed there to alert the Muslims against any emergency. He shot the first one, Abbad bin Bishr, who was observing prayer, with an arrow but he did not stop prayer, he simply pulled it out. Then he was shot by three other arrows\n\nbut would not interrupt his prayer. After he had done the closing salutations, he awakened his companion \u2018Ammar bin Yasir, who remonstrated that he should have alerted him to which the latter replied that he was half way through a Chapter and did not like to interrupt it. [Za'd Al-Ma'ad 2/112; Ibn Hisham 2/203-209]\n\nThe victory at the expedition of Dhat-ur-Riqa\u2018 had a tremendous impact on all the Arabians. It cast fear into their hearts and rendered them too powerless to antagonize the Muslim society in Madinah. They began to acquiesce in the prevailing situation and resigned themselves to new geo-political conditions working in favour of the new religion. Some of them even embraced Islam and took an active part in the conquest of Makkah and the battle of Hunain, and received their due shares of the war booty.\n\nFrom that time onward, the anti-Islam tripartite coalition had been subdued, and peace and security prevailed. The Muslims, then started to redress any political imbalance and fill in the small gaps that still triggered unrest here and there in the face of the great drive of Islamization that enveloped the whole area. We could in this context mention some of these incidental skirmishes which pointed markedly to the ever-growing power of the Muslim society.\n\n1. A platoon headed by Ghalib bin \u2018Abdullah Al-Laithi in Safar or in Rabi\u2018 AlAwwal 7 A.H. was despatched to muffle the provocative behaviour of Bani AlMuluh. The Muslims managed to kill a large number of the enemy soldiers and captured a great deal of booty. A large army of polytheists rushed in their heel but floods hindered the pursuit, and the Muslims managed to withdraw in safety. 2. \u2018Umar bin Al-Khattab, at the head of a 30-soldier group, set out to a spot called Turbah in Sha\u2018ban 7 A.H. to discipline the people of Hawazin. He no longer arrived at their habitation that they fled for their lives. 3. Thirty men with Basheer bin Sa\u2018d Al-Ansari headed for Bani Murrah in Sha\u2018ban 7 A.H. in Fadak area. He killed a large number of the enemy and seized a lot of their camels and cattle. On his way back, the enemy gathered up forces and overtook the Muslims at night. They showered Basheer and his men with arrows, and killed all the Muslims except Basheer, who took refuge in Fadak and stayed with the Jews there until his wounds healed. 4. Ghalib bin \u2018Abdullah Al-Laithi at the head of a platoon of 130 men launched an attack against Bani \u2018Aw\u00e2l and Bani \u2018Abd bin Tha\u2018lbah in Ramadan 7 A.H. They killed some of the enemy\u2019s men and captured their cattle and camels. \u2018Usama bin Zaid killed Mardas bin Nahik, a polytheist, but after he had pronounced the testimony of All\u00e2h\u2019s Oneness to which incident the Prophet [pbuh] commented addressing his Companions: \"Would you rip open his heart to discern whether he is truthful or a liar?\" 5. A thirty-horseman group headed by \u2018Abdullah bin Rawaha marched towards Khaibar on reports that Aseer (or Basheer bin Razam) was rallying the ranks of Bani Ghatfan to attack the Muslims: They managed to persuade that Jew to follow them to Madinah encouraging him that the Prophet [pbuh] would institute him as a ruler of Khaibar. On their way back there occurred a sort of misunderstanding that gave rise to fierce fighting between the two parties resulting in the death of Aseer and the thirty men with him. 6. In Shawwal 7 A.H., Basheer bin Sa\u2018d Al-Ansari marched towards Yemen and Jabar at the head of 300 Muslim fighters to subdue a large mob of polytheists\n\nwho gathered to raid the outskirts of Madinah. Basheer and his men used to march at night and lurk during the day until they reached their destination. Having heard about the advent of the Muslims, the polytheists fled away leaving behind them a large booty and two men who later embraced Islam on arrival in Madinah. 7. In the year 7 A.H., shortly before the Compensatory \u2018Umrah (lesser pilgrimage), a man called Jashm bin Mu\u2018awiyah came to a spot called Ghabah where he wanted to gather the people of Qais and entice them into fighting the Muslims. The Prophet [pbuh], on hearing these reports, despatched Abu Hadrad with two men to see to the situation. Abu Hadrad, through a clever strategy, managed to rout the enemy and capture a lot of their cattle. [Za'd AlMa'ad 2/149, 150; Rahmat-ul-lil'alameen 2/229, 230; Mukhtasar Seerat Ar-Rasool p.322-324]"
      },
      "geometry": {
        "type": "Point",
        "coordinates": [
          40.5,
          24.5
        ]
      }
    },
    {
      "type": "Feature",
      "properties": {
        "id": "39",
        "title": "The Compensatory \u2018Umrah",
        "year": 629,
        "category": "treaties",
        "description": "When Dhul Qa\u2018da month approached towards the close of the seventh year A.H., the Prophet [pbuh] ordered his people, and the men who witnessed Al-Hudaibiyah Truce Treaty in particular, to make preparations to perform \u2018Umrah (lesser pilgrimage). He proceeded with 2000 men besides some women and children [Fath Al-Bari 7/700], and 60 camels for sacrifice, to visit the Holy Sanctuary in Makkah. The Muslims took their weapons with them fearing the treachery of the Quraishites, but left them with a party of two hundred men at a place some eight miles from Makkah. They entered the city with the swords in their scabbards [Za'd Al-Ma'ad 2/151; Fath Al-Bari 7/700], with the Prophet [pbuh] at their head on his she-camel, Al-Qaswa\u2019, while the surrounding Companions attentively focusing their look on him, all saying: \"Here I am! at Your service O All\u00e2h!\" The Quraishites had left the place and retired to their tents on the adjoining hills. The Muslims performed the usual circumambulation vigorously and briskly; and on recommendation by the Prophet [pbuh] they did their best to appear strong and steadfast in their circumambulation as the polytheists had spread rumours that they were weak because the fever of Yathrib (Madinah) had sapped their strength. They were ordered to run in the first three rounds and then walk in the remaining ones. The Makkans meanwhile aligned on the top of Qu\u2018aiqa\u2018an Mount watching the Muslims, tongue-tied at witnessing their strength and devotion. When they entered the Holy Sanctuary, \u2018Abdullah bin Rawaha walked before the Prophet [pbuh] reciting:\n\n\"Get out of his way, you disbelievers, make way, we will fight you about its revelation with strokes that will remove heads from shoulders and make friend unmindful of friend.\"\n\nAfter ritual walking and running between the two hills of Makkah, Safa and Marwah, the Prophet[pbuh] with the Muslims halted at the latter spot to slaughter the sacrificial animals and shave their heads.\n\nThe main body of the pilgrims had now performed the basic rites of the lesser pilgrimage, but there remained those who were entrusted the charge of the weapons. The Prophet had these relieved, and they went through the same devotions as the others did.\n\nOn the morning of the fourth day of the pilgrimage, the notables of Quraish asked \u2018Ali bin Abi Talib to tell the Prophet [pbuh] to leave Makkah along with his Companions. He, of course, could not conceive of violating the terms of AlHudaibiyah Treaty, therefore he ordered his men to depart for a village called Sarif where he stayed for some time.\n\nIt was during this visit of the Prophet [pbuh] to Makkah for pilgrimage that his uncle \u2018Abbas offered the hand of his sister-in-law, Maimuna \u2014 the daughter of Harith, to him. The Prophet [pbuh] was kind enough to accept this offer since it was an effective step towards cementing the ties of relationship between the Prophet [pbuh] and the influential men of Makkah. The wedding took place in Sarif. [Za'd Al-Ma'ad 2/152]\n\nNarrators attached different designations to this lesser pilgrimage. Some called it the compensatory lesser pilgrimage, performed instead of that uncompleted of Hudaibiyah; and the other one, given preponderance by jurists, is the lesser pilgrimage consequent on certain terms of a treaty already agreed upon.\n\nOn the whole, compensatory, judicial consent, retribution and reconciliation are all terms applicable to that visit.\n\nSome military operations, directed against some still obdurate desert Arabians, took place at the conclusion of the lesser pilgrimage, of which we could mention:\n\n1. A platoon of 50 men led by Ibn Abi Al-\u2018Awja\u2019 was despatched by the Prophet [pbuh] to the habitations of Bani Saleem inviting them to embrace Islam, but all the words fell on deaf ears. Fierce fighting erupted between both parties during which the Muslim leader was wounded, and two of the enemy were captured. 2. Ghalib bin \u2018Abdullah at the head of 200 men was despatched to Fadak where they killed some rebels and a lot of booty fell to their lot. 3. Banu Quda\u2018a had gathered a large number of men to raid the Muslim positions. On hearing the news, the Prophet [pbuh] despatched Ka\u2018b bin \u2018Umair Al-Ansari at the head of 15 men to deal with this situation. They encountered the army, and called them to enter into the fold of Islam but the rebels gave a negative response and showered the Muslims with arrows killing all of them except one who was carried back home later seriously wounded. [Rahmat-ul-lil'alameen 2/231]\n\nThere was also an insignificant skirmish that occurred in Rabi\u2018 Al-Awwal 8 A.H. Shuja\u2018 bin Wahab Al-Asadi, along with 25 men, marched towards Bani Hawazin tribe where they encountered no resistance but managed to gain some booty. [Talqeeh Fuhoom Ahl AlAthar p.33; Rahmat-ul-lil'alameen 2/231]"
      },
      "geometry": {
        "type": "Point",
        "coordinates": [
          39.826,
          21.422
        ]
      }
    },
    {
      "type": "Feature",
      "properties": {
        "id": "40",
        "title": "The Battle of Mu\u2019tah",
        "year": 629,
        "category": "battles",
        "description": "It was the most significant and the fiercest battle during the lifetime of the Messenger of All\u00e2h [pbuh], a preliminary and a prelude to the great conquests of the land of the Christians. It took place in Jumada Al-Ula 8 A.H. / September 629 A.D. Mu\u2019tah is a village that lies on the borders of geographical Syria.\n\nThe Prophet [pbuh] had sent Al-Harith bin \u2018Umair Al-Azdi on an errand to carry a letter to the ruler of Busra. On his way, he was intercepted by Sharhabeel bin \u2018Amr Al-Ghassani, the governor of Al-Balqa\u2019 and a close ally to Caesar, the Byzantine Emperor. Al-Harith was tied and beheaded by Al-Ghassani.\n\nKilling envoys and messengers used to be regarded as the most awful crime, and amounted to the degree of war declaration. The Prophet [pbuh] was shocked on hearing the news and ordered that a large army of 3000 men be mobilized and despatched to the north to discipline the transgressors. [Za'd Al-Ma'ad 2/155; Fath Al-Bari 7/511] It was the largest Muslim army never mobilized on this scale except in the process of the Confederates Battle.\n\nZaid bin Haritha was appointed to lead the army. Ja\u2018far bin Abi Talib would replace him if he was killed, and \u2018Abdullah bin Rawaha would succeed Ja\u2018far in case the latter fell.[Sahih Al-Bukhari 2/611] A white banner was raised and handed over to Zaid. [Mukhtasar Seerat Ar-Rasool p.327]\n\nThe Prophet [pbuh] recommended that they reach the scene of Al-Harith\u2019s murder and invite the people to profess Islam. Should the latter respond positively, then no war would ensue, otherwise fighting them would be the only alternative left.\n\n\"Fight the disbelievers in the Name of All\u00e2h, neither breach a covenant nor entertain treachery, and under no circumstances a new-born, woman, an ageing man or a hermit should be killed; moreover neither trees should be cut down nor homes demolished. [Mukhtasar Seerat Ar-Rasool p.327; Rahmatul-lil'alameen 2/271]\"\n\nAt the conclusion of the military preparations, the people of Madinah gathered and bade the army farewell. \u2018Abdullah bin Rawaha began to weep at that moment, and when asked why he was weeping, he swore that it was not love for this world nor under a motive of infatuation with the glamour of life but rather the Words of All\u00e2h speaking of Fire that he heard the Prophet [pbuh] reciting:\n\n\"There is not one of you but will pass over it (Hell); this is with your Lord, a Decree which must be accomplished.\" [Al-Qur'an 19:71]\n\nThe Muslim army then marched northward to Ma\u2018\u00e2n, a town bordering on geographical Syria. There news came to the effect that Heraclius had mobilized a hundred thousand troops together with another hundred thousand men of Lakham, Judham and Balqain \u2014 Arabian tribes allied to the Byzantines. The Muslims, on their part had never thought of encountering such a huge army. They were at a loss about what course to follow, and spent two nights debating these unfavourable conditions.\n\nSome suggested that they should write a letter to the Prophet [pbuh] seeking his advice. \u2018Abdullah bin Rawaha was opposed to them being reluctant and addressed the Muslims saying: \"I swear by All\u00e2h that this very object which you hold in abhorrence is the very one you have set out seeking, martyrdom. In our fight we don\u2019t count on number of soldiers or equipment but rather on the Faith that All\u00e2h has honoured us with. Dart to win either of the two, victory or martyrdom.\" In the light of these words, they moved to engage with the enemy in Masharif, a town of AlBalqa\u2019, and then changed direction towards Mu\u2019tah where they encamped. The right flank was led by Qutba bin Qatadah Al-\u2018Udhari, and the left by \u2018Ubadah bin Malik AlAnsari. Bitter fighting started between the two parties, three thousand Muslims against an enemy fiftyfold as large.\n\nZaid bin Haritha, the closest to the Messenger\u2019s heart, assumed leadership and began to fight tenaciously and in matchless spirit of bravery until he fell, fatally stabbed. Ja\u2018far bin Abi Talib then took the banner and did a miraculous job. In the thick of the battle, he dismounted, hamstrung his horse and resumed fighting until his right hand was cut off. He seized the banner with his left hand until this too was gone. He then clasped the banner with both arms until a Byzantine soldier struck and cut him into two parts. he was posthumously called \"the flying Ja\u2018far\" or \"Ja\u2018far with two wings\" because All\u00e2h has awarded him two wings to fly wherever he desired there in the eternal Garden. Al-Bukhari reported fifty stabs in his body, none of them in the back. [Sahih Al-Bukhari 2/611]\n\n\u2018Abdullah bin Rawaha then proceeded to hold up the banner and fight bravely on his horseback while reciting enthusiastic verses until he too was killed. Thereupon a man, from Bani \u2018Ajlan, called Thabit bin Al-Arqam took the banner and called upon the Muslims to choose a leader. The honour was unanimously granted to Khalid bin Al-Waleed, a skilled brave fighter and an outstanding strategist. It was reported by Al-Bukhari that he used nine swords that broke while he was relentlessly and courageously fighting the enemies of Islam. He, however, realizing the grave situation the Muslims were in, began to follow a different course of encounter, revealing the super strategy-maker, that Khalid was rightly called. He reshuffled the right and left flanks of the Muslim army and introduced forward a division from the rear in order to cast fear into the hearts of the Byzantine by deluding them that fresh reinforcements had arrived. The Muslims engaged with the enemies in sporadic skirmishes but gradually and judiciously retreating in a fully organized and wellplanned withdrawal.\n\nThe Byzantines, seeing this new strategy, believed that they were being entrapped and drawn in the heart of the desert. They stopped the pursuit, and consequently the Muslims managed to retreat back to Madinah with the slightest losses. [Fath-Al-Bari 7/513, 514; Za'd Al-Ma'ad 2/156]\n\nThe Muslims sustained twelve martyrs, whereas the number of casualties among the Byzantines was unknown although the details of the battle point clearly to a large number. Even though the battle did not satisfy the Muslims\u2019 objective, namely avenging Al-Harith\u2019s murder, it resulted in a far-ranging impact and attached to the Muslims a great reputation in the battlefields. The Byzantine Empire, at that time, was a power to be reckoned with, and mere thinking of antagonizing it used to mean self-annihilation, let alone a three-thousand-soldier army going into fight against 200,000 soldiers far better equipped and lavishly furnished with all luxurious conveniences. The battle was a real miracle proving that the Muslims were something exceptional not then familiar. Moreover, it gave evidence that All\u00e2h\n\nbacked them and their Prophet, Muhammad, was really All\u00e2h\u2019s Messenger. In the light of these new strategic changes, the archenemies among the desert bedouins began to reconcile themselves with the new uprising faith and several recalcitrant tribes like Banu Saleem, Ashja\u2018, Ghatfan, Dhubyan, Fazarah and others came to profess Islam out of their own sweet free will.\n\nMu\u2019tah Battle, after all, constituted the forerunner of the blood encounter to take place with the Byzantines subsequently. It pointed markedly to a new epoch of the Islamic conquest of the Byzantine empire and other remote countries, to follow at a later stage.\n\nDhat As-Salasil is a spot situated ten days\u2019 walk north of Madinah. The Muslims are said to have encamped in a place with a well of water called Salsal, hence the terminology Dhat As-Salasil. In view of the alliance between the Arabian tribes on the borders of Syria and the Byzantines, the Prophet [pbuh] deemed it of top urgency to carry out a wisely-planned manoeuvre that might bring about a state of rapport with those bedouins, and would at the same time detach them from the Byzantines. For the implementation of this plan, he chose \u2018Amr bin Al-\u2018As, whose paternal grandmother came from Bali, a tribe dwelling in that area. This motive in mind, combined with provocative military movements, by Bani Quda\u2018a, precipitated this preemptive strike which started in Jumada Ath-Thaniya, 8 A.H.\n\n\u2018Amr bin Al-\u2018As was awarded a white flag with a black banner to go with it. He set out at the head of 300 Emigrants and Helpers assisted by a cavalry of 30 men, and was recommended to seek help from Bali, \u2018Udhra and Balqain tribes. He used to march at night and lurk during the day. On approaching the enemy lines and realizing the large build up of men, he sent for reinforcements from Madinah, and these arrived on the spot headed by Abu \u2018Ubaidah bin Al-Jarrah leading further 200 men as well as other platoons including Abu Bakr and \u2018Umar bin Al-Khattab. All of them were given strict orders to cooperate, work in harmony and never leave any area for disagreement.\n\nAt noon, Abu \u2018Ubaidah wanted to lead the Muslims in prayer, but \u2018Amr objected on grounds that the former came only to assist, and leadership in prayer was given to \u2018Amr.\n\nThe Muslim army reached the habitations of Quda\u2018a and penetrated deep in their land, destroyed the enemies and obliged the others to flee for their lives in different directions.\n\nAt the conclusion of the military operations, a courier was despatched to the Messenger of All\u00e2h [pbuh] to brief him on the developments of events and the ultimate victory achieved.\n\nIn Sha\u2018ban month 8 A.H., news reached the Prophet [pbuh] of amassing troops by Bani Ghatfan, still outside the domain of Islam. He urgently summoned Abu Qatadah and sent him at the head of fifteen men to discipline those outlaws.\n\nIt took fifteen days to teach them an unforgettable lesson. Some were killed, others captured and all their property confiscated. [Rahmat-ul-lil'alameen 2/233; Talqeeh Fuhoom Ahl Al-Athar p.33]"
      },
      "geometry": {
        "type": "Point",
        "coordinates": [
          35.7,
          31.07
        ]
      }
    },
    {
      "type": "Feature",
      "properties": {
        "id": "41",
        "title": "The Conquest of Makkah",
        "year": 630,
        "category": "battles",
        "description": "Ibn Al-Qaiyim described the conquest of Makkah as the greatest one by which All\u00e2h honoured His religion, Messenger, soldiers and honest party. He thereby rescued the Sacred House, whose guidance all people seek. It was the greatest propitious event in heaven and on earth. It was the most significant prelude to a new era that was to witness the great march of Islamization and the entry of people into the fold of Islam in huge hosts. It provided an ever shining face and a most glowing source of inspiration to the whole earth. [Za'd Al-Ma'ad 2/160]\n\nAccording to the terms of the treaty of Hudaibiyah, the Arab tribes were given the option to join either of the parties, the Muslims or Quraish, with which they desired to enter into treaty alliance. Should any of these tribes suffer aggression, then the party to which it was allied would have the right to retaliate. As a consequence, Banu Bakr joined Quraish, and Khuza\u2018ah joined the Prophet [pbuh]. They thus lived in peace for sometime but ulterior motives stretching back to pre-Islamic period ignited by unabated fire of revenge triggered fresh hostilities. Banu Bakr, without caring a bit for the provisions of the treaty, attacked Banu Khuza\u2018ah in a place called AlWateer in Sha\u2018ban, 8 A.H. Quraish helped Banu Bakr with men and arms taking advantage of the dark night. Pressed by their enemies, the tribesmen of Khuza\u2018ah sought the Holy Sanctuary, but here too, their lives were not spared, and, contrary to all accepted traditions, Nawfal, the chief of Banu Bakr, chasing them in the sanctified area \u2014 where no blood should be shed \u2014 massacred his adversaries.\n\nWhen the aggrieved party sought justice from their Muslim allies, the Prophet [pbuh], as their leader, demanded an immediate redress for not only violating the treaty but also slaying men allied to him in the sanctified area. Three demands were made, the acceptance of any one of them was imperative:\n\na. to pay blood money for the victims of Khuza\u2018ah, b. to terminate their alliance with Banu Bakr; or c. to consider the truce to have been nullified.\n\nThis behaviour on the part of Quraish was clearly a breach of the treaty of AlHudaibiyah and was obviously an act of hostility against the allies of the Muslims, i.e. Banu Khuza\u2018ah. Quraish immediately realized the grave situation and feared the horrible consequences looming on the horizon. They immediately called for an emergency meeting and decided to delegate their chief Abu Sufyan to Madinah for a renewal of the truce. He directly headed for the house of his daughter Umm Habiba (the Prophet\u2019s wife). But as he went to sit on the Messenger\u2019s carpet, she folded it up. \"My daughter,\" said he, \"I hardly knew if you think the carpet is too good for me or that I am too good for the carpet.\" She replied, \"It is the Messenger of All\u00e2h\u2019s carpet, and you are an unclean polytheist.\"\n\nBeing disgusted at the curt reply of his daughter, Abu Sufyan stepped out of her room and went to see the Prophet [pbuh], but the latter was well aware of his tricks and did not hold him any assurance. He then approached Abu Bakr, but the latter too declined to interfere. He contacted \u2018Umar to intercede but this great Companion made a point-blank refusal. At last he saw \u2018Ali bin Abi Talib and began begging him\n\nin the most humble words, cunningly alluding to the prospects of mastery over all the Arabs if he were to intercede for the renewal of the treaty. \u2018Ali also briefly regretted his inability to do anything for him.\n\nAbu Sufyan turned his steps back to Makkah in a state of bitter disappointment and utter horror. There he submitted a report of his meeting with his daughter, Abu Bakr, \u2018Umar and \u2018Ali\u2019s reaction and the meaningful silence of the Prophet. The Makkans were dismayed, but did not expect imminent danger.\n\nPreparations for the Attack on Makkah, and the Prophet\u2019s Attempt at imposing a News Black-out\n\nOn the authority of At-Tabari, the Messenger of All\u00e2h [pbuh] asked \u2018Aishah [R], his spouse three days prior to receiving news relating to breaching of covenant, to make preparations peculiar to marching out for war. Abu Bakr, meanwhile, came in and asked \u2018Aishah [R] what the matter was, showing surprise at the preparations being made as it was not, as he said, the usual time for war. She replied that she had no idea. On the morning of the third day \u2018Amr bin S\u00e2lim Al-Khuza\u2018i arrived in the company of forty horsemen to brief the Prophet [pbuh] on the plight of his people and seeking the Muslims\u2019 help for retaliation. People of Madinah then got to know that Quraish had breached the covenant. Budail followed \u2018Amr, and then Abu Sufyan and the news was unequivocally confirmed.\n\nWith view of securing a complete news black-out concerning his military intentions, the Prophet [pbuh] despatched an eight-men platoon under the leadership of Qatadah bin Rab\u2018i in the direction of Edam, a short distance from Madinah, in Ramadan 8 A.H., in order to divert the attention of people and screen off the main target with which he was preoccupied.\n\nThere was so much dread and fear everywhere that Hatib, one of the most trusted followers of the Prophet [pbuh] secretly despatched a female messenger with a letter to Makkah containing intimation of the intended attack. The Prophet [pbuh] received news from the heaven of Hatib\u2019s action and sent \u2018Ali and Al-Miqdad with instructions to go after her. They overtook the messenger, and after a long search discovered the letter carefully hidden in her locks. The Prophet [pbuh] summoned Hatib and asked him what had induced him to this act. He replied, \"O Messenger of All\u00e2h [pbuh]! I have no affinity of blood with Quraish; there is only a kind of friendly relationship between them and myself. My family is at Makkah and there is no one to look after it or to offer protection to it. My position stands in striking contrast to that of the refugees whose families are secure due to their blood ties with Quraish. I felt that since I am not related to them, I should, for the safety of my children, earn their gratitude by doing good to them. I swear by All\u00e2h that I have not done this act as an apostate, forsaking Islam. I was prompted only by the considerations I have just explained.\"\n\n\u2018Umar wanted to cut his head off as a hypocrite, but the Prophet [pbuh] accepted his excuse and granted him pardon, then addressed \u2018Umar saying: \"Hatib is one of those who fought in the battle of Badr. How do you know that he is a hypocrite? All\u00e2h is likely to look favourably on those who participated in that battle. Turning then, to Hatib, he said: \"Do as you please, for I have forgiven you.\"\n\nAfter making full preparation, the Prophet [pbuh] proceeded to Makkah at the head of ten thousand soldiers on the 10th of Ramadan, 8 A.H. He mandated Abu Ruhm AlGhifari to dispose the affairs of Madinah during his absence. When they reached AlJuhfa, Al-\u2018Abbas bin \u2018Abdul Muttalib and his family came to join the Prophet [pbuh]. At Al-Abwa\u2019, the Muslims came across Abu Sufyan bin Al-Harith and \u2018Abdullah bin Omaiyah, the Prophet\u2019s cousins, but, on account of the harm they had inflicted, and their satiric language, on the believers, they were not welcomed. \u2018Ali addressed Abu Sufyan to go and beseech the Prophet [pbuh] for pardon and confess his illbehaviour in a manner similar to that of Yusuf\u2019s (the Prophet Joseph) brothers:\n\n\"They said: \u2018By All\u00e2h! Indeed All\u00e2h has preferred you above us, and we certainly have been sinners.\u2019\" [Al-Qur'an 12:91]\n\nAbu Sufyan observed \u2018Ali\u2019s counsel, to which the Prophet quoted All\u00e2h\u2019s Words:\n\n\"He said: \u2018No reproach on you this day, may All\u00e2h forgive you, and He is the Most Merciful of those who show mercy!\u2019\" [Al-Qur'an 12:92]\n\nAbu Sufyan recited some verses paying a generous tribute to the Prophet [pbuh] and professing Islam as his only religion.\n\nThe Muslims then marched on in a state of fasting until they reached a place called Al-Qadeed where water was available. There they broke fast [Sahih Al-Bukhari 2/613] and resumed their movement towards Mar Az-Zahran. The Quraishites were quite unaware of the development of affairs, but the Prophet [pbuh] did not like to take them by surprise. He, therefore, ordered his men to kindle fire on all sides for cooking purposes. The idea behind this was that Quraish should be afforded full opportunity to assess the situation in which they were pitchforked correctly, and should not endanger their lives by leaping blindly in the battlefield. \u2018Umar bin AlKhattab was entrusted with the guard duty. In the meanwhile, Abu Sufyan along with Hakim bin Hizam and Budail bin Warqua\u2019, two terrible polytheists, went out to reconnoiter. Before they got near the camp, they met \u2018Abbas, the Prophet\u2019s uncle. He apprised Abu Sufyan of the situation and advised him to accept Islam and persuade his people to surrender before Muhammad [pbuh]; otherwise, his head would be struck off.\n\nUnder the prevailing compelling circumstances, Abu Sufyan went in the company of \u2018Abbas seeking the Prophet\u2019s [pbuh] audience. The Muslims were furious to see Abu Sufyan and wanted to kill him on the spot. But the two men managed, not without difficulties, to see the Messenger of All\u00e2h [pbuh] who advised that they see him the following day. The Prophet [pbuh] addressed Abu Sufyan saying: \"Woe to you! Isn\u2019t it time for you to bear witness to the Oneness of All\u00e2h and Prophethood of Muhammad?\" Here, the archenemy of Islam began to beseech the Prophet [pbuh] in the most earnest words that testify to the Prophet\u2019s generosity and mild temper begging for pardon and forgiveness, and professing wholeheartedly the new faith.\n\nOn request by \u2018Abbas, the Prophet [pbuh], in the context of the general amnesty he proclaimed, gave Abu Sufyan, who had a liking for bragging, a special privilege, saying: \"He who takes refuge in Abu Sufyan\u2019s house is safe; whosoever confines himself to his house, the inmates thereof shall be in safety, and he who enters the Sacred Mosque is safe.\"\n\nOn the morning of Tuesday, 17th. Ramadan, 8 A.H., the Prophet [pbuh] left Mar AzZahran. He ordered Al-\u2018Abbas to detain Abu Sufyan at a commanding gorge that could afford a full view of the Muslim army parading on its way towards Makkah, and hence give him the chance to see the great and powerful soldiers of All\u00e2h. The different tribes successively passed with their banners flown up, until at last the battalion of the Emigrants and Helpers with the Prophet [pbuh] at their head heavily armed marched by. Abu Sufyan began to wonder who those people were, to which Al-\u2018Abbas told him that they were Muhammad [pbuh] and his Companions. Abu Sufyan said that no army however powerful could resist those people and addressing Al-\u2018Abbas, he said: \"I swear by All\u00e2h that the sovereignty of your brother\u2019s son has become too powerful to withstand.\" Al-\u2018Abbas answered, \"It is rather the power of Prophethood,\" to which the former agreed.\n\nSa\u2018d bin \u2018Ubadah carried the flag of the Helpers. When he passed by Abu Sufyan, he said \"Today will witness the great fight, you cannot seek sanctuary at Al-Ka\u2018bah. Today will witness the humiliation of Quraish.\" Abu Sufyan complained about this to the Prophet [pbuh] who got angry and said \"Nay, today Al-Ka\u2018bah will be sanctified, and Quraish honoured,\" and quickly ordered that Sa\u2018d should be stripped off the flag, and that it should be entrusted to his son Qais, in another version, to Az-Zubair.\n\nAl-\u2018Abbas urged Abu Sufyan to hasten into Makkah and warn the Quraishites against any aggressive behaviour towards the Muslims. There in Makkah, he shouted at the top of his voice and warned against any hostilities advising them to seek safety in his house. His wife got indignant and tugged at his moustache cursing him and abusing his cowardly stance. The people within Makkah mocked Abu Sufyan and dispersed in different directions, some into their houses, others into the Holy Sanctuary while some undisciplined reckless ruffians led by \u2018Ikrimah bin Abi Jahl, Safwan bin Omaiyah and Suhail bin \u2018Amr encamped themselves in a place called Khandamah, with a murderous intent in their minds.\n\nThe Prophet [pbuh], on his part, was quite modestly and calmly drawing the final touches for the military breakthrough awaiting the Muslims, by All\u00e2h\u2019s Will. He appointed Khalid bin Al-Waleed as a leader of the right flank of the army with Aslam, Sulaim, Ghifar, Muzainah and Juhainah tribes under his command to enter Makkah through its lower avenues. Az-Zubair bin \u2018Awwam was to lead the left flank and would storm Makkah from the upper side holding up the Messenger\u2019s banner. Abu \u2018Ubaidah took command of the infantry and was to penetrate into the city via a side valley. They were given full and decisive orders not to kill unless in self defence and in that case they would exterminate any aggressive elements and quell any opposition.\n\nThe Muslim battalions marched out each in its already drawn route to fulfill the missions they were supposed to carry out. Khalid bin Al-Waleed worked his way into the heart of the town quite successively killing twelve of the ruffians and sustaining two martyrs. Az-Zubair set out and reached the fixed destination where he planted the banner at Al-Fath (conquest) Mosque and waited there for the arrival of the Prophet [pbuh]. A tent was pitched for him where he offered prayers of thanks to the All-Mighty All\u00e2h, Who, out of His immense grace, had granted him a splendid victory. But he did not repose long. He, in the company of the Helpers and Emigrants, got up and proceeded towards Al-Ka\u2018bah, the Sacred House, which is an emblem of the Oneness and Supremacy of All\u00e2h. It was unfortunately infested with idols that"
      },
      "geometry": {
        "type": "Point",
        "coordinates": [
          39.826,
          21.422
        ]
      }
    },
    {
      "type": "Feature",
      "properties": {
        "id": "42",
        "title": "The Third Stage",
        "year": 630,
        "category": "preaching",
        "description": "The third and last stage of the life of the Messenger [pbuh] embodies the fruitful results of his call to Islam, which were the consequences of long-timed holy fights in the way of All\u00e2h (Jihad), troubles, toil, disturbances, trials and a lot of bloody conflicts and battles, which lasted for over twenty years.\n\nThe conquest of Makkah was considered the most serious profit achieved by Muslims during those years. For it affected the course of events and consequently altered the Arabs\u2019 whole life. It was a decisive distinction between preconquest and postconquest periods. For Quraish, at that time, was in the eyes of Arabs the defenders and helpers of Arabs. Other Arabs are only their ancillaries. The submission of Quraish is, therefore, estimated to be a final elimination of paganism in the Arabian Peninsula.\n\nThis stage can be divided into two main phases:\n\n1. holy wars and fighting. 2. the tribes and people\u2019s race to embrace Islam.\n\nBeing so close and rather inseparable, the two phases of this stage intervene in such a way that a happening of one phase occurs during the progress of the other. However, we have preferred \u2014 for expository purposes \u2014 to deal with these two phases distinctively. The fighting phase was given the priority in order, due to the fact that it is more intimate and fit than the other.\n\nThe conquest of Makkah which came forth as a consequence of a swift blow astounded both the Arabs and other tribes who realized that they were doomed and had to submit to the new situation as a fait accompli. Some of the fierce, powerful proud tribes did not submit and favoured resistance. Ahead of these were the septs of Hawazin and Thaqif. Nasr, Jashm and Sa\u2018d bin Bakr and people of Bani Hilal \u2014 all of whom of Qais \u2018Ailan. They thought that they were too mighty to admit or surrender to such a victory. So they met Malik bin \u2018Awf An-Nasri and made up their mind to proceed fighting against the Muslims.\n\nThe Enemy\u2019s March and their Encampment at Awtas\n\nWhen Malik bin \u2018Awf \u2014 the general leader \u2014 decided to march and fight the Muslims, he made his countrypeople take their wealth, women and children with them to Awtas \u2014 which is a valley in Hawazin land and is quite near Hunain. It differs from Hunain in its being adjacent to Dhi-Al-Majaz which is around ten miles from Makkah in \u2018Arafat\u2019s direction. [Fath Al-Bari 8/27,42]\n\nThe War-experienced Man wrongs the Leader\u2019s Judgement\n\nAs soon as they had camped in Awtas, people crowded round Malik. The old sane Duraid bin As-Simmah, who was well-known as a war-experienced man, and who was among those who gathered round Malik, asked: \"What valley are we in?\" \"In Awtas,\" they said. \"What a good course it is for horses! It is neither a sharp pointed height nor a loosed soiled plain. What? Why do I hear camels\u2019 growling, the donkeys\u2019 braying, the children\u2019s cries and the sheep bleating?\" asked Duraid. They said: \"Malik bin \u2018Awf had made people bring their women, properties and children with them.\" So he called Malik and asked him what made him do such a thing. Malik said that his aim was to have everybody\u2019s family and properties around them so that they fight fiercely to protect them.\" \"I swear by All\u00e2h that you are nothing but a shepherd,\" answered Duraid, \"Do you believe that there is anything whatsoever, can stand in the way of a defeated one or stop him from fleeing? If you win the battle you avail nothing but a man with a sword and a spear; but if you lose you will bring disgrace on your people and properties,\" then he resumed his talk and went on wondering about some septs and their leaders. \"O Malik, thrusting the distinguished people of Hawazin into the battlefield will avail you nothing. Raise them up to where they can be safe. Then make the young people mount their horses and fight. If you win, those whom you tarried will follow you, but if you were the loser it would be a loss of a battle, but your kinsmen, people and properties would not be lost.\"\n\nBut Malik, the general leader, refused this suggestion. \"By All\u00e2h,\" he said, \"I will not do such a thing. You must have grown a senile. Hawazin have to obey me, or else I will lean my body against this sword so that it penetrates through my back.\" He rejected any sort of contribution of Duraid\u2019s in that concern.\n\n\"We obey you,\" said his people, Duraid consequently said: \"Today is a day that I have not missed but surely I will not be tempted to witness.\"\n\nReconnoitering the Weapons of the Messenger of All\u00e2h [pbuh]\n\nThe spies that Malik had already dispatched to spy Muslim forces, returned with their limbs cut off. \"Woe unto you! What happened to you?\" Said Malik. They said: \"We have seen distinguished people on spotted horsebacks. What you see, would not have happened if we had been firmly together.\"\n\nNews about the enemy\u2019s marching were conveyed to the Messenger of All\u00e2h [pbuh], so he sent out Al-Aslami with orders to mix with people, stay with them so that he would be able to know their news and to convey it to the Messenger of All\u00e2h [pbuh] when he turns back. That was exactly what he managed to do.\n\nThe Messenger of All\u00e2h [pbuh] leaves Makkah for Hunain\n\nOn Shawwal, the nineteenth, the captive day, the Messenger of All\u00e2h [pbuh] left Makkah accompanied by twelve thousand Muslims. Ten thousand of those had previously shared in Makkah Conquest. A great number of the other two thousand, who were Makkans, had recently embraced Islam. That march was on the nineteenth day of his conquest to Makkah. He borrowed a hundred armours with their\n\nequipment from Safwan bin Omaiyah. He appointed \u2018Itab bin Usaid as a governor over Makkah. When it was evening time, a horseman came to the Messenger of All\u00e2h [pbuh] and said: \"I have climbed up so and so mountains and came across Hawazin with their riding camels, livestock and sheep. Hawazin wholly were gathered together there.\" The Messenger of All\u00e2h [pbuh] smiled then and said: \"They will all be Muslims\u2019 spoils tomorrow, if All\u00e2h will.\" That night Anas bin Abi Murthid Al-Ghanawi volunteered to guard. [Abu Da'ud]\n\nOn their way to Hunain they saw a great green Nabk plant, that was called DhatAnwat (the one with suspenders). That was because the Arabs used to hang their weapons on it, slay beasts under it and keep to it. So some of army members asked the Messenger of All\u00e2h [pbuh] to make them a Nabk with suspenders as the one they had. \"All\u00e2h is the Greatest of all!\" He said, \"I swear by the One in Whose Hand is Muhammad\u2019s soul, that you have just said what the people of Moses said to him. They said \u2018Make us a god as the one they have.\u2019 Surely you are ignorant people. These are Sunnah, but you will follow and comply with the modes of life of those who preceded you.\" [At-Tirmidhi]\n\nSeeing how great in number the army was, some of them said: \"We shall not be defeated.\" Their statement sounded hard upon the Messenger of All\u00e2h [pbuh].\n\nThe Islamic Army stunned the Archers and the Attackers\n\nOn Wednesday night the tenth of Shawwal, the Muslim army arrived at Hunain. Malik bin \u2018Awf, who had previously entered the valley by night, gave orders to his army to hide inside the valley and lurk for the Muslims on roads, entrances, narrow hiding places. His orders to his men were to hurl stones at Muslims whenever they caught sight of them and then to make a one-man attack against them.\n\nAt early dawn the Messenger of All\u00e2h [pbuh] started mobilizing his army and distributing posts and flags to people. In the dark and just before dawn the Muslims moved towards Hunain Valley. They started descending into it unaware of the presence of an enemy lurking for them inside the valley. So at the moment they were camping, arrows began showering intensively at them, whereas the enemy\u2019s battalions started a fierce attack against the Muslims, who had to retreat in disorder and utter confusion. It was such a shatteringly defeat that Abu Sufyan bin Harb, who had recently embraced Islam, said that their retreat would not stop till they got to the Red Sea. Jablah or Kildah bin Al-Junaid commented on that by saying: \"Surely magic has grown inactive today.\"\n\nThe Messenger of All\u00e2h [pbuh] turned to the right and said: \"Come on, people! I am the Messenger of All\u00e2h. I am Muhammad, the son of Abdullah.\" Those who stoodfast by him were only few Emigrants and some of his kinsmen. The matchless bravery of the Prophet [R] was then brought to light. He went on and on in his attempts to make his mule standfast in the face of the disbelievers while saying loudly:\n\n\"Truly saying, I am the Prophet I am the (grand) son of Abdul Muttalib.\"\n\nHowever, Abu Sufyan, who was then holding the rein of the Prophet\u2019s mule, and Al\u2018Abbas, who was holding its stirrup; were endeavouring to make it halt. The Messenger of All\u00e2h [pbuh] dismounted and asked his Lord to render him help.\n\nMulsims\u2019 return to the Battlefield, and the fierceness of the Fight\n\nThe Messenger of All\u00e2h [pbuh] ordered his uncle Al-\u2018Abbas \u2014 who was a sonorous voiced man \u2014 to call out on the followers. As loudly as he could, Al-\u2018Abbas shouted: \"Where are the lancers?\" \"By All\u00e2h,\" Al-\u2018Abbas said, \"Upon hearing my voice calling them back, they turned round to the battlefield as if they had been oryxes (wild cows) tending towards their calves.\"\n\n\"Here we are, at your service. Here we are.\"[Sahih Muslim 2/100] They said. There you see them trying to stop their camels and reverse to the battle. He who was unable to force his camel to turn back, would take his armour, fling it round his neck, and hastily dismount his camel with his weapon in his hand letting his camel move freely and run towards the voice source. Voices would grow louder and louder till a hundred of them gathered round the Prophet and resumed the fight.\n\nThose who were called out upon next were Al-Ansar, the Helpers, \"O, folks of AlAnsar! Folks of Al-Ansar!\"\n\nThe last group to be called out upon were Bani Al-Harith bin Al-Khazraj. Muslims battalions poured successively into the battlefield in the same manner that they had left it. The stamina of both parties was superb. Both of them stoodfast and fought fiercely. The Messenger of All\u00e2h [pbuh] was so eagerly and furiously watching the battle that he said:\n\nPicking up a handful of earth, he hurled it at their faces while saying:\n\nTheir eyes were thick with dust and the enemy began to retreat in utter confusion.\n\nReverse of Fortunes and the Enemy\u2019s utter Defeat\n\nFew hours had elapsed since the earth-handful was hurled at the enemy\u2019s faces, when they were shatteringly defeated. About seventy men of Thaqif alone were killed, and the Muslims plundered all their riding camels, weapons and cattle.\n\nAll\u00e2h, Glory is to Him, alluded to this sudden change in the Qur\u2019\u00e2n when He said:\n\n\"\u2026and on the Day of Hunain (battle) when you rejoiced at your great number but it availed you naught and the earth, vast as it is, was straitened for you, then you turned back in flight. Then All\u00e2h did send down His Sakinah (calmness, tranquillity, and reassurance, etc.) on the Messenger"
      },
      "geometry": {
        "type": "Point",
        "coordinates": [
          40.0,
          21.4
        ]
      }
    },
    {
      "type": "Feature",
      "properties": {
        "id": "43",
        "title": "Missions and Platoons",
        "year": 629,
        "category": "battles",
        "description": "Upon returning from this long successful travel, the Messenger of All\u00e2h [pbuh]  stayed in Madinah where he received delegates and dispatched agents and appointed  preachers and callers to Islam everywhere. Those whose hearts were still full of  prejudice against Islam and therefore were too proud to embrace All\u00e2h\u2019s religion,  were decisively muffled on their non-acquiescence in the status quo prevalent then in  Arabia.\n\nHere is a mini-image about the believed ones. We have already stated that the  Messenger\u2019s arrival in Madinah was by the last days of the eighth year of Al-Hijra. No  sooner the crescent of Muharram of the ninth year turned up than the Messenger of  All\u00e2h [pbuh] dispatched the believed ones, to the tribes as shown in the list below:\n\n1. \u2018Uyaina bin Hisn  to Bani Tamim.  2. Yazeed bin Husain  to Aslam and Ghifar.  3. \u2018Abbad bin Bishr Al-Ashhali  to Sulaim and Muzainah.  4. Rafi\u2018 bin Mukaith  to Juhainah.  5. \u2018Amr bin Al-\u2018As  to Bani Fazarah.  6. Ad-Dahhak bin Sufyan  to Bani Kilab.  7. Basheer bin Sufyan  to Bani Ka\u2018b.  8. Ibn Al-Lutabiyah Al-Azdi  to Bani Dhubyan.\n\n9. Al-Muhajir bin Abi Omaiyah  to Sana\u2018a\u2019 (Al-Aswad Al-\u2018Ansi called at him  when he was in it).  10. Ziyad bin Labid  to Hadramout.  11. \u2018Adi bin Hatim  to Tai\u2019 and Bani Asad.  12. Malik bin Nuwairah  to Bani Hanzalah.  13. Az-Zabraqan bin Badr  to Bani Sa\u2018d (a portion of them).  14. Qais bin \u2018Asim  to Bani Sa\u2018d (a portion of them).  15. Al-\u2018Al\u00e2\u2019 bin Al-Hadrami  to Al-Bahrain.  16. \u2018Ali bin Abi Talib  to Najran (to collect Sadaqa & Jizya).\n\nSome of these agents were despatched in Muharram, 7 A.H., others were sent later  until the tribes they were heading for had completely converted into Islam. Such a  move clearly demonstrates the great success that the Islamic Da\u2018wah (Call) enjoyed  after Al-Hudaibiyah Treaty. However, shortly after the conquest of Makkah, people  began to embrace Islam in large hosts.\n\nIn the same way that the believed ones were dispatched to the tribes, we  understand that dispatching some more platoons to all regions of Arabia is a  necessity for the prevalence and domination of security on all lands of Arabia.\n\n1. \u2018Uyaina bin Hisn Al-Fazari\u2019s platoon in Al-Muharram, the ninth year of Al-Hijra  to Bani Tamim. It consisted of fifty horsemen, none of them was an Emigrant  or a Helper.\n\nThis expedition was dispatched due to the fact that Bani Tamim had already  urged other tribes not to pay tribute (Al-Jizya) and eventually stopped them  from paying it.\n\nTherefore, \u2018Uyaina bin Hisn set out to fight them. All the way long he marched  by night and lurked by day. He went on that way till he overtook them and  attacked them in the desert. They fled back for their lives. Eleven men,  twenty-one women and thirty boys were captured then. He drove them back  to Madinah and were housed in Ramlah bint Al-Harith\u2019s residence. Ten of their  leaders, who came to the Prophet\u2019s door, called out unto him saying: \"O  Muhammad come out and face us.\" When he went out they held him and  started talking.\n\nHe exchanged talk with them for a while then left them and went to perform  the noon-prayer. After prayer he sat in the mosque-patio. They proclaimed a  desire to show boasting and self-pride. For this purpose they introduced their  orator \u2018Utarid bin Hajib who delivered his speech. The Messenger of All\u00e2h  [pbuh] asked Thabit bin Qais bin Shammas \u2014 the Muslim orator \u2014 to  respond. He did that. In return, they brought forth their poet Az-Zabraqan bin  Badr who recited some boastful poetry. Hassan bin Thabit, the poet of Islam,  promptly replied back. When talks and poetry came to an end, Al-Aqra\u2018 bin  Habis said: \"Their orator is more eloquent than ours, and their poet is more  poetically learned than ours. Their voices and sayings excel ours, as well.\"  Eventually they announced their embracing Islam. Consequently, the  Messenger of All\u00e2h [pbuh] acknowledged their Islamization, awarded them  well, and rendered them back their women and children.\n\n2. A platoon headed by Qutbah bin \u2018Amir to a spot called Khath\u2018am in Tabalah, a  plot of land not far from Turbah. That was in Safar, 9 A.H. Accompanied by  twenty men and only ten camels to mount alternatively on, Qutbah raided  them and fought so fiercely that a great number of both parties were  wounded and some others were killed. The Muslims drove back with them  camels, women and sheep to Madinah.  3. The mission of Dahhak bin Sufyan Al-Kilabi to Bani Kilab in Rabi\u2018 Al-Awwal in  the year 9 A.H. This mission was sent to Bani Kilab to call them to embrace  Islam. Refusing to embrace Islam, they started to fight against the Muslims,  but were defeated and sustained one man killed.  4. The three hundred men expedition of \u2018Alqamah bin Mujazziz Al-Mudlaji to  Jeddah shores in Rabi\u2018 Al-Akhir. This expedition was dispatched to fight  against some men from (Al-Habasha) Abyssinia (Ethiopia), who gathered  together near the shores of Jeddah and exercised acts of piracy against the  Makkans. Therefore he crossed the sea till he got to an island. But as soon as  the pirates had learned of Muslims\u2019 arrival, they fled. [Fath Al-Bari 8/59]  5. The task of the platoon of \u2018Ali bin Abi Talib was to demolish Al-Qullus, which  was an idol that belonged to Tai\u2019 tribe. That was in Rabi\u2018 Al-Awwal in the year  9 A.H. \u2018Ali was dispatched by the Messenger of All\u00e2h [pbuh] with one hundred  fifty men. A hundred of them were on camels. The other fifty were on  horseback. He held a black flag and a white banner.\n\nAt dawn they raided Mahallat Hatim, demolished the idol and filled their  hands with spoils, camels and sheep booties, whereas \u2018Adi fled to Ash-Sham.  The sister of \u2018Adi bin Hatim was one of the captives. Inside Al-Qullus safe,\n\nMuslims found three swords and three armours. On the way they distributed  the spoils and put aside the best things to the Messenger of All\u00e2h [pbuh].  They did not share the Hatims.\n\nUpon arrival in Madinah, the sister of \u2018Adi bin Hatim begged the Messenger of  All\u00e2h [pbuh] to have mercy on her and said: \"O Messenger of All\u00e2h, my  brother is absent and father is dead, and I am too old to render any service.  Be beneficent to me so that All\u00e2h may be bountiful to you.\" He said: \"Who is  your brother?\" She said: \"It is \u2018Adi bin Hatim.\" \"Is he not the one who fled  from All\u00e2h and his Messenger?\" Said the Prophet [pbuh] then went away from  her. Next day she reiterated the same thing as the day before and received  the same answer. A day later she uttered similar words, this time he made  benefaction to her. The man who was beside the Prophet, and whom she  thought to be \u2018Ali, said to her: \"Ask for an animal from him to ride on.\" And  she was granted her request.\n\nShe returned to Ash-Sham where she met her brother and said to him: \"The  Messenger of All\u00e2h [pbuh] has done me such noble deed that your father  would never have done it. Therefore, willy-nilly, frightened or secure, you  should go and see him.\" Unsecure neither protected by some one, not even  recommended by a letter as a means of protection, \u2018Adi came and met the  Prophet. The Messenger of All\u00e2h [pbuh] took him home with him. As soon as  he sat before him, the Messenger of All\u00e2h [pbuh] thanked All\u00e2h and praised  him, then said: \"What makes you flee? Do you flee lest you should say there  is no god but All\u00e2h? Do you know any other god but All\u00e2h?\" \"No\" he said,  then talked for a while. The Messenger of All\u00e2h went on saying: \"Certainly  you flee so that you may not hear the statement saying \u2018All\u00e2h is the  Greatest.\u2019 Do you know anyone who is greater than All\u00e2h?\" \"No\" he said. \"The  Jews are those whose portion is wrath, and the Christians are those who have  gone astray,\" the Prophet retorted. \"I am a Muslim and I believe in one God  (All\u00e2h).\" \u2018Adi finally proclaimed with a joyous face. The Prophet ordered him a  residence with one of the Helpers. From that time he started calling at the  Prophet [pbuh] in the mornings and in the evenings. [Za'd Al-Ma'ad 2/205]\n\nOn the authority of Ibn Ishaq, when the Prophet [pbuh] made him sit down in  front of him in his house, the Prophet said, \"O \u2018Adi, were you not cast in  disbelief?\" \"Yes\". \u2018Adi said. \"Did you not share one quarter of your people\u2019s  gains?\" \"Yes\". Said \u2018Adi. The Messenger of All\u00e2h [pbuh] said: \"It is sinful in  your religion to do such a thing, and you should not allow yourself to do it.\"  \"Yes, by All\u00e2h, that is true\", said \u2018Adi. \"Thus I worked out that he was a  Prophet inspired by All\u00e2h, and sent to people. He knows what is unknown.\" [Ibn  Hisham 2/581]\n\nIn another version, the Prophet [pbuh] said: \"\u2018Adi, embrace Islam and you  shall be secure.\" \"But I am a man of religion.\" Said \u2018Adi. \"I know your religion  better than you.\" Said the Prophet. \"Do you know my religion better than  me?\" \u2018Adi asked. The Prophet replied, \"Yes\". He said: \"Are you not cast in  disbelief because you appropriate to yourself the fourth of your people\u2019s  gains?\" \"Yes\". Said \u2018Adi. \"It is unlawful in your religion to do such a thing.\"  The Prophet said, and \u2018\u2018Adi added: \"He did not need to say it again for I  immediately acquiesced it.\" [Musnad Imam Ahmad]\n\nAl-Bukhari narrates that \u2018Adi said: While we were with the Prophet [pbuh], a man  came in and complained to him about poverty. Then another man came in and  complained about highway robbery. The Messenger of All\u00e2h [pbuh] then said: \"O  \u2018Adi, have you ever been to Al-Hirah? If you were doomed to live long life, you would  be able to see a riding camel woman travel from Hirah till it circumambulates AlKa\u2018bah fearing none but All\u00e2h; and if you were to live long enough you would open  the treasures of Kisra. And if you were to live long you would be able to see man  offering a handful of gold or silver to others but none accepts to take it.\" At the end  of this Hadith \u2018Adi later on says: \"I have seen a riding camel woman travel from AlHirah till it circumambulates the Ka\u2018bah fearing none but All\u00e2h, I have also been one  of those who opened the treasures of Kisra bin Hurmuz. If you were to live long life  you would witness what the Prophet, Abul Qasim, [pbuh] had already said about  \u2018offering a handful of \u2026\u2019 i.e. the Prophet\u2019s prophecies did really come true."
      },
      "geometry": {
        "type": "Point",
        "coordinates": [
          39.612,
          24.467
        ]
      }
    },
    {
      "type": "Feature",
      "properties": {
        "id": "44",
        "title": "The Invasion of Tabuk",
        "year": 630,
        "category": "battles",
        "description": "The invasion and the conquest of Makkah was considered a decisive one between the  truth and the error. As a result of which, the Arabs had no more doubt in  Muhammad\u2019s mission. Thus we see that things went contrary to the pagans\u2019  expectations. People started to embrace Islam, the religion of All\u00e2h, in great  numbers. This is manifested clearly in the chapter \u2014 The delegations, of this book. It  can also be deduced out of the enormous number of people who shared in the  Hajjatul-Wad\u00e2\u2018 (Farewell Pilgrimage). All domestic troubles came to an end. Muslims,  eventually felt at ease and started setting up the teachings of All\u00e2h\u2019s Laws and  intensifying the Call to Islam.\n\nThe Byzantine power, which was considered the greatest military force on earth at  that time, showed an unjustifiable opposition towards Muslims. As we have already  mentioned, their opposition started at killing the ambassador of the Messenger of  All\u00e2h [pbuh], Al-Harith bin \u2018Umair Al-Azdi, by Sharhabeel bin \u2018Amr Al-Ghassani. The  ambassador was then carrying a message from the Prophet [pbuh] to the ruler of  Busra. We have also stated that the Prophet consequently dispatched a brigade  under the command of Zaid bin Haritha, who had a fierce fight against the  Byzantines at Mu\u2019tah. Although Muslim forces could not have revenge on those  haughty overproud tyrants, the confrontation itself had a great impression on the  Arabs, all over Arabia.\n\nCaesar \u2014 who could neither ignore the great benefit that Mu\u2019tah Battle had brought  to Muslims, nor could he disregard the Arab tribes\u2019 expectations of independence,  and their hopes of getting free from his influence and reign, nor he could ignore their  alliance to the Muslims \u2014 realizing all that, Caesar was aware of the progressive  danger threatening his borders, especially Ash-Sham-fronts which were neighbouring  Arab lands. So he concluded that demolition of the Muslims power had grown an  urgent necessity. This decision of his should, in his opinion, be achieved before the  Muslims become too powerful to conquer, and raise troubles and unrest in the  adjacent Arab territories.\n\nTo meet these exigencies, Caesar mustered a huge army of the Byzantines and proRoman Ghassanide tribes to launch a decisive bloody battle against the Muslims.\n\nGeneral News about the Byzantines and Ghassanide Preparations for War\n\nNo sooner news about the Byzantine\u2019s preparations for a decisive invasion against  Muslims reached Madinah than fear spread among them. They started to envisage  the Byzantine invasion in the least sound they could hear. This could be clearly  worked out of what had happened to \u2018Umar bin Al-Khattab one day.\n\nThe Prophet [pbuh] had taken an oath to stay off his wives for a month in the ninth  year of Al-Hijra. Therefore, he deserted them and kept off in a private place. At the  beginning, the Companions of the Messenger of All\u00e2h were puzzled and could not  work out the reason for such behaviour. They thought the Prophet [pbuh] had\n\ndivorced them and that was why he was grieved, disturbed and upset. In \u2018Umar\u2019s  version of the very story he says: \"I used to have a Helper friend who often informed  me about what happened if I weren\u2019t present, and in return I always informed him of  what had taken place during his absence. They both lived in the high part of  Madinah. Both of them used to call at the Prophet alternatively during that time of  suspense. Then one day I heard my friend, knock at the door saying: \"Open up!  Open up!\" I asked wondering, \"What\u2019s the matter? Has the Ghassanide come?\" \"No it  is more serious than that. The Messenger of All\u00e2h [pbuh] has deserted his wives.\"  [Sahih Al-Bukhari 2/730]\n\nIn another version, \u2018Umar said, \"We talked about Ghassanide preparations to invade  us. When it was his turn to convey the news to me, he went down and returned in  the evening. He knocked at the door violently and said \u2018Is he sleeping?\u2019 I was  terrified but I went out to meet him. \u2018Something serious had taken place.\u2019 He said.  \u2018Has the Ghassaindes arrived?\u2019 Said I. \u2018No,\u2019 he said, \u2018it is greater and more serious.  The Messenger of All\u00e2h [pbuh] has divorced his wives.\u2019\" [Sahih Al-Bukhari 1/334]\n\nThis state of too much alertness manifests clearly the seriousness of the situation  that Muslims began to experience. The seriousness of the situation was confirmed to  a large degree by the hypocrites behaviour, when news about the Byzantines\u2019  preparations reached Madinah. The fact that the Messenger of All\u00e2h [pbuh] won all  the battles he fought, and that no power on earth could make him terrified, and that  he had always proved to be able to overcome all the obstacles that stood in his way -  did not prevent the hypocrites, who concealed evil in their hearts, from expecting an  affliction to fall upon the Muslims and Islam.\n\nThey used to harbour evil and ill-intentions against the whole process of Islam and  the Muslims. On grounds of illusory hopes of destroying this great religious edifice,  they erected a hotbed of conspiracy and intrigue in the form of a mosque \u2014 Masjide-Darar (the mosque of harm). They approached the Prophet [pbuh] with the  request that he should come and consecrate the place by praying in it himself. As he  was at the moment about to start for Tabuk, he deferred compliance with their  request till his return. Meanwhile he came to know through Divine Revelation that it  was not a Mosque for devotion and prayer but a meeting place for the anti-Islamic  elements. On his return, therefore, the Prophet [pbuh] sent a party to demolish the  new structure.\n\nParticular News about the Byzantine and Ghassanide Preparations for War\n\nA magnified image of the prominent danger threatening the Muslims life was carried  to them by the Nabateans who brought oil from Ash-Sham to Madinah. They carried  news about Heraclius\u2019 preparations and equipment of an enormous army counting  over forty thousand fighters besides Lukham, Judham and other tribes allied to the  Byzantines. They said that its vanguard had already reached Al-Balq\u00e2\u2019. Thus was the  grave situation standing in ambush for the Muslims. The general situation was  aggravated seriously by other adverse factors of too much hot weather, drought and  the rough and rugged distance they had to cover in case they decided to encounter  the imminent danger.\n\nThe Messenger of All\u00e2h\u2019s [pbuh] concept and estimation of the situation and its  development was more precise and accurate than all others. He thought that if he  tarried or dealt passively with the situation in such a way that might enable the\n\nByzantines to paddle through the Islamic controlled provinces or to go as far as  Madinah, this would \u2014 amid these circumstances \u2014 leave the most awful impression  on Islam as well as on the Muslims\u2019 military credibility.\n\nThe pre-Islamic beliefs and traditions (Al-Jahiliyah) which were at that time dying  because of the strong decisive blow that they had already had at Hunain, could have  had a way to come back to life once again in such an environment. The hypocrites  who were conspiring against the Muslims so that they might stab them in the back  whereas Byzantines would attack them from the front. If such a thing came to light  and they succeeded in their evil attempts, the Prophet and his Companions\u2019 efforts to  spread Islam would collapse and their profits which were the consequences of  successive and constant fights and invasions would be invalidated. The Messenger of  All\u00e2h [pbuh] realised all that very well. So \u2014 in spite of the hardships and drought  that Muslims were suffering from \u2014 the Prophet [pbuh] was determined that the  Muslims should invade the Byzantines and fight a decisive battle at their own  borders. He was determined not to tarry at all in order to thwart any Roman attempt  to approach the land of Islam.\n\nWhen the Messenger of All\u00e2h [pbuh] had made up his mind and took his final  decision, he ordered his Companions to get ready for war and sent for the Makkans  and the other Arab tribes asking for their assistance.\n\nContrary to his habit of concealing his real intention of the invasion by means of  declaring a false one, he announced openly his intention of meeting the Byzantines  and fighting them. He cleared the situation to his people so that they would get  ready, and urged them to fight in the way of All\u00e2h. On this occasion a part of Surat  Bara\u2019a (Chapter 9 \u2014 The Repentance) was sent down by All\u00e2h, urging them to  steadfastness and stamina.\n\nOn the other hand, the Messenger of All\u00e2h [pbuh] cherished them to pay charities  and to spend the best of their fortunes in the way of All\u00e2h.\n\nNo sooner had the Muslims heard the voice of the Messenger of All\u00e2h [pbuh] calling  them to fight the Byzantines than they rushed to comply with his orders. With great  speed they started getting ready for war. Tribes and phratries from here and there  began pouring in Madinah. Almost all the Muslims responded positively. Only those  who had weakness at their hearts favoured to stay behind. They were only three  people. Even the needy and the poor who could not afford a ride came to the  Messenger of All\u00e2h [pbuh] asking for one so that they would be able to share in the  fight against the Byzantines. But when he said:\n\n\"...\u2018I can find no mounts for you\u2019 they turned back while their eyes  overflowing with tears of grief that they could not find anything to spend  (for Jihad).\" [Al-Qur'an 9:92]\n\nThe Muslims raced to spend out money and to pay charities to provide this invasion.  \u2018Uthman, for instance, who had already rigged two hundred, saddled camels to travel  to Ash-Sham, presented them all with two hundred ounces (of gold) as charity. He  also fetched a thousand dinars and cast them all into the lap of the Messenger of  All\u00e2h [pbuh], who turned them over and said: \"From this day on nothing will harm  \u2018Uthman regardless of what he does.\" [Jami' At-Tirmidhi 2/211 (The virtues of 'Uthman)] Again\n\nand again \u2018Uthman gave till his charity toped to nine hundred camels and a hundred  horses, besides the money he paid.\n\nAbdur Rahman bin \u2018Awf, on his side, paid two hundred silver ounces, whereas Abu  Bakr paid the whole money he had and left nothing but All\u00e2h and His Messenger as a  fortune for his family. \u2018Umar paid half his fortune. Al-\u2018Abbas gifted a lot of money.  Talhah, Sa\u2018d bin \u2018Ubadah and Muhammad bin Maslamah, gave money for the welfare  of the invasion. \u2018Asim bin \u2018Adi, on his turn, offered ninety camel-burdens of dates.  People raced to pay little and much charities alike. One of them gave the only half  bushel (or the only bushel) he owned. Women shared in this competition by giving  the things they owned; such as musk, armlets, anklets, ear-rings and rings. No one  abstained from spending out money, or was too mean to grant money or anything  except the hypocrites:\n\n\"Those who defame such of the believers who give charity (in All\u00e2h\u2019s cause)  voluntarily, and those who could not find to give charity (in All\u00e2h\u2019s cause)  except what is available to them, so they mock at them (believers).\" [AlQur'an 9:79]\n\nUpon accomplishing the equipment of the army, the Messenger of All\u00e2h [pbuh]  ordained that Muhammad bin Maslamah Al-Ansari should be appointed over Madinah  \u2014 in another version Siba\u2018 bin \u2018Arftah. To \u2018Ali bin Abu Talib he entrusted his family\u2019s  safety and affairs and ordered him to stay with them. This move made the hypocrites  undervalue \u2018Ali, so he followed the Messenger of All\u00e2h [pbuh] and caught up with  him. But the Prophet made \u2018Ali turn back to Madinah after saying: \"Would it not  suffice you to be my successor in the way that Aaron (Harun) was to Moses\u2019?\" Then  he proceeded saying: \"But no Prophet succeeds me.\"\n\nOn Thursday, the Messenger of All\u00e2h [pbuh] marched northwards to Tabuk. The  army that numbered thirty thousand fighters was a great one, when compared with  the previous armies of Islam. Muslims had never marched with such a great number  before.\n\nDespite all the gifts of wealth and mounts the army was not perfectly equipped. The  shortage of provisions and mounts was so serious that eighteen men mounted one  camel alternatively. As for provisions, members of the army at times had to eat the  leaves of trees till their lips got swollen. Some others had to slaughter camels \u2014  though they were so dear \u2014 so that they could drink the water of their stomach;  that is why that army was called \"The army of distress\".\n\nOn their way to Tabuk, the army of Islam passed by Al-Hijr \u2014 which was the native  land of Thamud who cut out (huge) rocks in the valley; that is \"Al-Qura Valley\" of  today. They watered from its well but later the Messenger of All\u00e2h [pbuh] told them  not to drink of that water, nor perform the ablution with it. The dough they made, he  asked them to feed their camels with. He forbade them to eat anything whatsoever  of it. As an alternative he told them to water from that well which Prophet Salih\u2019s  she-camel used to water from."
      },
      "geometry": {
        "type": "Point",
        "coordinates": [
          36.57,
          28.38
        ]
      }
    },
    {
      "type": "Feature",
      "properties": {
        "id": "45",
        "title": "Abu Bakr  performs the Pilgrimage",
        "year": 629,
        "category": "biography",
        "description": "In the month Dhul-Qa\u2018dah or in Dhul-Hijjah of the very year (the ninth of Al-Hijra),  the Messenger of All\u00e2h [pbuh] dispatched Abu Bakr [R], the truthful, as a deputy  prince of Al-Hajj (pilgrimage), so that he would lead the Muslims in performing of the  pilgrimage rituals.\n\nSoon after the departure of the Muslims, there came a Revelation from All\u00e2h: the  opening passages of the Chapter 9 entitled \u2018Repentance\u2019 (Surah Tauba or Bara\u2019a) in  which \u2018freedom from obligation\u2019 is proclaimed from All\u00e2h in regard to those idolatrous  tribes who had shown no respect for the treaties which they had entered into with  the Prophet [pbuh]. Communication of this news went in line with the Arabian  traditions of making public any change relating to declining conventions of blood and  fortunes.\n\n\u2018Ali bin Abi Talib was deputed to make this declaration. He overtook Abu Bakr at Al\u2018Arj or Dajnan. Abu Bakr inquired whether the Prophet [pbuh] had put him in  command or he had just been commissioned to make the announcement. \"I have  been deputed to make the proclamation only\" replied \u2018Ali. The two Companions then  proceeded with the pilgrimage process. Towards the close of the rituals, on the day  of the ritual sacrifice, \u2018Ali stood at Al-Jamrah (a spot at which stones are pelted) and  read aloud to the multitudes that thronged around him and declared quittance from  covenants with idolaters and giving them four months\u2019 respite to reconsider their  position. As for the other idolaters with whom the believers had a treaty and had  abated nothing of the Muslims\u2019 rights nor had supported anyone against them, then  the terms of the treaty would run valid until the duration of which expired.\n\nAbu Bakr then sent some Muslims to declare publicly that no disbeliever would after  that year perform pilgrimage, nor would anyone be allowed to make the Tawaf  (going round) of the Sacred House unclothed.\n\nThat proclamation in fact vetoed all aspects of paganism out of Arabia and stated  quite unequivocally that those pre-Islam practices were no longer in operation."
      },
      "geometry": {
        "type": "Point",
        "coordinates": [
          39.826,
          21.422
        ]
      }
    },
    {
      "type": "Feature",
      "properties": {
        "id": "46",
        "title": "A Meditation on the Ghazawat",
        "year": 629,
        "category": "battles",
        "description": "Meditation on the Prophet\u2019s Ghazawat, missions, and the battalions he formed and  dispatched, will certainly give us and everybody a true and clear impression that the  Prophet [pbuh] was the greatest military leader in the whole world as well as the  most righteous, the most insightful and the most alert one. He was not a man of  superior genius for this concern but he was also the Master and the greatest of all  Messengers as far as Prophethood and Heavenly Message are concerned. Besides, all  the battles that he had fought were standard in their application to the requirements  of strictness, bravery, and good arrangements that fitted the terms and conditions of  war. None of the battles he fought was lost as a consequence of shortage of wisdom  or due to any other technical error in army mobilization or a location in a wrong  strategical position. The loss of any of his battle was not due to misjudgement about  occupying the best and the most appropriate sites of battles, nor was it due to a  mischoice of leaders of the fight, for he had proved himself to be a peculiar sort of  leader that differs from any of those leaders that our world had known and  experienced. As regards Uhud and Hunain events, there were consequences of  weakness in some military elements in Hunain; and disobedience to orders in Uhud.  Their non-compliance with wisdom and the plan of the battle played a passive role in  the course of those two invasions.\n\nHis genius was clearly shown in these two battles when the Muslims were defeated;  for he stoodfast facing the enemy and managed, by his super wisdom, to thwart the  enemy\u2019s aim as was the case in Uhud. Similarly he managed to change the Muslims\u2019  defeat in Hunain into a victory. Nothwithstanding the fact that serious grave  developments in military operations usually leave the worst impression on the  military leaders and entice them to flee for their lives.\n\nWe have, so far, discussed the mere aspects of military leadership of the invasions.  On the other hand, through these invasions he was able to impose security, institute  peace, diffuse dissension and destroy the military might of the enemies through  relentless struggle between Islam and paganism.\n\nThe Prophet had also profound insight and could differentiate the faithful from the  hypocrites and plotters.\n\nGreat was the group of military leaders who fought and excelled the Persians and the  Byzantines in the battlefields of Ash-Sham and Iraq with respect to war strategy and  leading the fight procedures. The very leaders, who succeeded Muhammad [pbuh] ,  managed to drive off the enemies of Islam, from their lands and countries, their  gardens and springs, and their farms. They drove them off their honourable  residence and from the grace and provisions they owned and enjoyed. Those Muslim  leaders were all Muhammad\u2019s men. They were imbued with the spirit of Islam at the  hand of the Prophet [pbuh].\n\nThanks to these battles, the Messenger of All\u00e2h [pbuh] managed accommodation,  secured land and provided chances of work for all Muslims. He, even, made a lot of  inquiries about the refugee problems who (then) had no houses or fortunes. He  equipped the army with weapons, horses and expenditures. He had all that realized  without exercising a particle weight of injustice. The Prophet [pbuh] has altered the  standards and aims of pre-Islamic wars. Their war was no more than robbing, killing,  plundering, tyranny and aggression-oriented wars. Those wars focused on winning\n\nvictory, oppressing the weakling and demolishing their houses and constructions. For  them, war was a means by which they can rape or unveil women, practise cruelty  against the weakling, the babies and small children, spoil tillage and race, and  spread corruption on the earth. Islamic wars are different from pre-Islamic wars. A  \"war\" in Islam is a Jihad. That is to say it is a noble sacred fight in the way of All\u00e2h  for the verification of a Muslim society that seeks to free man from oppression,  tyranny and aggression. It is a society that everyone everywhere and at all times  should be proud of.Pre-Islamic thoughts and traditions of Al-Jahiliyah period have  been turned upside down by Islam. These were so hard upon the weakling that they  had to invoke All\u00e2h to enable them to get away from that pre-Islamic environment  by saying:\n\n\"Our Lord, rescue us from this town whose people are oppressors, and raise  for us from You one who will protect, and raise for us from You one who will  help.\"\n\nThe war of corruption, slaying and robbing that used to prevail has now turned into a  sacred one, Al-Jihad. One of the greatest aims of Al-Jihad is to free man from the  aggression, the oppression and the tyranny of men of power. A man of power, in  Islam, is a weakling till after the right of the poor is taken from him. War, in Islam, is  a Jihad for the purification of the land of All\u00e2h from deception, treachery, sinful  deeds and aggression. It is a sacred war that aims at spreading security, safety,  mercy and compassion as well as observing the rights and magnanimity. The  Messenger of All\u00e2h [pbuh] had issued honourable strict rules about war and bade his  soldiers and leaders to comply with them. They were forbidden to break those rules  under any circumstances. In reference to Sulaiman bin Buraidah\u2019s version, who said  that his father had told him that whenever the Messenger of All\u00e2h [pbuh] appointed  a leader on an army or on a battalion, he used to recommend him to fear All\u00e2h, the  Great and All-Mighty, when dealing with those who were closest to him and to be  good with all Muslims. Then the Prophet [pbuh] would say to him:\n\n\"Let your invasion be in the Name of All\u00e2h and for His sake. Fight those who  disbelieve in All\u00e2h. Invade but do not exaggerate nor commit treachery.  Never deform the corpse of a dead person or kill an infant child.\"\n\nThe Messenger of All\u00e2h [pbuh] asked people to facilitate but he forbade them to bear  down hard on others or constrain. \"Pacify\", he said, \"and do not disincline\". [Sahih  Muslim 2/82,83] When it happened that he arrived at the battlefield by night, he  would never invade the enemy till it was morning. He utterly forbade burning (i.e.  torturing people) in fire, killing children and women or even beating them. He also  forbade theft and robbery and proceeded so far as to say gains acquired through  plundering are not less forbidden than the flesh of a corpse. Corruption of tillage and  race and cutting down of trees were all forbidden unless they were badly needed and  there was no other substitute:\n\n\"Do not kill a wounded person nor run after a fleeing one or kill a captive.\"\n\nHe decreed that envoys cannot be killed. He also stressed on not killing those who  made covenants. He even said:\n\n\"He whoever kills one who is under pledge to a covenant shall not smell  Paradise, though its smell could be experienced at a forty-year distance  from it.\"\n\nThere were some other noble rules which purified wars from their Al-Jahiliyah (preIslamic) filthiness and turned them into sacred wars. [Za'd Al-Ma'ad 2/64-68; and for  details Jihad in Islam p."
      },
      "geometry": {
        "type": "Point",
        "coordinates": [
          39.612,
          24.502
        ]
      }
    },
    {
      "type": "Feature",
      "properties": {
        "id": "47",
        "title": "People embrace the Religion of All\u00e2h in Large Crowds",
        "year": 629,
        "category": "preaching",
        "description": "People embrace the Religion of All\u00e2h in Large Crowds\n\nThe invasion and the conquest of Makkah was \u2014 as we have already stated \u2014 a  decisive battle that destroyed paganism utterly. The Arabs as a result of that battle  were able to differentiate the truth from the error. Delusion no longer existed in their  life. So they raced to embrace Islam. \u2018Amr bin Salamah said: \"We were at a water  (spring) where the passage of people was. So when camel riders passed by us we  used to ask them: \u2018What is the matter with people? What is this man (i.e. the  Prophet) like?\u2019 They would say, \u2018He claims that All\u00e2h has revealed so and so.\u2019 I used  to memorize those words as if they had been recited within my chest. The Arabs  used to ascribe their Islamization to the conquest. They would say: \u2018Leave him alone  to face his people. If he were a truthful Prophet he would overcome them.\u2019 So when  the conquest took place, peoples hastened to declare their Islam. My father was the  quickest of all my people to embrace Islam. Arriving at his people he said: \u2018By All\u00e2h I  have just verily been to the Prophet [pbuh]. And he said: \u2018Perform so a prayer at  such a time, and so and so prayers at such and such time. When the prayer time is  due let one of you call for the prayer and appoint the most learned of the Qur\u2019\u00e2n  among you to be an Imam (leader) of yours. [Sahih Al-Bukhari 2/615,616]\" This  Prophetic tradition manifests the great effect of the conquest of Makkah on the phase  of events. It certainly shows the influence of the conquest of Makkah upon the  consolidation of Islam as well as on the Arabs\u2019 stand and their surrender to Islam.  That influence was absolutely confirmed and deeply rooted after the invasion of  Tabuk. A clear and an obvious evidence of that influence could be deduced from the  great number of delegations arriving in Madinah successively in the ninth and tenth  years of Al-Hijra. The immense crowds of people who raced to embrace the religion  of All\u00e2h and the great army which included ten thousand fighters in the invasion of  the conquest of Makkah had grown big enough to include thirty thousand fighters  sharing in Tabuk invasion. It was only in less than a year after the conquest of  Makkah that this growth in Islamic army had taken place. A hundred thousand or a  hundred and forty four thousand Muslim pilgrims shared in Hajjatul -Wada\u2018 (i.e.  Farewell Pilgrimage); it was such an enormous number of Muslims surging \u2014 as an  ocean of men \u2014 round the Messenger of All\u00e2h [pbuh], that the horizon echoed their  voices and the expanses of land shook whereby while saying Labbaik (i.e. Lord, here  we are worshipping), glorifying and magnifying All\u00e2h, and thanking Him."
      },
      "geometry": {
        "type": "Point",
        "coordinates": [
          39.81634,
          21.41678
        ]
      }
    },
    {
      "type": "Feature",
      "properties": {
        "id": "48",
        "title": "The Delegations",
        "year": 628,
        "category": "preaching",
        "description": "The number of delegations listed in Ahl Al-Maghazi were over seventy. Investigating  such a large number is not an accessible thing; besides stating them in detail is not  of a great benefit. Therefore, I am going to reveal an expose about what is  historically wonderful or highly significant. Anyway a reader should always keep in  mind that whilst the majority of tribes arrived in Madinah after the conquest, there  were also pre-conquest delegations.\n\n1. The delegation of \u2018Abdul Qais: This tribe had two arrivals. The first was in  the fifth year of Al-Hijra or before that date. Munqidh bin Haiyan, a member  of that tribe, used to trade in Madinah. So, as soon as he heard of Islam when  he had arrived in it for trading \u2014 that was after the migration \u2014 he embraced  Islam and carried a pledge from the Prophet [pbuh] to his people who  eventually became Muslims too. Thirteen or fourteen of them came to the  Prophet [pbuh] in one of the Hurum Months. It was then that they asked the  Prophet\u2019s advice about the Faith and drinks. Their chief was Al-Ashaj Al-Usri,  to whom the Messenger of All\u00e2h [pbuh] said: \"You have two qualities that  All\u00e2h likes: They are deliberatenessandclemency.\"\n\nTheir second arrival was in the Year of Delegations. They were forty men. AlJarud bin Al-\u2018Al\u00e2\u2019 Al-\u2018Abdi, who was Christian but turned to be a good Muslim,  was one of that group. [Explanation of Sahih Muslim by An-Nawawi 1/33; Fath Al-Bari 8/85,86]\n\n2. Daws Delegation: The arrival of this tribe was in the early times of the  seventh year and that was when the Messenger of All\u00e2h [pbuh] was in  Khaibar. At-Tufail bin \u2018Amr Ad-Dawsi, that we have already talked about and  explained how he became a Muslim at the time the Messenger of All\u00e2h [pbuh]  was in Makkah. He went back home to his people where he kept calling  people to Islam but they tarried till he despaired of them and returned to the  Messenger of All\u00e2h [pbuh] and asked him to invoke All\u00e2h against Daws but  the Messenger of All\u00e2h [pbuh] invoked All\u00e2h to guide Daws. Later on, Daws  embraced Islam. So At-Tufail arrived in Madinah accompanied by seventy or  eighty families of his people in the early times of the seventh year of Al-Hijra,  at the time that the Messenger of All\u00e2h [pbuh] was at Khaibar, so he overtook  him there.  3. Farwah Bani \u2018Amr Al-Judhami\u2019s messenger: Farwah was an Arab leader  in the Byzantine army. He was a Byzantine agent ruler by proxy on the Arabs  allied to the Byzantines. His home was at Mu\u2018an and the surrounding area of  Ash-Sham lands. Seeing the stamina and courage of the Muslims he became  a Muslim. The battle of Mu\u2019tah \u2014 which took place in the eighth year of AlHijra \u2014 compelled his admiration. He sent a white mule gift with a messenger  of his to the Messenger of All\u00e2h [pbuh] to inform him of his conversion into  Islam. When the Byzantines learnt of his embracing Islam, they sent him to  prison. At first they gave him an opportunity to choose one of the two \u2014  \"either he defects from Islam or death shall be his punishment.\" Refusing to  defect they crucified him and cut his neck at a water (fountain) called \u2018Afra\u2019 in  Palestine. [Za'd Al-Ma'ad 3/45; Tafheem-ul-Qur'an 2/169]  4. Sud\u00e2\u2019 Delegation: The arrival of this delegation was after the departure of  the Messenger of All\u00e2h [pbuh] from Al-Ji\u2018ranah in the eighth year of Al-Hijra.  It was because the Messenger of All\u00e2h [pbuh] had already dispatched a\n\nmission that comprised four hundred Muslims and asked them to go to where  Sud\u00e2\u2019 was. Sud\u00e2\u2019 was (a fresh-water fountain) in Yemen. While the mission  was camping there at the starting point of a canal. Ziyad bin Al-Harith AsSud\u00e2\u2019i learned of their stay, so he came to the Messenger of All\u00e2h [pbuh] and  said: \"I have come to you as a deputy of my people, so tell your army to go  back and I guarantee of my people.\" The army were sent away off the canal.  In his turn As-Sud\u00e2\u2019i went back, cherished and urged his people to come and  meet the Messenger of All\u00e2h [pbuh]. Eventually fifteen of them came and  pledged allegiance to him as true Muslims. Returning home, they in their turn,  urged the rest to be Muslims. Thus Islam spread among them. Later on, a  hundred men joined the Messenger of All\u00e2h [pbuh] in Hajjatul-Wada\u2018  (Farewell Pilgrimage.)  5. The arrival of Ka\u2018b bin Zuhair bin Abi Sulma: Ka\u2018b who was a member of  a family of poets, was considered one of the most poetic Arab poets. He used  to satirize the Prophet [pbuh] when he wasn\u2019t a Muslim. In the eighth year of  Al-Hijra and at the time that the Messenger of All\u00e2h [pbuh] had already gone  back from At-Ta\u2019if invasion, Bujair bin Zuhair wrote a letter to his brother Ka\u2018b  warning and advising him: \"The Messenger of All\u00e2h ([pbuh]) had killed some  men in Makkah who used to satirize and harm him, and that the other poets  who had survived fled in all directions for their lives. So if you want to save  your skin, hasten to the Messenger of All\u00e2h [pbuh]. He never kills those who  resort to him as repentant. If you refuse to do as I tell, it is up to you to try  to save your skin by any means.\" The two brothers corresponded with one  another for a long time till Ka\u2018b was awkward and felt as if the earth had  constrained on him. Arriving in Madinah, he stayed at a man\u2019s house from  Juhainah as a guest. They performed the dawn prayer together; but when he  was about to leave, the man suggested that he go to the Messenger of All\u00e2h  [pbuh]. He went there, sat by him, put his hand in his. The Messenger of  All\u00e2h [pbuh] who had never seen Ka\u2018b before, did not recognize him. Ka\u2018b  then said: \"O, Messenger of All\u00e2h! Ka\u2018b bin Zuhair has come to you as a  repentant Muslim; will he be secure and forgiven if I fetch him?\" The  Messenger of All\u00e2h [pbuh] said, \"Yes.\" \"I am Ka\u2018b bin Zuhair,\" said he. Upon  hearing that one of the Helpers rose to his feet and asked the Messenger\u2019s  allowance to cut his throat. \"Leave him alone!\" Said the Prophet [pbuh], \"He  has become a repentant Muslim after his disposal of the past.\" Ka\u2018b then  recited his well-known poem \"Su\u2018ad appeared...\" in which he praised the  Prophet [pbuh], thanked him and apologized for the wrongs he had done. He  acknowledged Muhammad\u2019s mission. Both Emigrants and Helpers were  spoken of in this poem but differently. He praised the Emigrants but criticized  the Helpers, for one of them demanded a Prophet\u2019s permission to kill him.  Later on Ka\u2018b tried to compensate for that by praising the Helpers too but that  was in another poem.  6. \u2018Udharah Delegation: This delegation which consisted of twelve men, had  arrived in Madinah in Safar, the ninth year of Al-Hijra. They spent three days  there. One of them was Hamza bin An-Nu\u2018man. When they were asked who  they were, they said \"We are Bani \u2018Udharah, the foster brothers of Qusai to  his mother. We are the ones who supported Qusai, and removed Khuza\u2019a and  Bani Bakr from the bosom of Makkah. We have relatives and kinspeople.\" So  the Messenger of All\u00e2h [pbuh] welcomed them and gave good tidings to  them, which was Ash-Sham Conquest; but he, on the other hand, forbade  them from consulting a soothsayer and from eating the slain animals they\n\nslaughtered. Eventually they became Muslims, stayed there for several days  then went back.  7. Bali Delegation: Their arrival was in Rabi\u2018 Al-Awwal, the ninth year of AlHijra. They embraced Islam, stayed in Madinah for three days. Their chief Abu  Ad-Dabeeb wondered whether hospitality was rewarded by All\u00e2h. The  Messenger of All\u00e2h [pbuh] said:\n\n\"Yes, and so is any charity you offer to poor or rich people that is  Sadaqah.\"\n\nHe also inquired about the time allotted to hospitality. \"Three days,\" said he.  \"What about the stray ewe?\" The Prophet said: \"It is either yours or your  brother\u2019s, otherwise it goes to the wolf.\" He inquired about the stray camel.  \"It is not of your business. Leave it alone! Its owner will try to find it.\"\n\n8. Thaqif Delegation: Their arrival was in Ramadan, the ninth year of Al-Hijra,  after the return of the Messenger of All\u00e2h [pbuh] from Tabuk. As to how they  became Muslims, this could be deduced from the following:\n\nTheir chief \u2018Urwah bin Mas\u2018ud Ath-Thaqafi came to see the Messenger of All\u00e2h  [pbuh] after the latter\u2019s return from At-Ta\u2019if in Dhul-Qa\u2018dah in the year 8 A.H.  \u2018Urwah became a Muslim. He thought that when he will tell his people and call  them to embrace Islam, they would obey him, because he had always been  an obeyed Master. He was even more beloved to them than their own  firstborn. But contrary to that, when he called them to Islam they shot arrows  at him from everywhere and killed him. They remained as they were for  months before they started discussing the situation again among themselves.  Upon realizing that they were incapable of fighting the neighbouring Arabs  who had paid allegiance to the Prophet [pbuh] and converted to Islam, they  made up their mind to dispatch a man to the Messenger of All\u00e2h [pbuh]. They  concluded that \u2018Abd Yalail bin \u2018Amr would be the right messenger.\n\n\u2018Abd refused to do such a thing lest they should kill him as they had killed  \u2018Urwah. \"I will not do such a thing till you send some other men with me,\"  said \u2018Abd. So they sent two men of their allies and three others from Bani  Malik. The six of them including \u2018Uthman bin Abi Al-\u2018As Ath-Thaqafi who was  the youngest among them all.\n\nWhen they entered into the Prophet\u2019s [pbuh] audience, a tent was pitched up  in a corner of the mosque so that they might listen to the Qur\u2019\u00e2n and see  people at prayer. During their stay they came again and again to the Prophet  [pbuh] who kept on calling them to embrace Islam, till their chief asked the  Messenger of All\u00e2h [pbuh] to enter into a peace treaty between him and  Thaqif by means of which he allows them to commit fornication, drink wine  and deal with usury. They also asked him not to injure their tyrant idol \"AlLat\" or to oblige them to perform the prayer. Finally they insisted that they  would not knock down the idols themselves. But the Messenger of All\u00e2h  [pbuh]turned down all their requests. They went aside to council. Realizing  that there were no other alternatives they yielded and professed Islam. The  only condition that they insisted on was that the demolition of Al-Lat should  be dealt with and handled by the Messenger of All\u00e2h [pbuh] whereas Thaqif\n\nshould in no way knock it down themselves. The Messenger of All\u00e2h [pbuh]  agreed and took a pledge with them.\n\nBeing the most attentive and the keenest to study jurisprudence and learn  Qur\u2019\u00e2n, \u2018Uthman bin Abi Al-\u2018As was appointed by the Messenger of All\u00e2h  [pbuh] a prince on his people. His keenness and carefulness to learn the  Qur\u2019\u00e2n and study jurisprudence were clearly discernible through his behaviour  during their stay.\n\nEveryday morning, the group of delegates used to go and see the Messenger  of All\u00e2h [pbuh]. Being the youngest one, \u2018Uthman bin Abi Al-\u2018As was left  behind with their camels and things to keep an eye on. At noon when they  came back and slept, \u2018Uthman used to go to the Messenger of All\u00e2h [pbuh]in  order to learn the Qur\u2019\u00e2n and inquire about religious matters. If it happened  that the Messenger of All\u00e2h [pbuh] was asleep, he would then go to Abu Bakr  for the same purpose. With the passage of time, he turned out to be a source  of blessing to his people. For at the Apostasy Times (Ar-Riddah) when Thaqif  were determined to apostatize, he addressed them saying: \"O, folkmen of  Thaqif! You have been the latest at embracing Islam, so do not be the first to  apostatize.\" Consequently they gave up apostasy and clung fast to Islam.\n\nThe group of delegates returned home but they were determined to conceal  the truth for a while. They told their people to expect fight at any moment.  They pretended to be grieved and depressed. They claimed that the  Messenger of All\u00e2h [pbuh] demanded that they should embrace Islam and  abandon adultery, drinking wine and dealing with usury and some other  things, or else he would fight them. Seized by the arrogance and zeal of AlJahiliyah (pre-Islamic traditions), Thaqif remained for days intent on fighting.  Then All\u00e2h cast terror and dismay in their hearts in such a way that they gave  up fighting and thought that the delegation should go back to him and  announce their approval. It was until then that the group of delegates told  them the truth and revealed the items of their peace-talk with the Prophet,  consequently Thaqif embraced Islam.\n\nThe Messenger of All\u00e2h [pbuh] sent some men to demolish the idol called \"AlLat\" under the command of Khalid bin Al-Waleed. Al-Mugheerah bin Shu\u2018bah,  stood to his feet, held the hoe and the ax and said: \"By All\u00e2h, I will make you  laugh at Thaqif.\" He struck with them, and pretended to fall down while  running. The people of Thaqif trembled at that sight and said: \"May All\u00e2h  dismay Al-Mugheerah off. The goddess has killed him.\" Hearing that AlMugheerah leapt up to his feet and said: \"May All\u00e2h bring shame on you. AlLat is nothing but a mass of dirt and stones.\" Then he struck the door and  broke it. He mounted its highest wall, and so did the other men. They  knocked Al-Lat down till they levelled it with the ground. Then they dug up its  foundation and brought out its jewels and garments; to the great  astonishment of Thaqif. Khalid bin Al-Waleed and his group came back to the  Messenger of All\u00e2h [pbuh] carrying Al-Lat\u2019s jewels and garments. The  Messenger of All\u00e2h [pbuh] distributed them and thanked All\u00e2h for helping his  Prophet and solidifying his religion. [Za'd Al-Ma'ad 3/26-28; Ibn Hisham 3/537-542]\n\n9."
      },
      "geometry": {
        "type": "Point",
        "coordinates": [
          39.612,
          24.467
        ]
      }
    },
    {
      "type": "Feature",
      "properties": {
        "id": "49",
        "title": "The Success and Impact of the Call",
        "year": 629,
        "category": "preaching",
        "description": "Before we move one more step and meditate on the last days of the Messenger of Allah's life, we ought to cast a quick glance at the great work that was a peculiarity of his. That very peculiarity that made him excel all other Prophets and Messengers and made him so superb that Allah made him atop the formers and the latters. It was him that was addressed by:\n\n\"O you wrapped in garments (i.e Prophet Muhammad [pbuh])! Stand (to pray) all night, except a little.\" [Al-Qur'an 73:1,2]\n\n\"O you (Muhammad [pbuh]) enveloped (in garments). Arise and warn!\" [AlQur'an 74:1,2]\n\nSo he arose and kept on like that for over twenty years. During those years he undertook to carry the burdens of the great expectations on his shoulders for the sake of the whole mankind and humanity, the Faith and Jihad in various fields.\n\nThe Messenger of Allah [pbuh] undertook the burdens of struggle and Al-Jihad in the conscience of mankind which was then drowning in the illusions of Al-Jahiliyah and its images that were loaded with the ground weights and gravitations. He took upon his shoulder to free man's conscience which was chained with desires and lusts. As soon as he had freed the conscience of his Companions from the burdens and heaps of Al-Jahiliyah and earthly life, he started another battle in another field or rather successive battles against the enemy of Allah's Call, and against those who conspired against it. It was a battle against those who conspired against the believers and against those who were so careful to tend that pure plant in its implantation before it grew up and stretched its roots in soil and extended its branches up into the air and thus dawned upon other areas. No sooner had he finished the battles in the Arabian Peninsula than the Byzantines began preparations to destroy this new nation on the northern borders.\n\nThe first battle - i.e. the battle of conscience - was not over yet. It was in fact a perpetual one. Satan, who was its leader did not spare a moment without exercising his activity in the depth of human conscience. Muhammad [pbuh], on the other hand was attending on calling to Allah's religion there and he was keen on fighting that perpetual battle in all fields in spite of their hard circumstances and the world's conspiracy against him. He went on calling effectively and actively surrounded by the believers who were seeking security through ceaseless toil and great patience.\n\nThe Companions acted perpetually and patiently by day and they spent the night worshipping their Lord, reciting and memorizing the Qur'an glorifying and magnifying Allah and imploring Him by night; all that at the behest of their Lord, the All-Mighty. [Fi Zilal Al-Qur'an 29/168,169]\n\nFor over twenty years the Messenger of Allah [pbuh] had been leading that progressive steady battle, disregarding any other affairs that kept him off that noble goal. He went on that way till the Islamic Call proved to be successful on a large scale that puzzled all men possessed of good reason.\n\nThe Islamic Call eventually prevailed all over Arabia. It removed all traces of AlJahiliyah from the horizon of the peninsula. The sick minds of Al-Jahiliyah grew healthy in Islam. They did not only get rid of idol-worship, but they also knocked them down. The general atmosphere began to echo \"there is no god but Allah.\" The calls to prayers were heard five times a day penetrating space and breaking the silence of the dead desert and bringing back life through the new belief. Reciters and memorizers of the Qur'an set out northwards and southwards reciting verses of the Qur'an and carrying out Allah's injunctions.\n\nScattered people and tribes were united and man moved from man's worship of man to man's worship of Allah. There were no more oppressors nor oppressed; no masters nor slaves, nor people bound to other people, nor aggressors that would practise aggression. All people were slaves of Allah. They were beloved brothers obeying Allah's rules. Thanks to Allah they disposed of arrogance and the boastful spirit:\n\n\"An Arab is no better than a non-Arab. In return a non-Arab is no better than an Arab. A red raced man was not better than a black one except in piety. Mankind are all Adam's children and Adam was created from dust.\"\n\nThanks to the Islamic Call, the Arab unity had become a reality, and so was the case with human unity and social justice as far as their earthly and heavenly affairs were concerned. The time course of events had changed, the features on the earth's surface and the crooked line of history had grown straight and the mentality had been rectified.\n\nThe spirit and the corrupted conscience of people, the distorted values and measures of Al-Jahiliyah had overwhelmed the whole world during that period of Al-Jahiliyah. The prevalence of slavery, injustice, extravagant luxury, adultery, depression, deprivity, disbelief, stray from the straight path and darkness; all of those were fait accomplis in spite of the existence of the heavenly religions. The teachings of those religions had grown weak and lost all influence on men's souls and spirits and became mere lifeless ritual traditions.\n\nWhen this Call had accomplished its role in human life, it freed mankind's spirit of superstitions, illusions, white slavery, corruption and man's worship of man. Islam had freed the human society of filth, dissolution, injustice and tyranny. There were no more social distinctions, nor clergymen's or governors' dictatorship. Islam had set up a world built on solid virtuous and clean foundations, it was based on positivity, righteous construction, freedom and renewal. Truth, faith, dignity active steady deeds, the development and improvement of means of living and reclaim of rights were all bases upon which the Islamic state was built. [Madha Khasira Al-'Alam bi-Inhitatil-Muslimeen p.14]\n\nThanks to these evolutions, Arabia witnessed such an unprecedented blessed resurrection, since construction and establishment found its way to it. Never had its history been so religious, pious and brilliant as it had been during those peculiar days of its life."
      },
      "geometry": {
        "type": "Point",
        "coordinates": [
          39.61553,
          24.47234
        ]
      }
    },
    {
      "type": "Feature",
      "properties": {
        "id": "50",
        "title": "The Farewell Pilgrimage",
        "year": 632,
        "category": "biography",
        "description": "After the accomplishment of the Call, the proclamation of the Message and the establishment of a new society on the basis of 'There is no god but Allah,' and on Muhammad's mission, a secret call uprose in the heart of the Messenger of Allah [pbuh] telling him that his stay in the Lower World was about to terminate. That was clear in his talk to Mu'adh whom he had dispatched to Yemen in the tenth year of AlHijra: \"O, Mu'adh! You may not see me after this current year. You may even pass by this very Mosque of mine and my tomb.\" Upon hearing that Mu'adh cried for fear that he would part with the Messenger of Allah [pbuh].\n\nAllah's care was so bounteous as to let the Prophet [pbuh] see the fruits of his Call for the sake of which he suffered various sorts of trouble for over twenty years. Those twenty years had elapsed actively. He used to spend his last days meeting, at the outskirts of Makkah, members of tribes and their representatives who used to consult him and learn the laws and legislation of Islam from him, and in return he used to exact their testimony that he had delivered trust and communicated the Message and counselled the people.\n\nThe Messenger of Allah [pbuh] announced an intention to proceed with this blessed pilgrimage journey himself. Enormous crowds of people came to Madinah, all of whom seek the guidance and Imamate of the Messenger of Allah [pbuh]in the pilgrimage (Al-Hajj). [Sahih Muslim 1/394] On a Saturday of the last four days of Dhul-Qa'dah, the Prophet [pbuh] started the departure preparations procedure. [Fath Al-Bari 8/104] He combed his hair, applied some perfume, wore his garment, saddled his camel and set off in the afternoon. He arrived at Dhul-Hulaifa before the afternoon prayer. He performed two Rak'a and spent the night there. When it was morning he said to his Companions:\n\n\"A comer, sent by my Lord, has called on me tonight and said: 'Pray in this blessed valley and say: I intend 'Umrah combined with pilgrimage ('Umrah into Al-Hajj).[Sahih Al-Bukhari 1/207]\n\nBefore performing the noon prayer, he bathed for Ihram (ritual consecration), and 'Aishah [R] perfumed him on both his body and head with her hand with a Dharira (a plant) and with a perfume containing musk. The thick sticky layer of perfume could be seen among his parts of hair and beard. He left it unwashed, wore his loincloth and garment. He performed the noon prayer shortened, two Rak'a. He proclaimed pilgrimage procedure associated with 'Umrah at his prayer-place. He, then mounted his she-camel 'Al-Qaswa', and proclaimed: 'There is no god but Allah'. When he moved into the desert, he acclaimed the Name of Allah.\n\nHe proceeded with his journey till he approached Makkah. He spent the night at Dhi Tuwa and entered Makkah after performing the dawn prayer. He had a bath on Sunday morning, the fourth of Dhul-Hijjah the tenth year of Al-Hijra. He spent eight days on the way, which was an average period. As soon as he entered Al-Haram Mosque he circumambulated Al-Ka'bah and walked to and fro (Sa'i) between As-Safa and Al-Marwah. He did not finish the Ihram (ritual consecration) because he was Qarin (i.e. intending 'Umrah and Al-Hajj associated). He then took Al-Hadi (i.e. the sacrificial animals) in order to slaughter them. He camped on a high place of Makkah - Al-Hajun. As for circumambulation, he performed only that of Al-Hajj (pilgrimage circumambulation).\n\nThose of his Companions who had no Hadi with them to sacrifice, were ordered to observe Ihram (i.e. the state of ritual consecration) into 'Umrah (i.e. lesser pilgrimage), and circumambulate Al-Ka'bah and stride ritually to and fro between AsSafa and Al-Marwah. After that they could relieve themselves from Ihram. They, however, showed reluctance to do what they had been told. Thereupon, the Messenger of Allah [pbuh] said: \"Had I known beforehand what I knew afterward, I would not bring Hadi, and if I did not have Hadi, I would break Ihram. On hearing these words, his Companions obeyed the orders to the latter.\n\nOn the eighth day of Dhul-Hijjah - that is the Day of Tarwiyah, he left for Mina where he performed the noon, the afternoon, the sunset, the evening and the dawn prayers. - i.e. five prayers. Then he stayed for a while till the sun rose up then he passed along till he reached 'Arafah, where there was a tent built for him at Namirah. He sat inside till the sun went down. He ordered that Al-Qaswa', his shecamel, should be prepared for him. They saddled it and had it ready, so he went down the valley where a hundred thousand and twenty-four or forty-four thousand people gathered round him. There he stood up and delivered the following speech:\n\n\" O people! Listen to what I say. I do not know whether I will ever meet you at this place once again after this current year. [Ibn Hisham 2/603] It is unlawful for you to shed the blood of one another or take (unlawfully) the fortunes of one another. They are as unlawful, (Haram) as shedding blood on such a day as today and in such a month as this Haram month and in such a sanctified city as this sacred city (i.e. Makkah and the surrounding areas).\"\n\n\"Behold! all practices of paganism and ignorance are now under my feet. The blood-revenge of the Days of Ignorance (pre-Islamic time) are remitted. The first claim on blood I abolish is that of Ibn Rabi'a bin Harith who was nursed in the tribe of Sa'd and whom Hudhail killed. Usury is forbidden, and I make a beginning by remitting the amount of interest which 'Abbas bin 'Abdul Muttalib has to receive. Verily, it is remitted entirely.\"\n\n\"O people! Fear Allah concerning women. Verily you have taken them on the security of Allah and have made their persons lawful unto you by Words of Allah! It is incumbent upon them to honour their conjugal rights and, not to commit acts of impropriety which, if they do, you have authority to chastise them, yet not severely. If your wives refrain from impropriety and are faithful to you, clothe and feed them suitably.\"\n\n\"Verily, I have left amongst you the Book of Allah and the Sunnah (Traditions) of His Messenger which if you hold fast, you shall never go astray.\" [Sahih Muslim 1/397]\n\n\"O people, I am not succeeded by a Prophet and you are not succeeded by any nation. So I recommend you to worship your Lord, to pray the five prayers, to fast Ramadan and to offer the Zakat (poor-due) of your provision willingly. I recommend you to do the pilgrimage to the Sacred House of your Lord and to obey those who are in charge of you then you will be awarded to enter the Paradise of your Lord.\" [Rahmat-ul-lil'alameen 1/263]\n\n\"And if you were asked about me, what wanted you to say?\"\n\n\"We bear witness that you have conveyed the message and discharged your ministry.\"\n\nHe then raised his forefinger skywards and then moved it down towards people while saying:\n\nHe said that phrase thrice. [Sahih Muslim 1/397]\n\nThe one who repeated the Prophet's [pbuh]statements loudly at 'Arafat was Rabi'a bin Omaiyah bin Khalaf. [Ibn Hisham 2/605]\n\nAs soon as the Prophet [pbuh] had accomplished delivering the speech, the following Qur'anic verse was revealed to him:\n\n\"This day I have perfected your religion for you, completed My Favour upon you, and have chosen for you Islam as your religion.\" [Al-Qur'an 5:3]\n\nUpon hearing this verse 'Umar cried. \"What makes you cry?\" He was asked. His answer was: \"Nothing succeeds perfection but imperfection.\" [Rahmat-ul-lil'alameen 1/265]\n\nBilal called for prayer after the speech, and then made the second call. The Prophet [pbuh] performed both of the noon and the afternoon prayers separately, with no prayers in between. He then mounted his she-camel Al-Qaswa', approached the location of the vigil, directed his face towards Al-Qiblah, kept on standing till sunset when the sky yellow colour vanished a bit and the disc of the sun disappeared. Osamah added that the Prophet [pbuh]moved onward to Muzdalifa. where he observed the sunset and the evening prayers with one 'First call' and two 'second calls'. He did not entertain the Glory of Allah between the two prayers. Then he lay down till it was dawn prayer time. He performed it with one first call and one second call at almost daybreak time. Mounting on his Al-Qaswa', he moved towards AlMash'ar Al-Haram. He faced Al-Qiblah and started supplicating: \"Allah is the Greatest. There is no god but Allah.\" He remained there till it was clear morning and before the sun rose high, he made his way to Mina. He walked a little and threaded the mid-road leading to the big Jamrah where he stopped and pelted seven pebbles at it saying \"Allah is the Greatest\" each time. They were like small pebbles hurled from the bottom of the valley. Then he set off to the sacrificial place, where he sacrificed sixty-three camels with his hands, and asked 'Ali to slaughter the others, a hundred and thirty-seven altogether. He made 'Ali share him in Al-Hadi. A piece of meat from each slaughtered animal was ordered to be cooked in a pot and from which both men ate, and drank the soup.\n\nThen the Messenger of Allah [pbuh] mounted his she-camel and returned to the House where he observed the noon prayer at Makkah and there he came upon the children of 'Abdul Muttalib were supplying drinking water to people at Zamzam Well. \"Draw up water, children of 'Abdul Muttalib, I would draw up with you if I were not afraid that people would appropriate this honour after me.\" They handed him a pail of water and he drank to his fill. [Sahih Muslim 1/397-400]\n\nAt the daytime of the tenth of Dhul-Hijjah on the Slaughtering Day (Yaum An-Nahr) The Prophet [pbuh] delivered another speech. That was at high time morning, while he was mounting a grey mule. 'Ali conveyed his statements to the people, who were standing or sitting. [Abu Da'ud 1/270] He repeated some of the statements that he had previously said the day before. The two Sheikh (Bukhari and Muslim) reported a version narrated by Abi Bakrah who said:\n\nThe Prophet [pbuh] made a speech on Yaum An-Nahr (day of slaughtering) and said:\n\n\"Time has grown similar in form and state to the time when Allah created the heavens and the earth. A year is twelve months. Four of which are Sacred Months (Hurum). Three of the four months are successive. They are Dhul-Qa'dah, Dhul-Hijjah, and Al-Muharram. The fourth Month is Rajab Mudar, which comes between Jumada and Sha'ban.\"\n\n\"What month is this month?\" He asked. We said: \"Allah and His Messenger know best of all.\" He kept silent for a while till we thought he would attach to it a different appellation. \"Is it not Dhul-Hijjah?\" He wondered. \"Yes. It is.\" We said. Then he asked, \"What is this town called?\" We said: \"Allah and His Messenger know best of all.\" He was silent for a while till we thought he would give it a different name. \"Is it not Al-Baldah? (i.e. the town)\" asked he. \"Yes. It is.\" We replied. Then he asked again, \"What day is it today?\" We replied: \"Allah and His Messenger know best of all.\" Then he kept silent for a while and said wondering: \"Is it not 'An-Nahr' (i.e. slaughtering) Day?\" \"Yes. It is.\" Said we. Then he said:\n\n\"(Shedding) the blood of one another and eating or taking one another's provisions (unwillingly) and your honour are all inviolable (Haram). It is unlawful to violate their holiness. They must be as sacred to one another as this sacred day, in this sacred month, in this sacred town.\"\n\n\"You will go back to be resurrected (after death) to your Lord. There you will be accounted for your deeds. So do not turn into people who go astray and kill one another.\"\n\n\"Have I not delivered the Message (of my Lord)?\" \"Yes you have.\" Said they. \"O Allah! Bear witness! Let him that is present convey it unto him who is absent. For haply, many people to whom the Message is conveyed may be more mindful of it than the audience,.\" said he. [Sahih Al-Bukhari 1/234]\n\nIn another version it is said that the Prophet [pbuh] had said in that very speech:\n\n\"He whoever plunges into misfortune will certainly aggrieve himself. So let no one of you inflict an evil upon his parents. Verily Satan has utterly despaired being worshipped in this country of yours; but he will be obeyed at your committing trivial things you disdain. Satan will be contented with such things.\" [At-Tirmidhi 2/38, 135; Mishkat Al-Masabih 1/234]"
      },
      "geometry": {
        "type": "Point",
        "coordinates": [
          39.83542,
          21.41734
        ]
      }
    },
    {
      "type": "Feature",
      "properties": {
        "id": "51",
        "title": "The Last Expeditions",
        "year": 632,
        "category": "battles",
        "description": "The pride of the Byzantine State made it deny Muslims their right to live. The Byzantine arrogance made them even kill those agents of theirs, who embraced Islam. Killing Farwah bin 'Amr Al-Judhami, who was their agent on Mu'an, was an evidence of their arrogance. Due to that arrogance and presumptuousness of the Byzantines, the Messenger of Allah [pbuh] started to mobilize a great army in Safar in the eleventh year of Al-Hijra and made it under the command of Osamah bin Zaid bin Haritha with orders to have the horses of Muslims tread on the lands bordering Al-Balqa' and Ad-Darum of Palestine. His aim was to terrorize Byzantines and to implant confidence into the hearts of Arabs who were settled at the borders of the Byzantines. His other purpose was to deliver a message to everybody there, so that no one may dare say that the Church brutality can't go with impunity; and that Islamization is not synonymous with fear and vulnerability.\n\nThe leadership of Osamah was subject to criticism. Because he was still too young, people tarried at joining his expedition. The Messenger of Allah [pbuh] addressed people saying:\n\n\"No wonder now you contest his leadership, for you have already contested the ex-leadership of his father. Yes, by Allah, his father, who was one of the most beloved people to me, was quite efficient for leadership; and this son of his is one of the most beloved individuals to me after his father.\" [Sahih AlBukhari 2/612]\n\nSo people started tending towards Osamah and joined his army. The number of volunteers in his army was so enormous that they formed such a long queue that they had to descend the escarpment - which was a parasang off Madinah. The anxiety-provoking news about the Messenger of Allah's sickness, however, made the expedition tarry again in order to know what Allah had willed as regards His Messenger [pbuh].\n\nIt was Allah's Will that Osamah's expedition would be the first one dispatched during the caliphate of the veracious Abu Bakr. [Ibn Hisham 2/560, 606; Sahih Al-Bukhari 2/612]"
      },
      "geometry": {
        "type": "Point",
        "coordinates": [
          39.61226,
          24.47556
        ]
      }
    },
    {
      "type": "Feature",
      "properties": {
        "id": "52",
        "title": "The Journey to Allah, the Sublime",
        "year": 632,
        "category": "biography",
        "description": "When the Call to Islam grew complete and the new faith dominated the whole situation. The Messenger of Allah [pbuh] started to develop certain symptoms that bespoke of leave-taking. They could be perceived through his statements and deeds:\n\nIn Ramadan in the tenth year of Al-Hijra he secluded himself for twenty days in contrast to ten, previously.\n\nThe archangel Gabriel reviewed the Qur'an twice with him.\n\nHis words in the Farewell Pilgrimage (i.e. Al-Wida'):\"I do not know whether I will ever meet you at this place once again after this current year.\"\n\nThe revelation of An-Nasr Chapter amid At-Tashreeq Days. So when it was sent down on him, he realized that it was the parting time and that Surah was an announcement of his approaching death.\n\nOn the early days of Safar in the eleventh year of Al-Hijra, the Prophet [pbuh] went out to Uhud and observed a farewell prayer to the martyrs. It looked like saying goodbye to both the dead and the living alike. He then ascended the pulpit and addressed the people saying: \"I am to precede you and I have been made witness upon you. By Allah, you will meet me at the 'Fountain' very soon. I have been given the keys of worldly treasures. By Allah, I do not fear for you that you will turn polytheists after me. But I do fear that acquisition of worldly riches should entice you to strike one another's neck.\" [Sahih Al-Bukhari 2/585]\n\nOne day, at midnight he went to Al-Baqee' cemetry, and implored Allah to forgive the martyrs of Islam. He said: \"Peace be upon you tomb-dwellers! May that morning that dawns upon you be more relieving than that which dawn upon the living. Afflictions are approaching them like cloudy lumps of a dark night - the last of which follows the first. The last one is bearing more evil than the first.\" He comforted them saying: \"We will follow you.\"\n\nOn Monday the twenty-ninth of Safar in the eleventh year of Al-Hijra, he participated in funeral rites in Al-Baqee'. On the way back he had a headache, his temperature rose so high that the heat effect could be felt over his headband.\n\nHe led the Muslims in prayer for eleven days though he was sick. The total number of his sick days were either thirteen or fourteen.\n\nWhen his sickness grew severe he asked his wives: \"Where shall I stay tomorrow?\" \"Where shall I stay?\" They understood what he wanted. So they allowed him to stay\n\nwherever he wished. He moved to 'Aishah's room leaning - while he was walking - on Al-Fadl bin Al-'Abbas and 'Ali bin Abi Talib. Head banded as he was, he dragged his feet till he came into her abode. It was there that he spent the last week of his life.\n\nDuring that period, 'Aishah used to recite Al-Mu'awwidhat (Chapters 113 and 114 of the Qur'an) and other supplications which he had already taught her.\n\nOn Wednesday, five days before he died the Prophet's temperature rose so high signalling the severeness of his disease. He fainted and suffered from pain. \"Pour out on me seven Qirab (water skin pots) of various water wells so that I may go out to meet people and talk to them.\" So they seated him in a container (usually used for washing) and poured out water on him till he said: \"That is enough. That is enough.\"\n\nThen he felt well enough to enter the Mosque. He entered it band-headed, sat on the pulpit and made a speech to the people who were gathering together around him. He said:\n\n\"The curse of Allah falls upon the Jews and Christians for they have made their Prophets' tombs places of worship.\" [Sahih Al-Bukhari 1/62; Mustta' Imam Malik p.360]\n\n\"Do not make my tomb a worshipped idol.\" [Muatta' Imam Malik p.65]\n\nThen he offered himself and invited the people to repay any injuries he might have inflicted on them, saying:\n\n\"He whom I have ever lashed his back, I offer him my back so that he may avenge himself on me. He whom I have ever blasphemed his honour, here I am offering my honour so that he may avenge himself.\"\n\nThen he descended, and performed the noon prayer. Again he returned to the pulpit and sat on it. He resumed his first speech about enmity and some other things.\n\nA man then said: \"You owe me three Dirhams.\" The Prophet [pbuh] said: \"Fadl, pay him the money.\" He went on saying:\n\n\"I admonish you to be good to Al-Ansar (the Helpers). They are my family and with them I found shelter. They have acquitted themselves credibly of the responsibility that fell upon them and now there remains what you have to do. You should fully acknowledge and appreciate the favour that they have shown, and should overlook their faults.\"\n\n\"The number of believers would increase, but the number of Helpers would decrease to the extent that they would be among men as salt in the food. So he who from among you occupies a position of responsibility and is powerful enough to do harm or good to the people, he should fully acknowledge and appreciate the favour that these benefactors have shown and overlook their faults.\" [Sahih Al-Bukhari 1/536]\n\n\"Allah, the Great, has given a slave of His the opportunity to make a choice between whatever he desires of Allah's provisions in this world, and what He keeps for him in the world, but he has opted for the latter.\"\n\nAbu Sa'\u00eed Al-Khudri said: \"Upon hearing that, Abu Bakr cried and said: 'We sacrifice our fathers and mothers for your sake.' We wondered why Abu Bakr said such a thing. People said: 'Look at that old man! The Messenger of Allah [pbuh] says about a slave of Allah who was granted the right between the best fortunes of this world and the bounty of Allah in the Hereafter, but he says: We sacrifice our fathers and mothers for your sake!' It was later on that we realized what he had aimed at. The Messenger of Allah [pbuh] was the slave informed to choose. We also acknowledged that Abu Bakr was the most learned among us.\" [Mishkat Al-Masabih 2/546]\n\n\"The fellow I feel most secure in his company is Abu Bakr. If I were to make friendship with any other one than Allah, I would have Abu Bakr a bosom friend of mine. For him I feel affection and brotherhood of Islam. No gate shall be kept open in the Mosque except that of Abu Bakr's.\" [Sahih AlBukhari 1/22, 429, 449, 2/638; Mishkat Al-Masabih 2/548]\n\nOn Thursday, four days before the death of the Messenger of Allah [pbuh], he said to people - though he was suffering from a severe pain: \"Come here. I will cause you to write something so that you will never fall into error.\" Upon this 'Umar bin AlKhattab said: \"The Prophet of Allah [pbuh] is suffering from acute pain and you have the Qur'an with you; the Book of Allah is sufficient unto you.\" Others however wanted the writing to be made. When Muhammad [pbuh] heard them debating over it, he ordered them to go away and leave him alone. [Sahih Al-Bukhari 2/637]\n\n1. Jews, Christians and polytheists should be expelled out of Arabia. 2. He recommended that delegations should be honoured and entertained, in a way similar to the one he used to do. 3. As for the third - the narrator said that he had forgotten it. It could have been adherence to the Holy Book and the Sunnah. It was likely to be the accomplishment and the mobilization of Osamah's army, or it could have been performance of prayers and being attentive to slaves.\n\nIn spite of the strain of disease and suffering from pain, the Prophet [pbuh] used to lead all the prayers till that Thursday - four days before he died. On that day he led the sunset prayer and recited:\n\n\"By the winds (or angels or the Messengers of Allah) sent forth one after another.\" [Al-Qur'an 77:1] [Mishkat Al-Masabih 1/102]\n\nIn the evening he grew so sick that he could not overcome the strain of disease or go out to enter the Mosque. 'Aishah said: The Prophet [pbuh] asked: \"Have the people performed the prayer?\" \"No. They haven't. They are waiting for you.\" \"Put some water in the washing pot.\" Said he. We did what he ordered. So he washed and wanted to stand up, but he fainted. When he came round he asked again \"Have the people prayed?\" Then the same sequence of events took place again and again for the second and the third times from the time he washed to the time he fainted after his attempts to stand up. Therefore he sent to Abu Bakr to lead the prayer himself. Abu Bakr then led the prayer during those days. [Sahih Al-Bukhari 1/99] They were seventeen prayers in the lifetime of Muhammad [pbuh].\n\nThree or four times 'Aishah talked to the Prophet [pbuh] to exempt Abu Bakr from leadership in prayer lest people should despair of him, but he refused and said:\n\n\"You (women) are like the women who tried to entice Joseph (Yusuf) into immorality. Convey my request to Abu Bakr to lead the prayer.\"\n\nOn Saturday or on Sunday, the Prophet [pbuh] felt that he was well enough to perform the prayer; so he went out leaning on two men in order to perform the noon prayer. Abu Bakr, who was then about to lead the prayer withdrew when he saw him coming; but the Prophet [pbuh] made him a gesture to stay where he was and said: \"Seat me next to him.\" They seated him on the left hand side of Abu Bakr. The Prophet [pbuh] led the prayer, and Abu Bakr followed him and raised his voice at every 'Allahu Akbar' (i.e. Allah is the Greatest) the Prophet [pbuh] said, so that the people may hear clearly. [Sahih Al-Bukhari 1/98,99]\n\nOn Sunday, a day before he died, the Prophet [pbuh] set his slaves free, paid as a charity the seven Dinars he owned and gave his weapons as a present to the Muslims. So when night fell 'Aishah had to borrow some oil from her neighbour to light her oil-lantern.\n\nEven his armour was mortgaged as a security with a Jew for thirty Sa' (a cubic measure) of barley.\n\nIn a narration by Anas bin Malik, he said: \"While the Muslims were performing the dawn prayer on Monday - led by Abu Bakr, they were surprised to see the Messenger of Allah [pbuh] raising the curtain of 'Aishah's room. looking at them."
      },
      "geometry": {
        "type": "Point",
        "coordinates": [
          39.6155,
          24.502
        ]
      }
    },
    {
      "type": "Feature",
      "properties": {
        "id": "53",
        "title": "The Prophet Household",
        "year": 632,
        "category": "biography",
        "description": "1. Khadijah Bint Khuwailid: In Makkah - prior to Hijra - the Prophet's household comprised him [pbuh] and his wife Khadijah bint Khuwailid. He was twenty-five and she was forty when they got married. She was the first woman he married. She was the only wife he had till she died. He had sons and daughters with her. None of their sons lived long. They all died. Their daughters were Zainab, Ruqaiya, Umm Kulthum and Fatimah.\n\nZainab was married to her maternal cousin Abu Al-'As bin Al-Rabi' and that was before Al-Hijra. Ruqaiya and Umm Kulthum were both married to 'Uthman bin 'Affan successively (i.e. he married one after the death of her sister). Fatimah was married to 'Ali bin Abi Talib; and that was in the period between Badr and Uhud battles. The sons and daughters that Fatimah and 'Ali had were Al-Hasan, Al-Husain, Zainab and Umm Kulthum.\n\nIt is well-known that the Prophet [pbuh] was exceptionally authorized to have more than four wives for various reasons. The wives he married were thirteen. Nine of them outlived him. Two died in his lifetime: Khadijah and the Mother of the poor (Umm Al-Masakeen) - Zainab bint Khuzaima, besides two others with whom he did not consummate his marriage.\n\n2. Sawdah bint Zam'a: He married her in Shawwal, in the tenth year of Prophethood, a few days after the death of Khadijah. Prior to that, she was married to a paternal cousin of hers called As-Sakran bin 'Amr. 3. 'Aishah bint Abu Bakr: He married her in the eleventh year of Prophethood, a year after his marriage to Sawdah, and two years and five months before Al-Hijra. She was six years old when he married her. However, he did not consummate the marriage with her till Shawwal seven months after Al-Hijra, and that was in Madinah. She was nine then. She was the only virgin he married, and the most beloved creature to him. As a woman she was the most learn\u00e8d woman in jurisprudence. 4. Hafsah bint 'Umar bin Al-Khattab: She was Aiyim (i.e. husbandless). Her ex-husband was Khunais bin Hudhafa As-Sahmi in the period between Badr and Uhud battles. The Messenger of Allah [pbuh] married her in the third year of Al-Hijra. 5. Zainab bint Khuzaimah: She was from Bani Hilal bin 'Amir bin Sa'sa'a. Was nicknamed Umm Al-Masakeen, because of her kindness and care towards them. She used to be the wife of 'Abdullah bin Jahsh, who was martyred at Uhud, was married to the Prophet [pbuh] in the fourth year of Al-Hijra, but she died two or three months after her marriage to the Messenger of Allah [pbuh]. 6. Umm Salamah Hind bint Abi Omaiyah: She used to be the wife of Abu Salamah, who died in Jumada Al-Akhir, in the fourth year of Al-Hijra. The Messenger of Allah [pbuh] married her in Shawwal of the same year. 7. Zainab bint Jahsh bin Riyab: She was from Bani Asad bin Khuzaimah and was the Messenger's paternal cousin. She was married to Zaid bin Haritha - who was then considered son of the Prophet [pbuh] . However, Zaid divorced her. Allah sent down some Qur'anic verses with this respect:\n\n\"So when Zaid had accomplished his desire from her (i.e., divorced her), We gave her to you in marriage.\" [Al-Qur'an 33:37]\n\nAbout her, Allah has sent down some verses of Al-Ahzab Chapter that discussed the adoption of children in detail - anyway we will discuss this later. The Messenger of Allah [pbuh] married her in Dhul-Qa'dah, the fifth year of Al-Hijra.\n\n8. Juwairiyah bint Al-Harith: Al-Harith was the head of Bani Al-Mustaliq of Khuza'ah. Juwairiyah was among the booty that fell to the Muslims from Bani Al-Mustaliq. She was a portion of Thabit bin Qais bin Shammas' share. He made her a covenant to set her free at a certain time. The Messenger of Allah [pbuh] accomplished the covenant and married her in Sha'ban in the sixth year of Al-Hijra. 9. Umm Habibah: Ramlah, the daughter of Abu Sufyan. She was married to 'Ubaidullah bin Jahsh. She migrated with him to Abyssinia (Ethiopia). When 'Ubaidullah apostatized and became a Christian, she stoodfast to her religion and refused to convert. However 'Ubaidullah died there in Abyssinia (Ethiopia). The Messenger of Allah [pbuh] dispatched 'Amr bin Omaiyah AdDamri with a letter to Negus, the king, asking him for Umm Habibah's hand - that was in Muharram, in the seventh year of Al-Hijra. Negus agreed and sent her to the Prophet [pbuh] in the company of Sharhabeel bin Hasnah. 10. Safiyah bint Huyai bin Akhtab: From the Children of Israel, she was among the booty taken at Khaibar battle. The Messenger of Allah [pbuh] took her for himself. He set her free and married her after that conquest in the seventh year of Al-Hijra. 11. Maimunah bint Al-Harith: The daughter of Al-Harith, and the sister of Umm Al-Fadl Lubabah bint Al-Harith. The Prophet [pbuh] married her after the Compensatory 'Umrah (Lesser Pilgrimage). That was in Dhul-Qa'dah in the seventh year of Al-Hijra.\n\nThose were the eleven women that the Messenger of Allah [pbuh] had married and consummated marriage with them. He outlived two of them - Khadijah and Zainab, the Umm Al-Masakeen. Whereas the other nine wives outlived him.\n\nThe two wives that he did not consummate marriage with were, one from Bani Kilab and the other from Kindah and this was the one called Al-Jauniyah.\n\nBesides these, he had two concubines. The first was Mariyah, the Coptic (an Egyptian Christian), a present gift from Al-Muqauqis, vicegerent of Egypt - she gave birth to his son Ibrahim, who died in Madinah while still a little child, on the 28th or 29th of Shawwal in the year 10 A.H., i.e. 27th January, 632 A.D. The second one was Raihanah bint Zaid An-Nadriyah or Quraziyah, a captive from Bani Quraiza. Some people say she was one of his wives. However, Ibn Al-Qaiyim gives more weight to the first version. Abu 'Ubaidah spoke of two more concubines, Jameelah, a captive, and another one, a bondwoman granted to him by Zainab bint Jahsh. [Za'd AlMa'ad 1/29]\n\nWhosoever meditates on the life of the Messenger of Allah [pbuh], will conceive that his marriage to this great number of women in the late years of his lifetime, after he had almost spent thirty years of his best days of youth sufficing himself to one old wife - Khadijah and later on to Sawdah, was in no way an overwhelming lustful\n\ndesire to be satisfied through such a number of wives. These marriages were in fact motivated by aims and purposes much more glorious and greater than what normal marriages usually aim at.\n\nThe tendency of the Messenger of Allah [pbuh] towards establishing a relationship by marriage with both Abu Bakr and 'Umar and his marriage to 'Aishah and Hafsah - and getting his daughter Fatimah married to 'Ali bin Abi Talib, and the marriage of his two daughters, Ruqaiyah and Umm Kulthum to 'Uthman - indicate clearly that he aimed at confirming the relationship among the four men - whose sacrifices and great achievements in the cause of Islam are well-known.\n\nBesides this, there was that tradition of the Arabs to honour the in-law relations. For them a son or a daughter-in-law was a means by which they sought the consolidation of relationship and affection with various phratries. Hostility and fights against alliances and affinities would bring an unforgettable shame, disgrace and degradation to them.\n\nBy marrying the Mothers of believers, the Prophet [pbuh] wanted to demolish or break down the Arab tribes' enmity to Islam and extinguish their intense hatred. Umm Salamah was from Bani Makhzum - the clan of Abu Jahl and Khalid bin AlWaleed. Her marriage to the Messenger of Allah [pbuh] produced good results. Khalid's deliberately undecisive attitude at Uhud - for instance - was due to the Messenger's marriage to Umm Salamah. Khalid went even further than that, in a short time he willingly became a keen obedient Muslim.\n\nAfter the Messenger of Allah's marriage to Umm Habibah, Abu Sufyan, her father, did not encounter him with any sort of hostility. Similarly his marriage to Juwairiyah and Safiyah made the two tribes stop all sorts of provocation, aggression or hostility against Islam. Better still, Juwairiyah, herself, was one of the greatest sources of blessing to her own people. On the occasion of her marriage to the Prophet [pbuh], his Companions set a hundred families of her people free. They said: \"It is for their affinity with the Messenger of Allah [pbuh].\" No need to say what great good impression this gratitude had on everybody's soul. One of the greatest motives of all is Allah's bidding his Prophet to educate and purify the souls of people who had known nothing whatsoever about courtesy, education and culture. He had to teach them to comply with the necessities of civilization and to contribute to the solidification and the establishment of a new Islamic society.\n\nAn essential fundamental rule of the Muslim society is to prohibit mixing of men and women. Providing direct education for women, though highly compelling, is impossible in the light of this Islamic norm. Therefore, the Prophet [pbuh] had to select some women of different ages and talents, and indoctrinate them systematically in order to educate she-bedouins and townswomen, old and young, and thus furnish them with the instruments of propagating the true faith. The Mothers of believers (i.e. wives of the Prophet [pbuh]) were in such a convenient position that they could convey the state of the Prophet [pbuh] and his affairs to people (men and women). Being educated and taught the teachings and rules of Islam, his wives, especially those who outlived him, played a very important role in conveying Prophetic traditions Ahadith to the Muslims. 'Aishah, for instance, related a large number of the Prophet's deeds and statements.\n\nHis marriage to his paternal cousin Zainab bint Jahsh was a peculiar case which aimed at eradicating a deeply rooted pre-Islamic tradition - i.e. the adoption of children. In Al-Jahiliyah the Arabs used to consider an adopted person exactly like a real son or daughter as far as rights and sanctities are concerned. That Jahiliyah tradition had been so deeply rooted in their hearts that it was not easy to remove or uproot it. This tradition in fact affronts the basic principles of Islam; especially those concerned with marriage, divorce and inheritance and some other cases, and brought about lots of corruptions and indecencies. Naturally Islam stands against such deeds, and attempts to remove them from the Islamic society.\n\nFor the eradication of this tradition, Allah, the Exalted, bid His Messenger [pbuh] to marry his cousin Zainab bint Jahsh, who was an ex-wife to Zaid. She was at variance with Zaid to an extent that he intended to divorce her - that was at the time when the Confederates (Al-Ahzab) were making an evil alliance against the Messenger of Allah [pbuh] and against the Muslims. The Messenger of Allah [pbuh] feared that the hypocrites, the idolaters, and the Jews would make a propaganda out of it and try to influence some Muslims of weak hearts. That was why he urged Zaid not to divorce her, in order not to get involved into that trial.\n\nUndoubtedly this hesitation and partiality were alien to the character of the Prophet [pbuh] . They did not apply to the power of determination and will with which he had been sent. Allah, the Exalted, blamed him for that by saying:\n\n\"And (remember) when you said to him (Zaid bin Haritha - the freed slave of the Prophet [pbuh]) on whom Allah has bestowed grace (by guiding him to Islam) and you (O Muhammad [pbuh] too) have done favour (by manumitting him), 'Keep your wife to yourself, and fear Allah.' But you did hide in yourself (i.e. what Allah has already made known to you that He will give her to you in marriage) that which Allah will make manifest, you did fear the people (i.e. Muhammad [pbuh] married the divorced wife of his manumitted slave) whereas Allah had a better right that you should fear him.\" [Al-Qur'an 33:37]\n\nFinally Zaid divorced Zainab and the Messenger of Allah [pbuh] married her at the time he laid siege to Bani Quraiza. That was after she had finished her Iddat (i.e. period during which a widow or a divorcee may not remarry). Allah Himself had already ordained it, and so gave him no other alternative. Allah had even started the marriage Himself by saying:\n\n\"So when Zaid had accomplished his desire from her (i.e. divorced her), We gave her to you in marriage, so that (in future) there may be no difficulty to the believers in respect of (the marriage of) the wives of their adopted sons when the latter have no desire to keep them (i.e. they have divorced them).\" [Al-Qur'an 33:37]\n\nAnd that was in order to break down the tradition of child adoption in practice after He had done it in words:\n\n\"Call them (adopted sons) by (the names of) their fathers, that is more just near Allah.\" [Al-Qur'an 33:5]"
      },
      "geometry": {
        "type": "Point",
        "coordinates": [
          39.83909,
          21.42699
        ]
      }
    },
    {
      "type": "Feature",
      "properties": {
        "id": "54",
        "title": "The Prophet , Attributes and Manners",
        "year": 629,
        "category": "biography",
        "description": "The Prophet [pbuh], Attributes and Manners\n\nThe Prophet [pbuh] combined both perfection of creation and perfection of manners.\n\nThis impression on people can be deduced by the bliss that overwhelmed their hearts and filled them with dignity. Men's dignity, devotion and estimation of the Messenger of Allah [pbuh] were unique and matchless. No other man in the whole world has been so honoured and beloved. Those who knew him well, were fascinated and enchanted by him. They were ready to sacrifice their lives for the sake of saving a nail of his from hurt or injury. Being privileged by lots of prerogatives of perfection that no one else had been endowed with, his Companions found that he was peerless and so they loved him.\n\nHere we list a brief summary of the versions about his beauty and perfection. To encompass all which is, addmittedly, beyond our power.\n\nDescribing the Messenger of Allah [pbuh], who passed by her tent on his journey of migration, Umm Ma'bad Al-Khuza'iyah said to her husband:\n\n\"He was innocently bright and had broad countenance. His manners were fine. Neither was his belly bulging out nor was his head deprived of hair. He had black attractive eyes finely arched by continuous eyebrows. His hair glossy and black, inclined to curl, he wore long. His voice was extremely commanding. His head was large, well formed and set on a slender neck. His expression was pensive and contemplative, serene and sublime. The stranger was fascinated from the distance, but no sooner he became intimate with him than this fascination was changed into attachment and respect. His expression was very sweet and distinct. His speech was well set and free from the use of superfluous words, as if it were a rosary of beads. His stature was neither too high nor too small to look repulsive. He was a twig amongst the two, singularly bright and fresh. He was always surrounded by his Companions. Whenever he uttered something, the listeners would hear him with rapt attention and whenever he issued any command, they vied with each other in carrying it out. He was a master and a commander. His utterances were marked by truth and sincerity, free from all kinds of falsehoods and lies.\"[Za'd Al-Ma'ad 2/45]\n\nAli bin Abi Talib describing him said: \"The Messenger of Allah [pbuh] was neither excessively tall nor extremely short. He was medium height among his friends. His hair was neither curly nor wavy. It was in between. It was not too curly nor was it plain straight. It was both curly and wavy combined. His face was not swollen or meaty-compact. It was fairly round. His mouth was white. He had black and large eyes with long haired eyelids. His joints (limbs) and shoulder joints were rather big. He had a rod-like little hair extending from his chest down to his navel, but the rest of his body was almost hairless. He had thick hand palms and thick fingers and toes. At walking, he lifted his feet off the ground as if he had been walking in a muddy remainder of water. When he turned, he turned all. The Prophethood Seal was between his shoulders. He is the Seal of Prophets, the most generous and the bravest of all.\n\nHis speech was the most reliable. He was the keenest and the most attentive to people's trust and was very careful to pay people's due in full. The Prophet [pbuh] was the most tractable and the most yielding companion, seeing him unexpectedly you fear him and venerate him. He who has acquaintance with him will like him. He who describes him says:\n\n'I have never seen such a person neither before nor after seeing him.' \" [Ibn Hisham 1/401; Jami' At-Tirmidhi 4/303]\n\nJabir bin Samurah reported that Allah's Messenger [pbuh] had a broad face with reddish (wide) eyes and lean heels. [Sahih Al-Muslim 2/258]\n\nAbu At-Tufail said: \"He was white, good-looking. He was neither fat nor thin; neither tall nor short.\"\n\nAnas bin Malik said: \"He had unfolded hands and was pink-coloured. He was neither white nor brown. He was rather whitish. In both his head and beard there were as many as twenty grey hairs, besides some grey hairs at his temples.\" In another version: \"and some scattered white hairs in his head.\" [Sahih Al-Bukhari 1/502]\n\nAbu Juhaifa said: \"I have seen some grey colour under his lower lip.\" Al-Bara' said: \"He was of medium height, broad-shouldered, his hair went up to his earlobes. I saw him dressed in a red garment and I (assure you) I have never seen someone more handsome. At first he used to let his hair loose so as to be in compliance with the people of the Book; but later on he used to part it.\" [ibid 1/503]\n\nAl-Bara' also said: \"He had the most handsome face and the best character.\" When he was asked: \"Was the Messenger's face sword-like?\" \"No,\" he said: \"it was moon-like.\" But in another version: he said, \"His face was round.\" Ar-Rabi' bint Muawwidh said: \"Had you seen him, you would have felt that the sun was shining.\" Jabir bin Samurah said, \"I saw him at one full-moony night. I looked at him. He was dressed in a red garment. I compared him with the moon and found that - for me - he was better than the moon.\" [Mishkat Al-Masabeeh 2/518]\n\nAbu Huraira said: \"I have never seen a thing nicer than the Messenger of Allah [pbuh]. It seems as if the sunlight were moving within his face. I have never seen one who is faster in pace than the Messenger of Allah [pbuh]. It seemed as if the earth had folded itself up to shorten the distance for him. For we used to wear ourselves out while he was at full ease.\" [ibid 2/518]\n\nKa'b bin Malik said: \"When he was pleased, his face would shine with so bright light that you would believe that it was a moon-piece.\" [Sahih Al-Bukhari 1/502] Once he sweated hot at 'Aishah's, and the features of his face twinkled; so I recited a poem by Abu Kabeer Al-Hudhali:\n\n\"If you watch his face-features, you will see them twinkling like the lightning of an approaching rain.\" [Rahmat-ul-lil'alameen 2/72]\n\n\"He is faithful, chosen (by Allah), and calls for forgiveness. He shines like a full-moon light when it is far from dark (clouds).\" [Khulasa As-Siyar p.20]\n\n'Umar used to recite verses by Zuhair describing Haram bin Sinan:\n\n\"Were you other than a human being, you would be a lighted moon at a full-moon night.\"\n\nThen he would add: \"Thus was the Messenger of Allah [pbuh]. [ibid]\n\nWhen he got angry his face would go so red that you would think it were \"an inflected red skin-spot with pomegranate grains on both cheeks.\" [Mishkat Al-Masabeeh 1/22]\n\nJabir bin Samurah said: \"His legs were gentle, delicate and in conformity. His laughter is no more than smiling. Looking at him will make you say 'He is black-eyed though he is not so.'\" [Jami' At-Tirmidhi 4/306]\n\nIbn Al-'Abbas said: \"His two front teeth were splitted so whenever he speaks, light goes through them. His neck was as pure and silvery as a neck of doll. His eyelids were long haired but his beard was thick. His forehead was broad; but his eyebrows were like the metal piece attached to a lance, but they were unhorned. His nose was high-tipped, middle-cambered with narrow nostrils. His cheeks were plain, but he had (little hair) running down like a rod from his throat to his navel. He had hair neither on his abdomen nor on his chest except some on his arms and shoulders. His chest was broad and flatted. He had long forearms with expansive palms of the hand. His legs were plain straight and stretching down. His other limbs were straight too. The two hollows of his soles hardly touch the ground. When he walks away he vanishes soon; but he walks at ease (when he is not in a hurry). The way he walks seems similar to one who is leaning forwards and is about to fall down.\" [Khulasa As-Siyar p.19,20]\n\nAnas said: \"I have never touched silk or a silky garment softer than the palm of the Prophet's [pbuh]; nor have I smelt a perfume or any scent nicer than his.\" In another version, \"I have never smelt ambergris nor musk nor any other thing sweeter than the scent and the smell of the Messenger of Allah [pbuh].\"\n\nAbu Juhaifa said: \"I took his hand and put it on my head and I found that it was colder than ice and better scented than the musk perfume.\" [Sahih Al-Bukhari 1/503]\n\nJabir bin Samurah - who was a little child then - said: \"When he wiped my cheek, I felt it was cold and scented as if it had been taken out of a shop of a perfume workshop.\" [Sahih Muslim 2/256]\n\nAnas said, \"His sweat was pearl-like.\" Umm Sulaim said: \"His sweat smelt nicer than the nicest perfume.\"\n\nJabir said: \"Whoever pursues a road that has been trodden by the Messenger of Allah [pbuh], will certainly scent his smell and will be quite sure that the Messenger of Allah [pbuh] has already passed it.\" The Seal of Prophethood, which was similar in size to a pigeon's egg, was between his shoulders on the left side having spots on it like moles. [ibid 2/259]\n\nThe Prophet [pbuh] was noted for superb eloquence and fluency in Arabic. He was remarkable in position and rank. He was an accurate, unpretending straightforward speaker. He was well-versed in Arabic and quite familiar with the dialects and accents of every tribe. He spoke with his entertainers using their own accents and dialects. He mastered and was quite eloquent at both bedouin and town speech. So he had the strength and eloquence of bedouin language as well as the clarity and the decorated splendid speech of town. Above all, there was the assistance of Allah embodied in the revealed verses of the Qur'an.\n\nHis stamina, endurance and forgiveness - out of a commanding position - his patience and standing what he detested - these were all talents, attributes and qualities Allah Himself had brought him on. Even wise men have their flaws, but the Messenger of Allah [pbuh], unlike everybody, the more he was hurt or injured, the more clement and patient he became. The more insolence an ignorant anybody exercised against him the more enduring he became.\n\n\"The Messenger of Allah [pbuh], whenever he is given the opportunity to choose between two affairs, he always chooses the easiest and the most convenient. But if he is certain that it is sinful, he will be as far as he could from it. He has never avenged himself; but when the sanctity of Allah is violated he would. That would be for Allah's not for himself. He is the last one to get angry and the first to be satisfied. His hospitality and generosity were matchless. His gifts and endowments manifest a man who does not fear poverty.\" [Sahih Al-Bukhari 1/503]\n\nIbn'Abbas said: \"The Prophet [pbuh] was the most generous. He is usually most generous of all times in Ramadan, the times at which the angel Gabriel [AWS] comes to see him. Gabriel used to visit him every night of Ramadan and review the Qur'an with him. Verily the Messenger of Allah [pbuh] is more generous at giving bounty or charity than the blowing wind.\"\n\n\"The Prophet [pbuh] would never deny anything he was asked for.\"[Sahih AlBukhari 1/503]\n\nHis courage, his succour and his might are distinguishable. He was the most courageous. He witnessed awkward and difficult times and stoodfast at them. More than once brave men and daring ones fled away leaving him alone; yet he stood with full composure facing the enemy without turning his back. All brave men must have experienced fleeing once or have been driven off the battlefield at a round at a time except the Prophet [pbuh]. 'Ali said: \"Whenever the fight grew fierce and the eyes of fighters went red, we used to resort to the Prophet [pbuh] for succour. He was always the closest to the enemy.\" [As-Shifa 1/89]\n\nAnas said: \"One night the people of Madinah felt alarmed. People went out hurriedly towards the source of sound, but the Prophet [pbuh] had already gone ahead of them. He was on the horseback of Abu Talhah which had no saddle over it, and a sword was slung round his neck, and said to them: 'There was nothing to be afraid for.'\" [Sahih Al-Bukhari 1/407; Sahih Muslim 2/252]\n\nHe was the most modest and the first one to cast his eyes down. Abu Sa'\u00eed Al-Khudri said: \"He was shier than a virgin in her boudoir. When he hates a thing we read it on his face. [Sahih Al-Bukhari 1/504] He does not stare at anybody's face. He always casts his eyes down. He looks at the ground more than he looks sky-wards. His utmost looks at people are glances. He is willingly and modestly obeyed by everybody. He would never name a person whom he had heard ill-news about - which he hated. Instead he would say: 'Why do certain people do so....'\"\n\nAl-Farazdaq verse of poem fits him very much and the best one to be said of:\n\n\"He casts his eyes modestly but the eyes of others are cast down due to his solemnity, and words issue out of his mouth only while he is smiling.\"\n\nThe Prophet [pbuh] is the most just, the most decent, the most truthful at speech, and the honestest of all."
      },
      "geometry": {
        "type": "Point",
        "coordinates": [
          39.60766,
          24.47553
        ]
      }
    }
  ]
}